-- phpMyAdmin SQL Dump
-- version 3.3.2deb1
-- http://www.phpmyadmin.net
--
-- Servidor: localhost
-- Tiempo de generación: 04-04-2011 a las 14:11:25
-- Versión del servidor: 5.1.41
-- Versión de PHP: 5.3.2-1ubuntu4.5

SET SQL_MODE="NO_AUTO_VALUE_ON_ZERO";


/*!40101 SET @OLD_CHARACTER_SET_CLIENT=@@CHARACTER_SET_CLIENT */;
/*!40101 SET @OLD_CHARACTER_SET_RESULTS=@@CHARACTER_SET_RESULTS */;
/*!40101 SET @OLD_COLLATION_CONNECTION=@@COLLATION_CONNECTION */;
/*!40101 SET NAMES utf8 */;

--
-- Base de datos: `agesene`
--

-- --------------------------------------------------------

--
-- Estructura de tabla para la tabla `acciones_de_trabajo`
--

CREATE TABLE IF NOT EXISTS `acciones_de_trabajo` (
  `id` int(11) NOT NULL AUTO_INCREMENT,
  `fk_tipo_accion` int(11) NOT NULL,
  `fk_cliente` int(11) NOT NULL,
  `fk_usuario` varchar(15) NOT NULL,
  `fecha` int(11) DEFAULT NULL,
  `fecha_siguiente_accion` int(11) DEFAULT NULL,
  `descripcion` text,
  `leida` int(1) NOT NULL DEFAULT '0',
  PRIMARY KEY (`id`)
) ENGINE=InnoDB  DEFAULT CHARSET=utf8 AUTO_INCREMENT=171 ;

--
-- Volcar la base de datos para la tabla `acciones_de_trabajo`
--

INSERT INTO `acciones_de_trabajo` (`id`, `fk_tipo_accion`, `fk_cliente`, `fk_usuario`, `fecha`, `fecha_siguiente_accion`, `descripcion`, `leida`) VALUES
(8, 1, 247, 'jose.sanchez', 1289257200, NULL, 'abc', 0),
(9, 1, 247, 'jose.sanchez', 1289257200, NULL, 'abc', 0),
(10, 1, 5, 'jsanchez', 1285711200, NULL, 'abc', 0),
(11, 1, 5, 'jsanchez', 1285711200, NULL, 'abc', 0),
(12, 1, 5, 'jsanchez', 1285711200, NULL, 'abc', 0),
(13, 1, 6, 'jsanchez', 1285711200, NULL, 'abc', 0),
(14, 1, 6, 'jsanchez', 1285711200, NULL, 'abc', 0),
(15, 1, 6, 'jsanchez', 1285711200, NULL, 'abc', 0),
(16, 1, 7, 'jsanchez', 1285711200, NULL, 'abc', 0),
(17, 1, 7, 'jsanchez', 1285711200, NULL, 'abc', 0),
(18, 1, 7, 'jsanchez', 1285711200, NULL, 'abc', 0),
(19, 8, 249, 'esther.martin', 1289430000, 1294614000, '- Acción realizada:\r\n\r\nVISITA. NO ESTÁN INTERESADOS EN IMPLANTAR NADA. DICE QUE LA CALIDAD LA LLEVAN ELLOS. TIENEN SU SISTEMA PROPIO. DE TODAS FORMAS COMENTARA CON GERENCIA Y SI LES INTERESA NOS LLAMARÁ\r\n\r\n- Siguiente acción a realizar:\r\n\r\nLLAMAR EN ENERO', 0),
(20, 8, 250, 'esther.martin', 1289430000, 1289862000, '- Acción realizada:\r\nVISITA INFORMACIÓN DEJADO CATALOGO DE DOROS. EL GERENTE ESTA EN LA FERIA INTERNACIONAL DE BARCELONA. SON CONCESIONARIO YAMAHA Y JEANNEAU.\r\n\r\n\r\n- Siguiente acción a realizar: \r\nLLAMAR LA SEMANA PRÓXIMA PARA SABER INTERES. GRAN CONCESIONARIO DE YATES...', 0),
(21, 8, 251, 'esther.martin', 1289343600, NULL, '- Acción realizada:\r\nVISITA INFORMACIÓN. NO ESTAN CERTIFICADOS EN 14001. DICE QUE REPSOL LES ACTUALIZA TODO Y CUANDO NECESITAN ALGO LOS LLAMAN Y SE LO GESTIONAN.\r\n\r\n\r\n- Siguiente acción a realizar:', 0),
(22, 8, 252, 'esther.martin', 1289343600, NULL, '- Acción realizada:\r\nVISITA. INSTALADORES DE GAS. SON SERVICIO OFICIAL DE GAS. DICE QUE NO ESTAN OBLIGADOS A TENER NINGUNA CERTIFICACIÓN POR LEY. LE HABLAMOS DE MEDIOAMBIENTE.\r\n\r\n\r\n- Siguiente acción a realizar:', 0),
(23, 8, 252, 'esther.martin', 1289343600, NULL, '- Acción realizada:DICE QUE MIENTRAS NO LE OBLIGIEN POR LEY NO HACE NADA. LE HABLAMOS DE MEDIOAMBIENTE. DICE QUE SI LE OBLIGAN NOS LLAMARÁ.\r\n\r\n\r\n\r\n- Siguiente acción a realizar:', 0),
(24, 8, 253, 'esther.martin', 1289430000, 1290380400, '- Acción realizada:\r\nVISITADA, LA PERSONA DE CONTACTO (ISABEL) ESTA DE BAJA. PUEDEN ESTAR INTERESADOS EN 9001+14001.\r\n\r\n\r\n- Siguiente acción a realizar:\r\n\r\nLLAMAR PARA VOLVER A VISITAR', 0),
(25, 8, 254, 'esther.martin', 1289430000, 1289775600, '- Acción realizada:\r\nESTAN CERTIFICADOS EN LA 9001 CON BUREAU. LICITAN CON LA ADMINISTRACION, POR ESO SE CERTIFICARON. PUEDE INTERESARLES LA 14001. PREFIERE HABLAR DE ELLO TRANQUILAMENTE, LE LLEGA UN TRAILER Y NO PUEDE SEGUIR ATENDIENDONOS. \r\n\r\n- Siguiente acción a realizar:\r\n\r\nLLAMAR LA SEMANA PRÓXIMA PARA QUEDAR, COMENTAR SUBVENCIONES Y TOMAR DATOS PARA PRESUPUESTO', 0),
(26, 8, 255, 'esther.martin', 1289430000, 1289775600, '- Acción realizada:\r\n ES UN OBRADOR DE PASTELERÍA. HACEN PRODUCTOS TÍPICOS DE HUELVA (HORNAZOS, BIZCOCHOS, PESTIÑOS, ETC). SU PRINCIPAL CLIENTE ES EL JAMÓN Y OTROS SUPER MAS PEQUEÑOS, COMERCIOS, ETC. ELABORAR PPTO DE 22000 Y 14001. USAN LOS CREDITOS PERO DICE QUE LOS MALGASTAN POR NO PERDERLOS PQ SON MUY PESADAS LAS EMPRESAS DE FORMACIÓN.\r\n\r\n- Siguiente acción a realizar:\r\n\r\nLLAMAR PARA LLEVAR PPTO', 0),
(27, 8, 256, 'esther.martin', 1289430000, 1289775600, '- Acción realizada:\r\nNO HA IDO A TRABAJAR HOY ROCIO, QUE ES LA PERSONA QUE LO LLEVA (ESTA ENFERMA). SON PROVEEDORES DE PEQUEÑOS COMERCIOS, PANADERIA. NOS ATIENDE EL JEFE (CREO QUE ERA EL DUEÑO) PERO NOS DICE QUE MEJOR HABLEMOS CON LA NIÑA\r\n\r\n\r\n- Siguiente acción a realizar:\r\n\r\nLLAMAR PARA VISITAR CUANDO ESTE ROCIO', 0),
(28, 7, 257, 'esther.martin', 1289343600, NULL, '- Acción realizada:\r\nRECOGEMOS DOCUMENTACIÓN PARA ENTREGAR EN IDEA. UNA VEZ ENTREGADA LES DEVOLVEMOS LOS ORIGINALES\r\n\r\n\r\n- Siguiente acción a realizar:', 0),
(29, 7, 258, 'esther.martin', 1289170800, NULL, '- Acción realizada:\r\n\r\nVISITA DE SEGUIMIENTO. SU PRINCIPAL CLIENTE ES RAFAEL MORALES Y HA DECLARADO SUSPENSIÓN DE PAGO, LES DEBEN MUCHO DINERO. SIGUEN QUERIENDO CERTIFICARSE PERO VAN A VER COMO EVOLUCIONA TODO. SEGURAMENTE EL AÑO PRÓXIMO.  \r\n\r\n- Siguiente acción a realizar:', 0),
(30, 7, 259, 'esther.martin', 1289430000, 1292194800, '- Acción realizada:\r\nESTAN MUY INTERESADOS EN LA 22000+14001, PERO NO QUIEREN METERSE AHORA MISMO PORQUE ACABAN DE TERMINAR UNA GRAN INVERSIÓN PARA ACONDICIONARLO TODO Y CUMPLIR CON SANIDAD. EN UNOS MESES QUIEREN EMPEZAR POR LO QUE PIDEN QUE MANTENGAMOS EL CONTACTO.\r\n\r\n- Siguiente acción a realizar:\r\n\r\nSEGUIMIENTO MENSUAL. LLAMAR EN ENERO', 0),
(31, 5, 260, 'esther.martin', 1289257200, 1289862000, '- Acción realizada:\r\n\r\nLLEVADO PRESUPUESTO, LE PARECE INTERESANTE. LO MIRARA TRANQUILAMENTE\r\n\r\n- Siguiente acción a realizar:\r\n\r\nLLAMAR LA SEMANA PRÓXIMA', 0),
(32, 5, 261, 'esther.martin', 1289257200, 1289775600, '- Acción realizada:\r\n\r\nLLEVAMOS OFERTA PERO EL HIJO SE HA IDO ENFERMO Y EL PADRE (DUEÑO) PREFIERE QUE LO VEAMOS CON SU HIJO.\r\n\r\n- Siguiente acción a realizar:\r\n\r\nLLAMAR LA SEMANA PRÓXIMA', 0),
(33, 1, 125, 'jose.sanchez', 1289862000, 1297810800, '- Acción realizada:\r\nContacto telefónico con José Trigueros. Muy receptivo, pero ahora no tienen actividad. Cuando tengan carga de trabajo puede que este asunto les interese. Llamar en 2-3 meses\r\n\r\n\r\n- Siguiente acción a realizar:\r\nLlamar', 0),
(34, 6, 126, 'jose.sanchez', 1289862000, 1289862000, '- Acción realizada:\r\n\r\n\r\n\r\n- Siguiente acción a realizar:', 0),
(35, 1, 130, 'jose.sanchez', 1289862000, 1290466800, '- Acción realizada:\r\nHe hablado con recepción. Emilio está de baja.\r\n\r\n\r\n- Siguiente acción a realizar:\r\nLlamr semana siguiente', 0),
(36, 1, 131, 'jose.sanchez', 1289862000, NULL, '- Acción realizada:\r\nLa central está en Sevilla\r\n\r\n\r\n- Siguiente acción a realizar:', 0),
(37, 1, 132, 'jose.sanchez', 1289862000, 1290034800, '- Acción realizada:\r\nHe hablado con un empleado. La gerencia se encuentra en La Palma del Condado.\r\n\r\n\r\n- Siguiente acción a realizar:\r\nLlamar al gerente: Pedro', 0),
(38, 1, 126, 'jose.sanchez', 1289862000, 1290034800, '- Acción realizada:\r\nHe hablado con recepción. El hotel no pertenece a ninguna cadena. El gerente viene de tarde en tarde y prefieren que se le envíe información por mail.\r\n\r\n\r\n- Siguiente acción a realizar:\r\nEnviar mail informativo', 0),
(48, 1, 265, 'jose.sanchez', 1290121200, NULL, 'abc', 0),
(49, 1, 265, 'jose.sanchez', 1290121200, NULL, 'abc', 0),
(50, 1, 265, 'jose.sanchez', 1290121200, NULL, 'abc', 0),
(51, 4, 259, 'esther.martin', 1296687600, 1300402800, '- Acción realizada:\r\n\r\nhablamos con Alejandro y nos indica que no van a hacer nada hasta que se acerque el verano. \r\n- Siguiente acción a realizar:\r\n\r\nQuedamos en volver a llamar en uno-dos meses. Avisar cuando se habra cualquier subvención.', 0),
(52, 3, 755, 'esther.martin', 1296687600, 1298934000, '- Acción realizada:\r\n\r\nHablamos con el en diciembre, nos indica que no puede atendernos porque tiene mucho lío por las fiestas, pero que le interesa. Llamamos hoy de nuevo y nos dice que está muy liado por tema de enfermedades de su familia, pero que realmente no le interesa mucho nada de calidad. \r\n\r\n- Siguiente acción a realizar: Quedamos en volver a llamrle pasado un tiempo por si cambia de opinión, necesita LOPD, APPCC, etc... entrar por tema de formación o subvenciones a ver si nos atiende. Cliente interesante tiene 4-5 tiendas en Andalucía, almacen de Mayor y el Restaurante Varadero.', 0),
(53, 3, 756, 'esther.martin', 1296687600, 1296774000, '- Acción realizada:\r\nINTENTAMOS CONTACTAR CON JUAN ORTEGA PARA CONCERTAR VISITA\r\n\r\n\r\n- Siguiente acción a realizar:\r\n\r\nLLAMAR MAÑANA A LAS 9 PARA INTENTAR CONCERTAR VISITA.', 0),
(54, 3, 757, 'esther.martin', 1296687600, 1296774000, '- Acción realizada:\r\nDEJADO CATALOGO Y TARJETA.Estaban en una feria.\r\n\r\n\r\n- Siguiente acción a realizar:\r\nllamar para concertar cita.', 0),
(55, 3, 757, 'esther.martin', 1296687600, 1296687600, '- Acción realizada:\r\n\r\nno puede atendernos\r\n\r\n- Siguiente acción a realizar:\r\n\r\nllamar esta tarde para concertar visita', 0),
(56, 4, 758, 'esther.martin', 1296687600, 1301608800, '- Acción realizada:\r\n\r\nVISITADO PERO NO PUEDE ATENDERNOS, DEJAMOS CATALOGO Y TARJETA. LE LLAMAMOS POR TELEFONO, POR EL MOMENTO NO LE INTERESA NADA YA QUE SUS CLIENTES NO LE PIDEN NINGUN TIPO DE CERTIFICACION Y SU EMPRESA DESTACA POR LA CALIDAD, NO EXPORTAN. ACTUALMENTE SU MERCADO ES NACIONAL. NOS PIDE QUE LE LLAMEMOS EN UN PAR DE MESES POR SI LA SITUACIÓN HUBIERA CAMBIADO.\r\n\r\n- Siguiente acción a realizar:\r\n\r\nLLAMAR EN UN PAR DE MESES', 0),
(57, 7, 759, 'esther.martin', 1296687600, 1297033200, '- Acción realizada:\r\n\r\nPOR PROBLEMAS PERSONALES SE VA A TOMAR UN PAR DE DIAS.\r\n\r\n- Siguiente acción a realizar:\r\n\r\nLLAMAR EL LUNES E INTENTAR VISITAR', 0),
(58, 7, 260, 'esther.martin', 1296687600, 1297119600, '- Acción realizada:\r\nVISITADO, NO PUEDE ATENDERNOS, QUEDA EN LLAMARNOS, DICE QUE NO HA VISTO AUN EL PPTO.\r\nLE LLAMAMOS Y NOS DICE QUE MEJOR NOS DEVUELVE LA LLAMADA.VOLVEMOS A LLAMAR HOY, NO PUEDE ATENDERNOS, DICE QUE NOS LLAMARA\r\n\r\n\r\n- Siguiente acción a realizar:\r\n\r\nLLAMAR O VISITAR LA SEMANA PRÓXIMA', 0),
(59, 7, 261, 'esther.martin', 1296687600, 1297119600, '- Acción realizada:\r\nVOLVEMOS A VISITARLE EN DICIEMBRE, NOS DICE QUE QUIERE CERRAR LA LOPD, LLAMAMOS EN VARIAS OCASIONES SIN PODER CONTACTAR CON EL. POR FALTA DE TIEMPO PARA TRAMITAR LOS CREDITOS. FINALMENTE LO VISITAMOS Y NOS DICE QUE HAN DESPEDIDO POR PROBLEMAS ECONÓMICOS AL PERSONAL QUE TENÍAN Y QUE SOLO TIENEN UNO A MEDIA JORNADA (SU MADRE). MEDIADOS DE DICIEMBRE, NO DA TIEMPO POR FORCEM. PREFIERE DEJARLO TODO PARA EL AÑO PRÓXIMO Y PLANTEARSE LA CERTIFICACIÓN JUNTO CON LOPD.\r\n\r\n\r\n- Siguiente acción a realizar:\r\n\r\nVOLVER A LLAMAR PARA SABER POR DONDE VA EL VIENTO...', 0),
(60, 4, 759, 'esther.martin', 1297638000, 1297724400, '- Acción realizada:\r\nno esta\r\n\r\n\r\n- Siguiente acción a realizar:\r\n\r\nvolver a llamar para retomar 14001', 0),
(61, 6, 763, 'esther.martin', 1297810800, 1297983600, '- Acción realizada:\r\n\r\nNAVE CERRADA. PARECE NO TENER ACTIVIDAD\r\n\r\n- Siguiente acción a realizar:\r\n\r\nAVERIGUAR QUE PASA CON FRUTAS MORTESOL', 0),
(62, 8, 764, 'esther.martin', 1297810800, 1298242800, '- Acción realizada:\r\nTIENEN IMPLANTADO UNE 155000.DICE QUE LE CONVALIDA EL GLOBAL GAP.\r\n\r\n\r\n- Siguiente acción a realizar:\r\nQUEDAMOS EN PASAR A VISITARLA DE NUEVO LA SEMANA PRÓXIMA TIENE MUCHO LIO ESTOS DÍAS, LLAMAR LUNES', 0),
(63, 8, 765, 'esther.martin', 1297119600, NULL, '- Acción realizada:\r\nNO TIENEN ACTIVIDAD\r\n\r\n\r\n- Siguiente acción a realizar:', 0),
(64, 8, 766, 'esther.martin', 1297119600, 1297292400, '- Acción realizada:\r\n\r\nNO PUEDE ATENDERNOS, VOLVER EN OTRO MOMENTO\r\n\r\n- Siguiente acción a realizar:\r\n\r\nVOLVER A VISITAR, LLAMAR ANTES', 0),
(65, 4, 766, 'esther.martin', 1297724400, 1298329200, '- Acción realizada:\r\n\r\nHABLAMOS CON ALFONSO, DEJAMOS CATÁLOGO NUESTRO Y DE FORMACIÓN DE BUREAU, TIENEN GLOBAL GAP EN ALGUNAS FINCAS, PRODUCCIÓN INTEGRADA EN OTRAS, QUEDAMOS EN VOLVER A LLAMAR YA QUE VA A DARLE LA INFORMACIÓN A ALGUNOS SOCIOS INTERESADOS.\r\n\r\n- Siguiente acción a realizar:\r\n\r\nLLAMAR POR SI HUBIERA ALGUN SOCIO INTERESADO', 0),
(66, 8, 767, 'esther.martin', 1297810800, 1298242800, '- Acción realizada:\r\n\r\nVISITADO, NO CONSEGUIMOS VER AL GERENTE, PERO ES POSIBLE QUE NO TENGAN HECHA LOPD\r\n\r\n- Siguiente acción a realizar:\r\n\r\nLLAMAR DE NUEVO A VER SI CONSEGUIMOS CONTACTAR CON ANTONIO', 0),
(67, 4, 768, 'esther.martin', 1297292400, 1298242800, '- Acción realizada:\r\nTIENEN DEPARTAMENTO PROPIO DE CALIDAD. DEJAMOS CATALOGO DE DOROS Y DE FORMACIÓN (PUEDE INTERESARLES LA FORMACIÓN)\r\n\r\n\r\n- Siguiente acción a realizar:\r\n\r\nVOLVER A LLAMAR, PREGUNTAR POR JESUS.', 0),
(68, 8, 768, 'esther.martin', 1298242800, NULL, '- Acción realizada:\r\n\r\n\r\n\r\n- Siguiente acción a realizar:', 0),
(69, 8, 769, 'esther.martin', 1297119600, 1297810800, '- Acción realizada:\r\n\r\nVISITADO, HABLAMOS CON ANTONIO, PUEDE INTERESARLES ALGO, TENEMOS QUE HABLAR CON JUAN BEAS QUE LLEVA VENTAS, PARA QUE NOS DIGA SI NECESITAN IFS, BRC...\r\n\r\n- Siguiente acción a realizar:\r\n\r\nLLAMAR DE NUEVO PARA HABLAR CON JUAN BEAS.', 0),
(70, 3, 769, 'esther.martin', 1298242800, 1298329200, '- Acción realizada:\r\nQUIERE MIRAR LA DOC QUE LE DEJAMOS\r\n\r\n\r\n- Siguiente acción a realizar:\r\n\r\nVOLVER A LLAMAR', 0),
(71, 8, 770, 'esther.martin', 1297897200, 1298329200, '- Acción realizada:\r\n\r\nVISITADO, DEJADO CATALOGO. LA RESPONSABLE DE CALIDAD ESTA LIADA. VOLVER A LLAMAR EN OTRO MOMENTO\r\n\r\n- Siguiente acción a realizar:\r\n\r\nLLAMAR A ANGELA, LLEVA CALIDAD POR SI PUEDE ATENDERNOS', 0),
(72, 4, 771, 'esther.martin', 1298242800, 1299020400, '- Acción realizada:\r\n\r\nLE LLEVAMOS OFERTA DE Q POR 9860 € EN OCTUBRE. LE LLAMAMOS PARA HACER SEGUIMIENTO Y VER CÓMO VA EL TEMA. ESTA MUY LIADO\r\n\r\n- Siguiente acción a realizar:\r\n\r\nLLAMAR LA SEMANA PRÓXIMA', 0),
(73, 8, 772, 'esther.martin', 1297033200, NULL, '- Acción realizada:\r\n\r\nAhora mismo no va a hacer nada. No sabe si tiene LOPD pero no puede gastar nada. Tiene mucho dinero en la calle. Lo hablará con su Asesoría y nos llamará, prefiere que no le llamemos.\r\n\r\n\r\n- Siguiente acción a realizar:', 0),
(74, 4, 773, 'esther.martin', 1297983600, 1300402800, '- Acción realizada:\r\n\r\nPUEDEN ESTAR INTERESADOS, PERO AHORA MISMO NO. ACTUALMENTE LA SITUACIÓN ESTÁ COMPLICADA Y NO SE LO PIDEN LAS GRANDES SUPERFICIES CON LAS QUE TRABAJAN. LLAMAR EN UNOS MESES.\r\n\r\n- Siguiente acción a realizar:\r\n\r\nLLAMAR EL MES PRÓXIMO O CUANDO SALGA LA SUBVENCIÓN. DICE QUE ESTÁN PEOR QUE EN VERANO. NO ESTÁN PASANDO POR BUEN MOMENTO. INTENTAR QUEDAR PARA HACER PRESUPUESTO...', 0),
(75, 8, 774, 'esther.martin', 1297897200, 1298588400, '- Acción realizada:\r\nQUIEREN HACER IFS EN CITRICOS, COMENZARON A HACER ISO 22000, TIENEN MUCHOS PROCEDIMIENTOS. HAN QUEDADO CON AGROCOLOR PARA QUE LES PASE PRECIO Y DECIRLE LO QUE TIENEN HECHO. NOS LLAMARAN EL VIERNES 25.\r\n\r\n\r\n- Siguiente acción a realizar:\r\n\r\nLLAMAR, SI NO RECIBIMOS LLAMADA EL VIERNES.', 0),
(76, 8, 775, 'esther.martin', 1297724400, 1298329200, '- Acción realizada:\r\nVISITADO, NO ESTA EL GERENTE.\r\n\r\n\r\n- Siguiente acción a realizar:\r\n\r\nOFRECER LOPD, POSIBLEMENTE NO LO TENGAN HECHO', 0),
(77, 8, 776, 'esther.martin', 1297983600, NULL, '- Acción realizada:\r\nNOS ATIENDE LA CHICA DE ADMINISTRACION. DICE QUE TIENEN HECHA LOPD Y QUE NO CREE QUE LE INTERESE NADA A SU JEFE. VENTA A PEQUEÑAS FRUTERIAS. \r\n\r\n\r\n- Siguiente acción a realizar:', 0),
(78, 8, 777, 'esther.martin', 1297119600, NULL, '- Acción realizada:\r\n\r\nPREPARAR CAMPAÑA PARA ENVIARLA A LA ASOCIACIÓN. \r\n\r\n- Siguiente acción a realizar:\r\n\r\nPREPARAR CAMPAÑA Y ENVIAR INFORMACIÓN A MOISES.', 0),
(79, 7, 777, 'esther.martin', 1298242800, 1299106800, '- Acción realizada:\r\n\r\n\r\n\r\n- Siguiente acción a realizar:\r\n\r\nPREPARAR CAMPAÑA', 0),
(80, 8, 778, 'esther.martin', 1297292400, 1298934000, '- Acción realizada:\r\nENTREGAMOS DOCUMENTACIÓN DE DOROS Y DE FORMACIÓN. GUADALUPE ES LA RESPONSABLE DE CALIDAD Y LO HACE TODO ELLA. PERO ES POSIBLE QUE LE INTERESE ALGUN CURSO DE APPCC O DE CALIDAD. LO MIRARA Y NOS LLAMARÁ DARLE TIEMPO QUE TIENE MUCHO LIO.\r\n\r\n\r\n- Siguiente acción a realizar:\r\n\r\nLLAMARLA PARA SABER SI LES INTERESA ALGO DE FORMACION', 0),
(81, 8, 780, 'esther.martin', 1297206000, 1297983600, '- Acción realizada:\r\nINTERESADOS EN LOPD. ALMACEN DE VENTA DE FRUTAS SOLO NACIONAL. NO LES INTERESA NINGUNA NORMA. HABLAR CON ANA. ESTAN MUY OCUPADOS\r\n\r\n\r\n- Siguiente acción a realizar:\r\n\r\nLLAMAMOS A ANA EN VARIAS OCASIONES, ESTA MUY LIADA. PASAR A VERLA.', 0),
(82, 5, 780, 'esther.martin', 1298242800, 1298415600, '- Acción realizada:\r\nÍNTENTAR CONTACTAR CON ANA, SE LE LLAMA POR LA MAÑANA Y POR LA TARDE PERO ESTA LIADA. INTENTAR HABLAR EL MIERCOLES, SINO ENTREGA DIRECTA DE PPTO.\r\n\r\n\r\n- Siguiente acción a realizar:\r\n\r\nENTREGAR OFERTA, OJO ESTÁN PENDIENTE DE OTRO PPTO DE MPE.', 0),
(83, 8, 757, 'esther.martin', 1298242800, 1316556000, '- Acción realizada:\r\n\r\nESTAN QUE ECHAN CHISPAS. HA SALIDO NUEVA LEY DE INSPECCION A LAS EMPRESAS NAUTICAS, NO ESTÁN MUY CONTENTOS CON ZAPATERO. MAL MOMENTO, PUEDE SER UNA BUENA EMPRESA PARA CUANDO SALGAMOS DE LA CRISIS. TIENE HECHA LOPD Y NOS PREGUNTAN PARA QUÉ QUEREMOS SABERLO. \r\n\r\n- Siguiente acción a realizar:\r\n\r\nLLAMAR DENTRO DE VARIOS MESES.', 0),
(84, 4, 770, 'esther.martin', 1298934000, NULL, '- Acción realizada:\r\n\r\nllamar para ver si puede atendernos mañana por la tarde\r\n\r\n- Siguiente acción a realizar:\r\n\r\nintentar visitar', 0),
(85, 8, 609, 'esther.martin', 1298329200, 1298934000, '- Acción realizada:\r\nTIENE QUE MARCHARSE. NO PUEDE ATENDERNOS.\r\n\r\n\r\n- Siguiente acción a realizar:\r\n\r\nLLAMAR ANTES DE IR DE NUEVO, BUEN MOMENTO, EN DOS MESES CAMBIAN DE NAVE. ES POSIBLE QUE QUIERAN ENTRAR EN GRANDES SUPERFICIES.', 0),
(86, 8, 609, 'esther.martin', 1298934000, 1299020400, '- Acción realizada:\r\n\r\nQUEDAMOS MAÑANA\r\n\r\n- Siguiente acción a realizar:\r\n\r\nVISITAR A LAS 17 H.', 0),
(87, 8, 596, 'esther.martin', 1298329200, 1299020400, '- Acción realizada:\r\n\r\nHABLAMOS CON ADMINISTRACIÓN. NOS FACILITAN TELÉFONO TÉCNICA LUCIA 618745288. TIENEN GLOBAL GAP, PRODUCCION INTEGRADA, BRC,... DESDE HACE MUCHOS AÑOS. DEJAMOS CATÁLOGO DE FORMACIÓN Y DOROS\r\n\r\n- Siguiente acción a realizar:\r\n\r\nLLAMAR PARA VER SI LE INTERESA ALGÚN CURSO.', 0),
(88, 8, 782, 'esther.martin', 1298415600, NULL, '- Acción realiza\r\nVISITADO. HABLAMOS CON LOS DUEÑOS SON HERMANOS. DICE QUE TIENEN TODO LEGAL, PERO QUE NO LES INTERESA NADA PORQUE SÓLO FABRICAN 3 MESES, EL RESTO DEL AÑO LA EMPRESA ESTA CERRADA. VER SI ES NECESARIO MARCADO CE. SÓLO APLICA LEGISLACIÓN ESPECÍFICA NADA MÁS.\r\n\r\n\r\n- Siguiente acción a realizar:', 0),
(89, 8, 783, 'esther.martin', 1298502000, 1300748400, '- Acción realizada:\r\n\r\nELVIRA NOS INDICA QUE TIENEN GLOBAL GAP Y TESCONATURE CHOICE. SE PLANTEAN HACER IFS EN UN FUTURO PRÓXIMO PERO TODAVIA NO. PREFIERE NO LE LLEVEMOS PPTO HASTA NO ESTAR SEGURO DE HACER.\r\n\r\n- Siguiente acción a realizar:\r\n\r\nLLAMAR O VISITAR CUANDO ABRAN PLAZO DE SUBVENCIONES, MANTENER CONTACTO.', 0),
(90, 7, 784, 'esther.martin', 1298329200, 1299538800, '- Acción realizada:\r\n\r\nVISITADO EN DOS OCASIONES. TIENEN GLOBAL GAP EN OTRA FINCA DE SU PROPIEDAD. QUIEREN IMPLANTAR GLOBAL GAP, CON VARIOS AGRICULTORES. LLEVAR PPTO. VISITAR CON TECNICO QUE LE INDIQUE SI TIENEN QUE HACER ALGUNA OBRA. POR EL MOMENTO NO LES INTERESARÍA YA QUE LA NAVE ES ALQUILADA POR UN AÑO.\r\nTRAEN LA FRUTA ENVASADA DE CAMPO CON SUS CAJAS Y TODO. ELLOS NO TIENEN CAMPO.\r\n\r\n- Siguiente acción a realizar:\r\n\r\nLLEVAR PPTO GLOBAL GAP E IFS Y VISITAR CON TECNICO.', 0),
(91, 8, 579, 'esther.martin', 1298415600, 1299020400, '- Acción realizada:\r\n\r\nNO PUEDEN ATENDERNOS TIENEN SEGUIMIENTO DE CERTIF DE GLOBAL GAP EL DÍA SIGUIENTE. PASAR DE NUEVO Y LLAMAR ANTES. HABLAR CON CARMEN, YA QUE HABLAMOS CON JESUS Y NOS DIJO QUE NOS PSARAMOS PERO ES CARMEN LA QUE ATIENDE.\r\n\r\n- Siguiente acción a realizar:\r\n\r\nLLAMAR ANTES DE PASARNOS DE NUEVO', 0),
(92, 8, 581, 'esther.martin', 1298415600, 1299020400, '- Acción realizada:\r\n\r\nESTA MUY LIADA CON VARIOS SOCIOS Y NO PUEDE ATENDERNOS EN ESE MOMENTO, PERO LE INTERESA REUNIRSE CON NOSOTROS.\r\n\r\n- Siguiente acción a realizar:\r\n\r\nLLAMAR ANTES PARA CONCERTAR VISITA CON CONCHA.', 0),
(93, 8, 647, 'esther.martin', 1298502000, 1299538800, '- Acción realizada:\r\nREUNIMOS CON GERENTE. ERAN OPCH, PERO LA JUNTA LOS DESCALIFICO HACE UN PAR DE MESES, YA QUE LAS FINCAS SON FAMILIARES. GRAN EMPRESA. PRECIOSAS INSTALACIONES. HAN COMENZADO EL MES PASADO A HACER GLOBAL GAP CON UNA CONSULTORA DESCONOCIDA PARA MI, NO LES COBRAN POR EL MOMENTO HASTA QUE NO SALGA LA SUBVENCIÓN. LES INTERESA TRAZABILIDAD YA QUE AL CAMBIAR NECSITAN NUEVOS PROGRAMAS INFORMATICOS.\r\nEMPRESA INTERESANTE PARA OFRECER MÁS ADELANTE IFS-BRC.MANTENER CONTACTO.\r\nSU HIJA TIENE 12 AÑOS Y PINTA. CUADRO DE CABALLOS VA A PONER EN SU DESPACHO.\r\n\r\n- Siguiente acción a realizar:\r\n\r\nMANTENER CONTACTO. INTERESA TRAZABILIDAD', 0),
(94, 8, 639, 'esther.martin', 1298502000, 1299020400, '- Acción realizada:\r\nPOR EL MOMENTO NO QUIEREN HACER NADA. PERO SI LES INTERESARÁ EN UN FUTURO PRÓXIMO HACER BRC-IFS, AHORA NO. SI PUEDE INTERESARLES FORMACIÓN. DEJAMOS CATALOGO Y ENVIAREMOS CORREO CON CATALOGO PDF DE DOROS. \r\n\r\n\r\n- Siguiente acción a realizar:\r\n\r\nENVIAR MAIL CON CATALOGO, PARA QUE ELLA LO REMITA A SU DIRECCIÓN.', 0),
(95, 8, 638, 'esther.martin', 1298329200, 1300748400, '- Acción realizada:\r\nTIENEN GLOBAL GAP. ESTEFANIA CONOCE A ELISABET NUESTRA TECNICO. COMENZARON A HACER IFS EL AÑO PASADO, PERO AL FINAL LO DEJARON. POR EL MOMENTO NO QUIEREN RETOMARLO.\r\n\r\n\r\n- Siguiente acción a realizar:\r\n\r\nSEGUIR EN CONTACTO, PARA OFERTAR IFS MAS ADELANTE', 0),
(96, 8, 641, 'esther.martin', 1298329200, NULL, '- Acción realizada:\r\nTIENEN GLOBAL GAP, BRC, PRODUCC INTEGR,... TRABAJAN CON ALBATROS Y AGROCOLOR.\r\n\r\n\r\n- Siguiente acción a realizar:', 0),
(97, 5, 784, 'esther.martin', 1299798000, 1300143600, '- Acción realizada:\r\nVISITA TECNICA REALIZADA, LE LLEVAREMOS INFORME DE LO QUE TEDRÍAN QUE MODIFICAR Y PRESUPUESTO. \r\n\r\n\r\n- Siguiente acción a realizar:\r\n\r\nENTREGAR OFERTA GLOBAL GAP', 0),
(98, 5, 774, 'esther.martin', 1299711600, 1299798000, '- Acción realizada:\r\n\r\nLLEVAMOS PPTO, PERO NO PUEDE ATENDERNOS.ESTA MUY LIADO. \r\n\r\n- Siguiente acción a realizar:\r\n\r\nVOLVER VIERNES A PRIMERA HORA A ENTREGAR OFERTA', 0),
(99, 5, 774, 'esther.martin', 1299970800, 1300143600, '- Acción realizada:\r\n\r\nTAMPOCO PUEDE ATENDERNOS, ESTA SUPERLIADO Y LE GUSTARÍA DEDICARNOS UN RATO.\r\n\r\n- Siguiente acción a realizar:\r\n\r\nLLAMAR MARTES POR LA MAÑANA A VER SI PUDIERA ATENDERNOS', 0),
(100, 5, 774, 'esther.martin', 1299970800, NULL, '- Acción realizada:\r\n\r\nAGROCOLOR LES HA PASADO PRECIO DE 400X12 EL IFS Y LES HA DADO INFORME DE LO QUE TENDRÍAN QUE MODIFICAR CON EL IFS.\r\n\r\n- Siguiente acción a realizar:', 0),
(101, 8, 609, 'esther.martin', 1299538800, 1299711600, '- Acción realizada:\r\nVISITAMOS A LAS 17H PERO CUANDO LLEGAMOS ACABABA DE MARCHARSE, NOS DEJAN RECADO PARA QUE LE LLAMEMOS EN OTRO MOMENTO.\r\n\r\n\r\n- Siguiente acción a realizar:\r\n\r\nLLAMAR PARA CONCERTAR NUEVA VISITA', 0),
(102, 8, 609, 'esther.martin', 1299798000, 1300057200, '- Acción realizada:\r\nHAN COMENZADO LA MUDANZA A LA NUEVA NAVE Y ESTA MUY LIADO, VUELVE A NO PODER ATENDERNOS, LLAMAR EL LUNES\r\n\r\n\r\n- Siguiente acción a realizar:\r\n\r\nLLAMAR Y CONCERTAR NUEVA VISITA, DICE ESTAR INTERESADO.', 0),
(103, 5, 761, 'esther.martin', 1299625200, 1300143600, '- Acción realizada:\r\nQUEDAMOS PARA ENTREGAR LA OFERTA, NO PUEDE ATENDERNOS POR LO QUE QUEDAMOS EN IR POR LA TARDE.\r\n\r\n\r\n- Siguiente acción a realizar:\r\n\r\nVUELVE A O PODER ATENDERNOS, SON DIAS COMPLICADOS ESTABA CON UN CLIENTE. LLAMAR LA SEMANA SIGUIENTE', 0),
(104, 8, 787, 'esther.martin', 1299970800, NULL, '- Acción realizada:\r\n\r\nINFORMAMOS AL DUEÑO DE LA EMPRESA QUE ACABA DE PASAR MEDIOAMBIENTE Y LE HA HECHO UNA FOTO A UAS BOMBONAS QUE HAY EN LA PUERTA. LE INFORMAMOS QUE LLEVAMOS TAMBIÉN TEMAS MEDIOAMBIENTALES, LEY DE PROTECCION DE DATOS. POR EL MOMENTO NO VAN A HACER NADA PERO SI TIENEN QUE HACER ALGO NOS LLAMARAN\r\n\r\n- Siguiente acción a realizar:', 0),
(105, 8, 637, 'esther.martin', 1299538800, 1300057200, '- Acción realizada:\r\nPUEDE INTERESARLES, PERO CUANDO LLEGAMOS ACABABAN DE SALIR. DIAS COMPLICADOS POR LA CAMPAÑA.\r\n\r\n\r\n- Siguiente acción a realizar:\r\n\r\nLLAMAR PARA VISITAR DE NUEVO.', 0),
(106, 8, 697, 'esther.martin', 1299711600, 1300057200, '- Acción realizada:\r\nHACEN SOBRETODO MERCADO NACIONAL. NO LES PIDEN NINGUNA CERTIFICACION AUNQUE ES POSIBLE QUE LES INTERESE ALGO PARA UN NUEVO CULTIVO QUE VAN A EMPEZAR DE GRANADOS. \r\n\r\n\r\n- Siguiente acción a realizar:\r\n\r\nENVIAR INFORMACIÓN POR MAIL PARA QUE PUEDA PASARLA AL GERENTE. UA VEZ ENVIADO LLAMAR EN UN PAR DE SEMANAS.', 0),
(107, 8, 764, 'esther.martin', 1299625200, 1300057200, '- Acción realizada:\r\nVISITAMOS Y HABLAMOS CON EL GERENTE: SR. ORTA. TIENEN PRODUCCION INTEGRADA Y UNE 155000, VENDEN FRESONES A SUIZA E ITALIA, TODOS DE MÁXIMA CATEGORIA. QUIERE CONTROLAR LA CALIDAD DEL PRODUCTO, PASARLE PRECIO DE IFS, NOS INDICA QUE YA LO HA SOLICITADO A OTRAS EMPRESAS.\r\n40-50 TRABAJADORES EN CAMPAÑA ALTA. VENDEN MUCHÍSIMO A INDUSTRIA YA QUE SU CLIENTE ES MUY EXIGENTE.\r\n\r\n- Siguiente acción a realizar:\r\n\r\nLLEVAR PRESUPUESTO DE IFS. NOS PIDE QUE SE LO ENVIEMOS POR MAIL, INTENTAREMOS LLEVARLO.', 0),
(108, 8, 788, 'esther.martin', 1299798000, 1300143600, '- Acción realizada:\r\n\r\nTRAS VARIOS INTENTOS, NOS REUNIMOS CON LA SOBRINA DEL DUEÑO, QUE ES LA QUE LO LLEVA TODO. NOS EXPLICA QUE NO NOS ATENDIO EL DIA ANTERIOR PORQUE TUVIERON UNA INSPECCION DE TRABAJO Y LE HAN SANCIONADO, SEGÚN EL INSPECTOR POR INTENTAR ESCONDER A DOS TRABAJADORES. ACABAN DE CREAR LA EMPRESA, NO TIENEN REGISTRO SANITARIO, NI RIA, NI LOPD. QUEDAMOS EN LLEVARLE PRESUPUESTO DE TODO. LES INTERESA TAMBIEN GLOBAL GAP AUNQUE DICEN QUE ES MUCHO TRABAJO.\r\n\r\n- Siguiente acción a realizar:\r\n\r\nPRESENTAR OFERTAS. REGISTRO SANITARIO PUEDEN TENER DE LA NAVE SOLO TENDRÍAN QUE PONERLO A SU NOMBRE, LO CONFIRMARAN.', 0),
(109, 8, 646, 'esther.martin', 1299538800, 1302213600, '- Acción realizada:\r\nTIENEN GLOBAL GAP, MERCADO ALEMÁN E ITALIANO, POR EL MOMENTO NO LES INTERESA NADA, CON GLOBAL GAP LO TIENEN TODO CUBIERTO. \r\n\r\n\r\n- Siguiente acción a realizar:\r\n\r\nLLAMAR EN UNAS SEMANAS, DICE QUE SI LO SOLICITA SU CLIENTE ALEMAN NOS LLAMARÍA', 0),
(110, 4, 770, 'esther.martin', 1300057200, 1300057200, '- Acción realizada:\r\n\r\nVolver a retomar e intentar visita\r\n\r\n- Siguiente acción a realizar:\r\n\r\nVisita?', 0),
(111, 8, 404, 'esther.martin', 1299625200, 1304892000, '- Acción realizada:\r\n\r\nTienen GLOBAL y pasan del resto. Por ahora ada. Tienen una consultora, creo que Jose Luis.\r\n\r\n- Siguiente acción a realizar:\r\n\r\nRetomamos?', 0),
(112, 5, 785, 'esther.martin', 1299798000, 1300834800, '- Acción realizada:\r\n\r\nLe presentamos tod. Le parece caro el precio de GLOBAL GAP. Estuvieron todos (la familia). Al final quedo mas o menos convencido, pero lo tiene que hablar con su hermano y ver cuando acaba el tecnico que le lleva el RS para definir. No sabe cuando puede decidirse. Lo llamamos en un par de semanas\r\n\r\n- Siguiente acción a realizar:\r\n\r\nFirmamos?', 0),
(113, 7, 771, 'esther.martin', 1299798000, 1300230000, '- Acción realizada:\r\n\r\nVisita de cortesia para ver LOPD y hacer seguimiento de la Q y tambien vemos el tema del curso de RISOTERAPIA\r\n\r\n- Siguiente acción a realizar:\r\n\r\nCerrar co ESPACIO DE LUZ de Sevilla los costes, alumos, sesiones,.... y EUROS y nosotros lo bonificamos con FORCEM.', 0),
(114, 7, 762, 'admin', 1299538800, 1300143600, '- Acción realizada:\r\n\r\nHablamos con encarni y quedamos en hablar la semana del 14 para cerrar o no\r\n\r\n- Siguiente acción a realizar:\r\n\r\nFirmamos?', 0),
(115, 7, 780, 'esther.martin', 1299625200, 1300057200, '- Acción realizada:\r\n\r\nno nos reciben. \r\n\r\n- Siguiente acción a realizar:\r\n\r\nMandar e-mail con precio final a ver si asi conseguimos visita para cerrarlo', 0),
(116, 4, 774, 'esther.martin', 1300143600, 1300316400, '- Acción realizada:\r\nCONFIRMAMOS VISITA, NO PUEDE ATENDERNOS, QUEDAMOS EL JUEVES A LAS 13H.\r\n\r\n\r\n- Siguiente acción a realizar:\r\n\r\nENTREGA OFERTA JUEVES 13H, CONFIRMAR ANTES', 0),
(117, 4, 793, 'esther.martin', 1300143600, 1300316400, '- Acción realizada:\r\n\r\nNOS COMENTO QUE LE INTERESABA RETOMAR EL PROYECTO PORQUE RECIBIA UN DINERO, PERO NO ATIENDE EL TELF.\r\n\r\n- Siguiente acción a realizar:\r\n\r\nINTENTAR VISITA EL JUEVES.', 0),
(118, 4, 793, 'esther.martin', 1300143600, 1300316400, '- Acción realizada:\r\n\r\nNOS COMENTO QUE LE INTERESABA RETOMAR EL PROYECTO PORQUE RECIBIA UN DINERO, PERO NO ATIENDE EL TELF.\r\n\r\n- Siguiente acción a realizar:\r\n\r\nINTENTAR VISITA EL JUEVES.', 0),
(119, 4, 790, 'esther.martin', 1300143600, 1300662000, '- Acción realizada:\r\n\r\nSE LE HA COMPLICADO LA SEMANA. EL JUEVES SE VA A GRANADA CON SU MUJER.\r\n\r\n- Siguiente acción a realizar:\r\n\r\nLLAMAR EL LUNES PARA CONCRETAR VISITA.', 0),
(120, 7, 791, 'esther.martin', 1300143600, 1305496800, '- Acción realizada:\r\nBELEN NOS COMENTA QUE LA SITUACIÓN ES MALA, ESTÁN ESPERANDO QUE ENTREN UNOS SOCIOS Y QUE DEN UNA INYECCIÓN ECONOMICA PORQUE SINO VAN A TENER QUE CERRAR. \r\n\r\n\r\n- Siguiente acción a realizar:\r\n\r\nQUEDAMOS EN HABLAR EN DOS-TRES MESES, SI ENTRAN LOS NUEVOS SOCIOS CASI SEGURO QUE LES INTERESA CERTIFICARSE TENDRAN TESORERIA PARA MOVERSE.', 0),
(121, 7, 328, 'esther.martin', 1300230000, 1308175200, '- Acción realizada:\r\nEL PADRE DE JUAN SE NIEGA A IMPLANTAR AHORA MISMO, DICE QUE PARA EL AÑO PRÓXIMO, QUE CON LA 9001 Y 14, TIENE SUFICIENTE Y QUE REALMENTE NO LE APORTA NADA. \r\nLE ENTREGAMOS LOS CERTIFICADOS DEL CURSO DE MANIPULADOR. \r\n\r\n\r\n- Siguiente acción a realizar:\r\n\r\nESTAR PENDIENTE DE LAS SUBVENCIONES Y LLAMAR EN UNOS MESES.', 0),
(122, 4, 759, 'esther.martin', 1300230000, NULL, '- Acción realizada:\r\nNO VAN A HACER NADA POR EL MOMENTO. EL HOTEL QUE SE LO PEDÍA AHORA HA CENTRALIZADO LAS COMPRAS Y LAS HACE NACIONAL. SI EN ALGUN MOMENTO LO NECESITARA NOS LLAMARÁ PERO POR EL MOMENTO NO LO NECESITAN. \r\n\r\n\r\n- Siguiente acción a realizar:', 0),
(123, 4, 759, 'esther.martin', 1300230000, 1308175200, '- Acción realizada:\r\n\r\n\r\n\r\n- Siguiente acción a realizar:\r\n\r\nVER COMO VA TODO EN JUNIO-JULIO', 0),
(124, 8, 775, 'esther.martin', 1300230000, 1300662000, '- Acción realizada:\r\nNO TIENE HECHA LOPD, NI VA A HACERLA, DICE QUE EN MENOS DE 5 AÑOS SE ACABARA EL SECTOR AGRARIO EN HUELVA (ADIOS A LAS FRESAS DE LEPE) LA PRODUCCION ES MAS BARATA EN MARRUECOS Y ASI CON TODO.\r\nENVIARLE POR MAIL PRESENTACIÓN CON DATOS YA QUE TIENE UN CLIENTE INTERESADO EN HACER ALGO DE CALIDAD EN FINCA Y ALMACÉN.\r\n\r\n\r\n- Siguiente acción a realizar:\r\n\r\nQUEDAMOS EN HABLAR LUNES PARA VER SI LE HA ENVIADO MAIL A SU CLIENTE O SI NOS FACILITA LOS DATOS', 0),
(125, 8, 253, 'esther.martin', 1300230000, 1300662000, '- Acción realizada:\r\n\r\nES POSIBLE QUE LES INTERESE ALGUNA CERTIFICACION MAS ADELANTE, PERO NO AHORA MISMO. SI LE INTERESA UN CURSO DE TACÓGRAFOS PARA SUS CONDUCTORES, QUIERE QUE LE PASEMOS PRECIO PARA SABER CUANTOS CONDUCTORES LO PODRÍAN HACER A TRAVÉS DE LOS FORCEM.\r\n\r\nLE DEJAMOS CATALOGO BUREAU V.\r\n\r\n- Siguiente acción a realizar:\r\n\r\nPREPARAR PPTO DE CURSO UNA VEZ SEPAMOS LOS CREDITOS REALES DEL 2011. HAY UN PAR DE EMPRESAS MAS QUE LE PRESENTARA PPTO.', 0),
(126, 8, 794, 'esther.martin', 1300230000, 1300662000, '- Acción realizada:\r\n\r\nERAN PDS DE ENDESA HASTA JUNIO. HABLAMOS DEL C.A.T. DE ENDESA, DICE QUE LES AYUDABA MUCHO. \r\nHAN INSCRITO LOS FICHEROS DE DATOS ELLOS MISMOS, PERO DICE QUE NO HAN HECHO MUCHO MÁS. HABLARA CON EL GERENTE PARA QUE NOS ATIENDA. NO TIENEN HECHO NADA EN CALIDAD NI MEDIOAMBIENTE.\r\n\r\n- Siguiente acción a realizar:\r\n\r\nLLAMAR LUNES UNA VEZ SEPAMOS RUTA DE LEPE.', 0),
(127, 8, 795, 'esther.martin', 1300230000, NULL, '- Acción realizada:\r\n\r\nTIENEN HECHA LOPD. NO LES INTERESA NADA MÁS. SITUACIÓN CAOTICA.\r\n\r\n- Siguiente acción a realizar:', 0),
(128, 8, 796, 'esther.martin', 1300230000, 1302472800, '- Acción realizada:\r\n\r\nNO TIENEN LOPD PERO VAN A ADAPTAR ELLOS MISMOS LA EMPRESA, DICE QUE HA RECIBIDO LA FORMACIÓN NECESARIA PARA HACERLO. PUEDE INTERESARLES UN SISTEMA DE CALIDAD, PERO NO ES LO PRIORITARIO. LO HARÁN SOLO SI LES SALE GRATIS Y NO AHORA MISMO. ESTAN RECORTANDO DE TODOS LADOS PARA PODER SUBSISTIR. ACABAN DE TERMINAR LA CLASIFICACIÓN EMPRESARIAL. \r\nLE HABLAMOS DE QUE TENER ISO PUEDE ABRIRLE PUERTAS PARA LICITACIÓN (DICE QUE NO ES SU PRINCIPAL NEGOCIO)\r\n\r\n- Siguiente acción a realizar:\r\n\r\nLLAMAR MÁS ADELANTE O SI HAY POSIBILIDAD DE COSTE 0 REAL.', 0),
(129, 8, 797, 'esther.martin', 1300230000, 1300662000, '- Acción realizada:\r\n\r\nESTAN INTERESADOS EN TODO LO QUE SEA MEJORAR LA EMPRESA. SE DEDICAN A LA DEPURACION Y COMERCIALIZACION DE MOLUSCOS Y CRUSTACEOS. \r\nES PRESIDENTE DE LA ASOCIACION DE CULTIVADORES Y TIENEN PARCELAS DE ACUIFEROS EN ISLA Y AYAMONTE. (VER ASOCIACION)\r\nESTA ENFADADISIMO CON LA JUNTA (CON MEDIOAMBIENTE Y CON PESCA Y YA HA PUESTO VARIAS RECLAMACIONES) LLEVA 20 AÑOS EN EL SECTOR.\r\nME COMENTA QUE EL 14 ABRIERON LA VEDA DE LA COQUINA Y LA HAN CERRADO DOS DIAS DESPUES, EL MUNDO ESTA LOCO.\r\nSU MERCADO ES NACIONAL.\r\n\r\n- Siguiente acción a realizar:\r\n\r\nPREPARAR PPTO DE 9+14 PARA LA EMPRESA Y MEDIOAMBIENTE PARA LA ASOCIACIÓN.', 0),
(130, 8, 798, 'esther.martin', 1300230000, 1300662000, '- Acción realizada:\r\nEL PRESIDENTE ES EL GERENTE DE RIA CARRERAS SL, QUERRÍAN CERTIFICAR EN CALIDAD MEDIOAMBIENTAL??? A LA ASOCIACIÓN Y A LAS PARCELAS ACUIFERAS (3 EN AYAMONTE Y 4 EN ISLACRISTINA)\r\n\r\n\r\n- Siguiente acción a realizar:\r\n\r\nPREPARAR OFERTA, BUSCAR SUBVENCIÓN, QUIEREN PRESENTEMOS ALGUNA POSIBILIDAD DE COSTE 0 PARA ASOCIACIÓN O LO MENOS POSIBLE...', 0),
(131, 3, 770, 'esther.martin', 1300143600, 1300316400, '- Acción realizada:\r\n\r\nNO PODEMOS CONTACTAR CON ANGELA, ESTA OCUPADA\r\n\r\n- Siguiente acción a realizar:\r\n\r\nLLAMAR PARA VISITAR VIERNES.', 0),
(132, 5, 774, 'esther.martin', 1300316400, 1300834800, '- Acción realizada:\r\nENTREGADA OFERTA, LE HA PARECIDO BASTANTE BIEN EL IMPORTE DEL PPTO IFS\r\n\r\n\r\n- Siguiente acción a realizar:\r\n\r\nQUEDAMOS EN LLAMARLE LA SEMANA PRÓXIMA.', 0),
(133, 7, 362, 'esther.martin', 1300316400, NULL, '- Acción realizada:\r\n\r\nVISITA DE CORTESIA, PRESENTAMOS DOROS. TODO BIEN. NOS DA UN PAR DE REFERENCIAS.\r\n\r\n- Siguiente acción a realizar:', 0),
(134, 8, 799, 'esther.martin', 1300316400, 1300748400, '- Acción realizada:\r\nESTE AÑO NO VAN A HACER NADA DE CALIDAD, ESTAN INTENTANDO MANTENERSE A FLOTE CON RESTRICCION DE GASTOS. SOLO HARÁN LO IMPRESCINDIBLE.  \r\nNO TIENEN HECHA LOPD, SE LO ESTÁ MOVIENDO SU ASESORÍA. QUEDAMOS EN PASARLE PRECIO DE TODAS FORMAS. \r\nHABLAMOS CON ELLOS (DELIA) Y NOS DICE QUE ESTÁN COLABORANDO CON ANTEA Y QUE NO LES INTERESA COLABORAR CON NADIE MAS.\r\n\r\n\r\n- Siguiente acción a realizar:\r\n\r\nENTREGAR PPTO.', 0),
(135, 8, 800, 'esther.martin', 1300316400, 1300402800, '- Acción realizada:\r\nHABLAMOS CON PILAR (TRABAJADORA SOCIAL) NOS DICE QUE TENEMOS QUE HABLAR CON LETICIA (JEFA DE SERVICIOS GENERALES). NOS DA CITA POR LA TARDE. PASAMOS A VERLA PERO COMO HA ESTADO EL FIN DE SEMANA DE GUARDIA, SE HA PILLADO LA TARDE LIBRE.  \r\nQUIEREN AMPLIAR PARA SER CENTRO DE DIA. AHORA ES EDIA LA QUE LO LLEVA.\r\n\r\n- Siguiente acción a realizar:\r\n\r\nLLAMAR VIERNES MAÑANA, VOLVER A INTENTAR HABLAR CON EDIA.', 0),
(136, 3, 800, 'esther.martin', 1300402800, 1300662000, '- Acción realizada:\r\n\r\nhablamos con Leticia Jefa de Servicio, quedamos en visitar lunes 10.30\r\n\r\n- Siguiente acción a realizar:\r\n\r\nvisita lunes 10.30', 0),
(137, 4, 790, 'esther.martin', 1300748400, 1301263200, '- Acción realizada:\r\n\r\ntiene la semana muy liada. \r\n\r\n- Siguiente acción a realizar:\r\n\r\nLlamar Lunes', 0),
(138, 3, 770, 'esther.martin', 1300748400, 1304373600, '- Acción realizada:\r\n\r\ncontactamos con Angela. Nos dice que va a estar liada y que se va un mes de vacaciones. \r\n\r\n- Siguiente acción a realizar:\r\n\r\nRetomar en Mayo', 0),
(139, 3, 637, 'esther.martin', 1300748400, 1300834800, '- Acción realizada:\r\nNos dijeron que llamaramos por la tarde, pero salta el contestador.\r\n\r\n\r\n- Siguiente acción a realizar:\r\n\r\nllamar por la mañana', 0),
(140, 4, 793, 'esther.martin', 1300748400, 1301263200, '- Acción realizada:\r\nllamamos en numerosas ocasiones. no coge el telefono. hablamos con el en el fijo y queda en volver a llamarnos. Parece interesarle pero luego no coge el teléfono.\r\n\r\n\r\n- Siguiente acción a realizar:\r\n\r\nesperar llamada sino intentar de nuevo. Plantear el envío de mail con el Ppto.', 0),
(141, 4, 771, 'esther.martin', 1300748400, 1300834800, '- Acción realizada:\r\n\r\nno se encuentra hoy\r\n\r\n- Siguiente acción a realizar:\r\n\r\nllamar', 0),
(142, 3, 801, 'esther.martin', 1300748400, NULL, '- Acción realizada:\r\nDESPUES DE MESES LLAMANDO PARA INTENTAR CONCERTAR UNA VISITA, NO NOS COGIAN TELF, QUEDABAN EN LLAMAR Y NO DEVOLVIAN LA LLAMADA. ROCIO CISCART PERSONA DE CONTACTO SE VA DE PERMISO DE BODA Y CONSEGUIMOS HABLAR CON LA PERSONA A LA QUE HA DEJADO A CARGO (CHARI)\r\nNOS CUENTA QUE ESTAN TRABAJANDO CON UNA EMPRESA DE SEVILLA. \r\n\r\n\r\n- Siguiente acción a realizar:', 0),
(143, 8, 800, 'esther.martin', 1300662000, 1300921200, '- Acción realizada:\r\n\r\nQUEDAMOS A LAS 10.30. ESTA REUNIDA DICE QUE TARDARA MEDIA HORA. NOS DICEN QUE VA A RETRASARSE, VOLVEMOS A LAS 11.30, NOS DICEN QUE VOLVAMOS A LAS 12. TAMPOCO PUEDE ATENDERNOS PORQUE HA ENTRADO A COMEDOR.\r\n\r\n- Siguiente acción a realizar:\r\n\r\nVOLVER A VISITAR 10.30', 0),
(144, 8, 802, 'esther.martin', 1300748400, NULL, '- Acción realizada:\r\nmiraran catalogo, si les interesa o quieren hacer algo nos llamaran. Prefieren que no les estemos llamando.\r\n\r\n\r\n- Siguiente acción a realizar:', 0),
(145, 8, 802, 'esther.martin', 1300748400, NULL, '- Acción realizada:\r\n\r\nestan implantando ellos mismos la LOPD.\r\n\r\n- Siguiente acción a realizar:', 0),
(146, 8, 803, 'esther.martin', 1300748400, NULL, '- Acción realizada:\r\n\r\nNO VAN A HACER NADA POR EL MOMENTO. SI NECESITAN ALGO SE PONDRÁN EN CONTACTO CON NOSOTROS. \r\n\r\n- Siguiente acción a realizar:', 0),
(147, 8, 804, 'esther.martin', 1300748400, NULL, '- Acción realizada:\r\n\r\nESTAN ADAPTANDO ELLOS MISMOS LA EMPRESA A LA LOPD. POR EL MOMENTO Y COMO ESTA LA SITUACION NO VAN A HACER NADA.\r\n\r\n- Siguiente acción a realizar:', 0),
(148, 5, 784, 'esther.martin', 1300662000, 1301263200, '- Acción realizada:\r\n\r\nHAN TENIDO HACE POCO UNA INSPECCION DE SANIDAD, Y TIENEN QUE CENTRARSE EN LAS INCIDENCIAS DETECTADAS POR LA INSPECTORA. LES INTERESA TENER GLOBAL GAP PARA OCTUBRE. VAN A CERTIFICARSE COMO GRUPO DE PRODUCTORES, PERO TIENEN QUE INDICARNOS CUANTOS ENTRARÍAN PARA AJUSTAR PPTO SEGUN NUMERO.\r\n\r\n- Siguiente acción a realizar:\r\n\r\nVER COMO VA TODO, INTENTAR FIRMA.', 0),
(149, 8, 581, 'esther.martin', 1300748400, NULL, '- Acción realizada:\r\nTIENEN GLOBAL GAP COMO GRUPO DE PRODUCTORES (4 SOCIOS), PRODUCCION INTEGRADA, TESCO... PENSABAN HACER BRC PERO POR EL MOMENTO LES BASTA CON LO QUE TIENEN. TIENEN CONTRATADO UN TECNICO QUE LES LLEVA EL MTO DE TODOS LOS SISTEMAS Y ESTAN MUY CONTENTOS CON EL, AUNQUE LES SALE UN POCO CARO. NOS OFRECEMOS PARA PASARLE PPTO, PERO DICE QUE NO VAN A CAMBIAR.\r\n\r\n\r\n- Siguiente acción a realizar:', 0),
(150, 4, 775, 'esther.martin', 1300748400, 1301263200, '- Acción realizada:\r\n\r\nDICE QUE NOS LLAMARA EL VIERNES, HA HABLADO CON LA HERMANA DEL AGRICULTOR QUE QUIERE HACER GLOBAL Y ESTAN MUY INTERESADOS PERO ESTA EN CAMA CON FLEBITIS.\r\n\r\n- Siguiente acción a realizar:\r\n\r\nESPERAR LLAMADA, SINO LLAMAR LUNES', 0),
(151, 5, 780, 'esther.martin', 1300748400, 1300921200, '- Acción realizada:\r\nENTREGAMOS OFERTA. LE PARECE BIEN PRECIO 90+420 FORCEM PERO QUIEN TIENE QUE APROBARLO ES SU HERMANO\r\n\r\n\r\n- Siguiente acción a realizar:\r\n\r\nLLAMAR PARA FIRMAR', 0),
(152, 8, 805, 'esther.martin', 1300748400, 1300834800, '- Acción realizada:\r\n\r\nNO SE ENCUENTRA NINGUNO DE LOS DUEÑOS. LLAMAR PARA CONCERTAR NUEVA VISITA.\r\n\r\n- Siguiente acción a realizar:\r\n\r\nLLAMAMOS, PERO NO PUEDEN ATENDERNOS (ESTAN EN UN CURSO) LLAMAR POR LA MAÑANA, PARA VISITAR JUEVES', 0),
(153, 4, 259, 'esther.martin', 1300834800, 1300834800, '- Acción realizada:\r\n\r\nNo esta Alejandro. llamar mas tarde\r\n\r\n- Siguiente acción a realizar:', 0),
(154, 3, 797, 'esther.martin', 1300834800, 1301263200, '- Acción realizada:\r\nNo puede atendernos hasta el lunes, dice que le van a adjudicar las almejas¿?¿?\r\nquedamos en llevarle los Pptos.\r\n\r\n\r\n- Siguiente acción a realizar:\r\n\r\nLlamar a primera hora y llevar Oferta', 0),
(155, 7, 780, 'esther.martin', 1300921200, 1301436000, '- Acción realizada:\r\n\r\naun no han podido mirarlo su hermano y ella. Nos llamará.\r\n\r\n- Siguiente acción a realizar:\r\n\r\nLlamar miercoles si no tenemos noticias.', 0),
(156, 3, 794, 'esther.martin', 1300921200, 1301263200, '- Acción realizada:\r\n\r\nhablamos con Eusebio, pero Antonio Cortes esta reunido con Endesa.\r\n\r\n- Siguiente acción a realizar:\r\n\r\nVolver a llamar para ver cuando puede atendernos.', 0),
(157, 4, 774, 'esther.martin', 1300921200, 1301349600, '- Acción realizada:\r\n\r\naun no tiene respuesta del Dueño\r\n\r\n- Siguiente acción a realizar:\r\n\r\nllamar', 0),
(158, 8, 805, 'esther.martin', 1300921200, NULL, '- Acción realizada:\r\nno les interesa nada. No pueden invertir en nada, si en algun momento necesitan algo nos llamarán.\r\n\r\n\r\n- Siguiente acción a realizar:', 0),
(159, 8, 610, 'esther.martin', 1300921200, 1301263200, '- Acción realizada:\r\n\r\nEmpresa interesante, transportes, excavaciones, aridos, fresas... y ahora van a abrir planta de reciclaje. Tienen Global Gap en campo y marcado ce de Aridos.\r\nLes interesa Ppto en Calidad y MA para recogida de escombros, hormigón y árido y calidad de producto para Arido.\r\n\r\n- Siguiente acción a realizar:\r\n\r\npreparar Ppto y entregar.', 0),
(160, 8, 807, 'esther.martin', 1300921200, NULL, '- Acción realizada:\r\n\r\nEL JUEVES PASADO ESTUVIERON REUNIDOS CON LA FEDERACIÓN (LARES) Y JUNTA DE ANDALUCIA Y NOS DICE QUE AUN NO ESTÁ DEFINIDO CLARAMENTE LA NORMA DE CALIDAD QUE VAN A EXIGIRLES. NOS DA CONTACTO DE LA FEDERACIÓN DE ANDALUCIA POR SI PODEMOS LLEGAR A ACUERDO.\r\n\r\n- Siguiente acción a realizar:\r\n\r\nCONTACTO CON FEDERACION A TRAVES DE ALVARO. LLAMAR SI HAY ALGUNA NOVEDAD.', 0),
(161, 8, 806, 'esther.martin', 1300230000, NULL, '- Acción realizada:\r\n\r\nPREPARAR PPTO DE TRAZABILIDAD. ESTA MUY INTERESADO EN HERRAMIENTA INFORMATICA PARA LLEVAR TRAZABILIDAD\r\n\r\n- Siguiente acción a realizar:\r\n\r\nENTREGA OFERTA', 0),
(162, 5, 806, 'esther.martin', 1300921200, 1301263200, '- Acción realizada:\r\nENTREGA OFERTA. LE PARECE TODO MUY BIEN CONTENTO CON APLICACION INFORMATICA AUNQUE LE GUSTARÍA VER ALGO MAS. TIENE VARIAS CONSULTAS.\r\nVA ESTE FIN DE SEMANA A MADRID A UNA EXPO Y HA QUEDADO ALLI PARA VER UN PROGRAMA DE TRAZABILIDAD CON HERRAMIENTA DE FACTURACIÓN.\r\nQUEDAMOS EN QUE UNA VEZ SEPA EXACTAMENTE LO QUE QUIERE LO VERÍAMOS PARA VER SI PUEDE IMPLEMENTARSE EN LA HERRAMIENTA.\r\n\r\n\r\n- Siguiente acción a realizar:\r\n\r\nLLAMAR LUNES', 0),
(163, 8, 808, 'esther.martin', 1300921200, 1301263200, '- Acción realizada:\r\nNO NECESITA NINGUN CERTIFICADO DE CALIDAD. SE DEDICA A LA VENTA AL POR MAYOR PERO A PEQUEÑOS NEGOCIOS, EXPORTACIÓN A PORTUGAL NADA MAS Y POCO. NO TIENE LOPD.\r\nQUEDAMOS EN LLEVAR PPTO.\r\n\r\n- Siguiente acción a realizar:\r\n\r\nLLEVAR PPTO LOPD', 0),
(164, 8, 394, 'esther.martin', 1300921200, NULL, '- Acción realizada:\r\nTIENEN GLOBAL GAP Y 9001. NO LES INTERESA NADA MAS Y TIENEN CONSULTORA, ALBATROS. LES VA BIEN Y NO VAN A CAMBIAR.\r\n\r\n\r\n- Siguiente acción a realizar:', 0),
(165, 8, 809, 'esther.martin', 1300921200, NULL, '- Acción realizada:\r\nESTAN CERTIFICADOS EN 9+14 DESDE HACE 4-5 AÑOS. TAMBIEN TIENEN HECHA LOPD. TRABAJAN CON IMP, SI DECIDEN CAMBIAR NOS LLAMARAN. NOS PEDIRAN PPTO PARA AUDITORIA INTERNA, PREFIEREN LLAMAR ELLOS.\r\n\r\n\r\n- Siguiente acción a realizar:', 0),
(166, 8, 810, 'esther.martin', 1300921200, 1301263200, '- Acción realizada:\r\nNO LES INTERESA NINGUNA CERTIFICACION. CREEN TENER LA LOPD PERO NO ESTAN SEGUROS. LO VERA CON SU JEFE.\r\n\r\n\r\n- Siguiente acción a realizar:\r\n\r\nCONSULTAR Y LLAMAR.', 0),
(167, 8, 800, 'esther.martin', 1300921200, 1301263200, '- Acción realizada:\r\n\r\nDICE QUE TIENEN YA PROTOCOLOS DE CALIDAD Y PROCEDIMIENTOS, LA RESIDENCIA ES MUY NUEVA. LE HABLAMOS DE LA IMPORTANCIA DE LA CERTIFICACION EN 9001. LO HABLARA CON LA DIRECTORA. \r\n\r\n- Siguiente acción a realizar:\r\n\r\nCONTACTAR DE NUEVO PARA VER SI HA HABLADO CON LA DIRECTORA Y LE INTERESA PASEMOS PPTO', 0),
(168, 5, 811, 'esther.martin', 1301007600, NULL, '- Acción realizada:\r\n\r\nCAMPAÑA LOPD\r\n\r\n- Siguiente acción a realizar:\r\n\r\nLLEVAR PPTO.', 0),
(169, 7, 790, 'esther.martin', 1301263200, 1301522400, '- Acción realizada:\r\nquedamos el jueves.\r\n\r\n\r\n- Siguiente acción a realizar:\r\n\r\nfirmar contrato de ES Pablo Rada', 0),
(170, 5, 9, 'admin', 1301522400, NULL, '- Acción realizada:\r\n\r\n\r\n\r\n- Siguiente acción a realizar:', 0);

-- --------------------------------------------------------

--
-- Estructura de tabla para la tabla `acciones_tipos`
--

CREATE TABLE IF NOT EXISTS `acciones_tipos` (
  `id` int(11) NOT NULL AUTO_INCREMENT,
  `nombre` varchar(45) NOT NULL,
  PRIMARY KEY (`id`)
) ENGINE=InnoDB  DEFAULT CHARSET=utf8 AUTO_INCREMENT=7 ;

--
-- Volcar la base de datos para la tabla `acciones_tipos`
--

INSERT INTO `acciones_tipos` (`id`, `nombre`) VALUES
(1, 'Prospección'),
(2, 'Visita'),
(3, 'Llamada de contacto'),
(4, 'Llamada de seguimiento'),
(5, 'Entrega oferta'),
(6, 'FALLIDA');

-- --------------------------------------------------------

--
-- Estructura de tabla para la tabla `alumnos`
--

CREATE TABLE IF NOT EXISTS `alumnos` (
  `id` int(11) NOT NULL AUTO_INCREMENT,
  `nombre` varchar(45) NOT NULL,
  PRIMARY KEY (`id`)
) ENGINE=InnoDB DEFAULT CHARSET=utf8 AUTO_INCREMENT=1 ;

--
-- Volcar la base de datos para la tabla `alumnos`
--


-- --------------------------------------------------------

--
-- Estructura de tabla para la tabla `atajos`
--

CREATE TABLE IF NOT EXISTS `atajos` (
  `id` int(5) NOT NULL AUTO_INCREMENT,
  `nombre` varchar(15) COLLATE utf8_spanish_ci NOT NULL,
  `descripcion` varchar(100) COLLATE utf8_spanish_ci NOT NULL,
  `url` varchar(250) COLLATE utf8_spanish_ci NOT NULL,
  PRIMARY KEY (`id`),
  KEY `nombre` (`nombre`)
) ENGINE=InnoDB  DEFAULT CHARSET=utf8 COLLATE=utf8_spanish_ci AUTO_INCREMENT=2 ;

--
-- Volcar la base de datos para la tabla `atajos`
--

INSERT INTO `atajos` (`id`, `nombre`, `descripcion`, `url`) VALUES
(1, 'Atajos', 'Editar atajos', '/Usuarios/AtajosUsuario.php');

-- --------------------------------------------------------

--
-- Estructura de tabla para la tabla `clientes`
--

CREATE TABLE IF NOT EXISTS `clientes` (
  `id` int(11) NOT NULL AUTO_INCREMENT,
  `razon_social` varchar(400) NOT NULL,
  `fk_tipo_cliente` int(11) NOT NULL,
  `NIF` varchar(9) DEFAULT NULL,
  `domicilio` varchar(400) DEFAULT NULL,
  `localidad` varchar(45) DEFAULT NULL,
  `CP` int(11) DEFAULT NULL,
  `numero_empleados` int(11) DEFAULT NULL,
  `web` varchar(450) DEFAULT NULL,
  `sector` varchar(450) DEFAULT NULL,
  `SPA_actual` varchar(450) DEFAULT NULL,
  `fecha_renovacion` int(11) DEFAULT NULL,
  `norma_implantada` varchar(45) DEFAULT NULL,
  `creditos` int(11) DEFAULT NULL,
  `fk_grupo_empresas` int(11) DEFAULT '1',
  `provincia` varchar(15) NOT NULL,
  `FAX` int(11) DEFAULT NULL,
  `telefono` int(11) DEFAULT NULL,
  `cliente_principal` tinyint(1) NOT NULL DEFAULT '0',
  `observaciones` longtext,
  `actividad` longtext,
  PRIMARY KEY (`id`)
) ENGINE=InnoDB  DEFAULT CHARSET=utf8 AUTO_INCREMENT=881 ;

--
-- Volcar la base de datos para la tabla `clientes`
--

INSERT INTO `clientes` (`id`, `razon_social`, `fk_tipo_cliente`, `NIF`, `domicilio`, `localidad`, `CP`, `numero_empleados`, `web`, `sector`, `SPA_actual`, `fecha_renovacion`, `norma_implantada`, `creditos`, `fk_grupo_empresas`, `provincia`, `FAX`, `telefono`, `cliente_principal`, `observaciones`, `actividad`) VALUES
(1, 'CRISTALERIA DIAZ Y DIAZ S.L.', 1, NULL, 'CL SANTA ANA, 135', 'Almonte', 21730, 12, NULL, 'Construcción', NULL, NULL, NULL, NULL, 1, 'Huelva', 959406456, 959406456, 0, NULL, NULL),
(5, 'PURICON, S.C.A.', 2, 'B21485255', 'AVD. ANDALUCIA, S/N', 'Aguadulce', 41550, 10, 'www.pepe1.es', 'Agroalimentario', 'Antea', 1289343600, 'iso 9001', 3, 1, 'Sevilla', 955000000, 954816604, 0, NULL, NULL),
(6, 'SIERRA DEL AGUILA S. L.', 1, 'B21485255', 'CRT. GILENA AGUADULCE KM 1,6', 'Aguadulce', 41550, 15, 'www.pepe2.es', 'Agroalimentario', 'Antea', 1289343600, 'iso 9001', 3, 1, 'Sevilla', 955000001, 955826288, 0, NULL, NULL),
(7, 'SUROLIVA, SDAD. COOP. AND.', 1, 'B21485255', 'PROLONGACION CALLE SANTA ANA, S/N', 'Aguadulce', 41550, 20, 'www.pepe3.es', 'Agroalimentario', 'Antea', 1289343600, 'iso 9001', 3, 1, 'Sevilla', 955000002, 954816204, 0, NULL, NULL),
(9, 'Doros', 2, '77803530g', 'domicilio', 'sevilla', 41006, 1, 'www.holored.com', 'sector', NULL, NULL, NULL, NULL, 1, 'sevilla', 954789789, 954646464, 1, NULL, NULL),
(122, 'FRUTAS BORJA, S. L.', 1, NULL, 'PARAJE LA PEQUEÑA HOLANDA', 'Almonte', 21730, NULL, 'www.frutasborja.es', 'Alimentación', NULL, NULL, 'GLOBAL GAP', NULL, 3, 'Huelva', NULL, 609667056, 0, NULL, NULL),
(123, 'GARME FORESTAL S.L.', 1, NULL, 'ROSALÍA DE CASTRO 34', 'Almonte', 21730, NULL, NULL, 'Alimentación', NULL, NULL, NULL, NULL, 1, 'Huelva', NULL, 635429546, 0, NULL, NULL),
(124, 'APICOLA DOÑANA, S. L.', 1, NULL, 'PARQUE INDUSTRIAL EL TOMILLAR PARC- 63-64 NAVE 4', 'Almonte', 21730, NULL, NULL, 'Alimentación', NULL, NULL, NULL, NULL, 3, 'Huelva', NULL, 660536836, 0, NULL, NULL),
(125, 'ALMODECON SL', 1, NULL, 'CL FLORENTINO PEREZ EMBID 14', 'Almonte', 21730, 17, NULL, 'Construcción', NULL, NULL, NULL, NULL, 1, 'Huelva', NULL, 679461455, 0, NULL, NULL),
(126, 'BARNETHOTELES SL (Hotel Carabela)', 1, NULL, 'SR H PARCELA 59 60 MATALASCAÑAS', 'Almonte', 21730, 79, NULL, 'Hosteleria', NULL, NULL, NULL, NULL, 1, 'Huelva', 959448125, 959448001, 0, NULL, NULL),
(127, 'RESTING DONANA TOUR SOCIEDAD LIMITADA.', 1, NULL, 'HOTEL FLAMERO MATALASCANAS', 'Almonte', 21730, 1, NULL, 'Hosteleria', NULL, NULL, NULL, NULL, 1, 'Huelva', NULL, 902505100, 0, NULL, NULL),
(128, 'DUNAS DE DOÑANA GOLF RESORT SL', 1, NULL, 'SECT JAGUARZO 0 BAJO', 'Almonte', 21730, 30, NULL, 'Hosteleria', NULL, NULL, NULL, NULL, 1, 'Huelva', NULL, 902505200, 0, NULL, NULL),
(129, 'DUNAS 2000 SL', 1, NULL, 'CL ANTONIO MACHADO 15', 'Almonte', 21730, 16, NULL, 'Comercio', NULL, NULL, NULL, NULL, 1, 'Huelva', NULL, 954570889, 0, NULL, NULL),
(130, 'HORTIFRUT ESPANA SOUTHERN SUN SL', 1, NULL, 'CR DEL ROCIO', 'Almonte', 21730, 23, NULL, 'Comercio', NULL, NULL, NULL, NULL, 1, 'Huelva', 959443884, 959027420, 0, NULL, NULL),
(131, 'HIELO ALBAIDA', 1, NULL, 'c/ Amante Laffon nº 20', 'Sevilla', 41000, NULL, 'www.hielosalbaida.es', 'Alimentación', NULL, NULL, NULL, NULL, 1, 'Sevilla', NULL, 954355505, 0, NULL, NULL),
(132, 'TU RUEDA SOCIEDAD LIMITADA', 1, NULL, 'ZO SEC. E 1 (MATALASCAÑAS)', 'Almonte', 21730, 3, NULL, 'Talleres', NULL, NULL, NULL, NULL, 1, 'Huelva', NULL, 959127159, 0, NULL, NULL),
(133, 'ATLANTIC DONANA PROMOCION Y GESTIONES INMOBILIARIAS S.A.', 1, NULL, 'CL MUNDO NUEVO, 16', 'Almonte', 21730, 2, NULL, 'Construcción', NULL, NULL, NULL, NULL, 1, 'Huelva', NULL, 959356250, 0, NULL, NULL),
(134, 'EL FLAMENCO HOTEL SA', 1, NULL, 'RDA MAESTRO ALONSO 1', 'Almonte', 21730, 47, NULL, 'Hosteleria', NULL, NULL, NULL, NULL, 1, 'Huelva', 959448586, 959371282, 0, NULL, NULL),
(135, 'DISTRIBUCIONES PLAYA SL', 1, NULL, 'ZO SEC. S 0 PARC.19-27 (MATALASC', 'Almonte', 21730, 19, NULL, 'Comercio', NULL, NULL, NULL, NULL, 1, 'Huelva', 959440651, 959376758, 0, NULL, NULL),
(136, 'HIPERJARDÍN', 1, NULL, 'Polígono Los Pinos, 48 , ALMONTE (HUELVA)', 'Almonte', 21730, NULL, NULL, 'Alimentación', NULL, NULL, NULL, NULL, 1, 'Huelva', NULL, 959377860, 0, NULL, NULL),
(137, 'CENTRO DE REUNION LAS MARISMAS S.L.', 1, NULL, 'AV RAFAEL ALBERTI, 15', 'Almonte', 21730, 18, NULL, 'Hosteleria', NULL, NULL, NULL, NULL, 1, 'Huelva', NULL, 959406018, 0, NULL, NULL),
(138, 'LA TIENDA DE GARCIA SL.', 1, NULL, 'CR DEL ROCIO KM 234', 'Almonte', 21730, 7, NULL, 'Comercio', NULL, NULL, NULL, NULL, 1, 'Huelva', 959407537, 959406090, 0, NULL, NULL),
(139, 'HORNO BLANCA PALOMA S.L.', 1, NULL, 'CL SANTIAGO, 15', 'Almonte', 21730, 17, NULL, 'Alimentación+Empresa Autobuses', NULL, NULL, NULL, NULL, 1, 'Huelva', 959451564, 959406097, 0, NULL, NULL),
(140, 'Agroalimentaria Virgen del Rocío', 1, NULL, 'AVDA. DE LOS CABEZUDOS, Nº 1', 'Almonte', 21730, NULL, NULL, 'Alimentación', NULL, NULL, NULL, NULL, 3, 'Huelva', NULL, 959406146, 0, NULL, NULL),
(141, 'CONFITERÍA PASTELERÍA HIERRO', 1, NULL, 'VENIDA DE LA VIRGEN 20 (ROCÍO -MATALASCAÑAS)', 'Almonte', 21730, NULL, 'www.confiteriahierro.com', 'Alimentación', NULL, NULL, NULL, NULL, 1, 'Huelva', NULL, 959406192, 0, NULL, NULL),
(142, 'GALLESA 2000 SL', 1, NULL, 'CL PQUE 0 PARQUE INDUSTRIAL E', 'Almonte', 21730, 11, NULL, 'Comercio', NULL, NULL, NULL, NULL, 1, 'Huelva', NULL, 959406214, 0, NULL, NULL),
(143, 'MANUELA RAMOS MUÑOZ', 1, NULL, 'Infanta María Luisa, 26', 'Almonte', 21730, NULL, NULL, 'Piensos', NULL, NULL, NULL, NULL, 1, 'Huelva', NULL, 959406228, 0, NULL, NULL),
(144, 'GABRIEL RAMOS E HIJOS SOCIEDAD LIMITADA', 1, NULL, 'CR EL ROCIO 172', 'Almonte', 21730, 13, NULL, 'Comercio', NULL, NULL, NULL, NULL, 1, 'Huelva', NULL, 959406337, 0, NULL, NULL),
(145, 'CONSTRUCCIONES ROCIERA S.L.', 1, NULL, 'CL FERIA, 100', 'Almonte', 21730, 6, NULL, 'Construcción', NULL, NULL, NULL, NULL, 1, 'Huelva', NULL, 959406373, 0, NULL, NULL),
(146, 'LAUREANO VAZQUEZ RAMIREZ SL', 1, NULL, 'CM LLANOS 1', 'Almonte', 21730, 9, NULL, 'Comercio', NULL, NULL, NULL, NULL, 1, 'Huelva', NULL, 959406422, 0, NULL, NULL),
(148, 'AUTO ROMAN, S.L.', 1, NULL, 'CR DEL ROCIO, 95', 'Almonte', 21730, 8, NULL, 'Talleres', NULL, NULL, NULL, NULL, 1, 'Huelva', NULL, 959406726, 0, NULL, NULL),
(149, 'CONSTRUCTORA Y SERVICIOS IGUBAMON SL', 1, NULL, 'CL ANTONIO MACHADO 8 1º', 'Almonte', 21730, 8, NULL, 'Ingenierías', NULL, NULL, NULL, NULL, 1, 'Huelva', NULL, 959406755, 0, NULL, NULL),
(150, 'FONTARIEGOS ALMONTE SL', 1, NULL, 'CR DEL ROCIO, 170', 'Almonte', 21730, 3, NULL, 'Construcción', NULL, NULL, NULL, NULL, 1, 'Huelva', 959406812, 959406812, 0, NULL, NULL),
(151, 'PINTURAS ALMONTE SL', 1, NULL, 'CL EL POCITO 1', 'Almonte', 21730, 94, NULL, 'Construcción', NULL, NULL, NULL, NULL, 1, 'Huelva', NULL, 959406847, 0, NULL, NULL),
(152, 'MOVIMIENTOS DE SUELOS Y CONSTRUCCION SOCIEDAD LIMITADA.', 1, NULL, 'CL LA DEHESA', 'Almonte', 21730, 39, NULL, 'Construcción', NULL, NULL, NULL, NULL, 1, 'Huelva', 959451535, 959406858, 0, NULL, NULL),
(153, 'ALGAIDA PRODUCTORES', 1, NULL, 'PARCELA Nº 56 POLIGONO INDUSTRIAL MATALAGRANA', 'Almonte', 21730, NULL, NULL, 'Alimentación', NULL, NULL, NULL, NULL, 3, 'Huelva', NULL, 959406944, 0, NULL, NULL),
(154, 'OBRAS DOÑANA ALMONTE SL', 1, NULL, 'CL ALGAIDA 26', 'Almonte', 21730, 18, NULL, 'Construcción', NULL, NULL, NULL, NULL, 1, 'Huelva', NULL, 959407010, 0, NULL, NULL),
(155, 'CONSTRUCCIONES LOS JOVENES S.L.', 1, NULL, 'CL RAMON Y CAJAL, 44', 'Almonte', 21730, 5, NULL, 'Construcción', NULL, NULL, NULL, NULL, 1, 'Huelva', 952585461, 959407011, 0, NULL, NULL),
(156, 'CARPINTERIA MATIAS SL', 1, NULL, 'CL PICASSO 17', 'Almonte', 21730, 15, NULL, 'Industria de la madera y del corcho', NULL, NULL, NULL, NULL, 1, 'Huelva', NULL, 959407117, 0, NULL, NULL),
(157, 'CONSTRUCCIONES BELLA MARTINEZ SL', 1, NULL, 'CM DE LOS LLANOS, 48', 'Almonte', 21730, 2, NULL, 'Construcción', NULL, NULL, NULL, NULL, 1, 'Huelva', NULL, 959407146, 0, NULL, NULL),
(158, 'SABORES DEL SUR SL', 1, NULL, 'PZ ESPAÑA, 12', 'Almonte', 21730, 0, NULL, 'Comercio', NULL, NULL, NULL, NULL, 1, 'Huelva', 959407299, 959407299, 0, NULL, NULL),
(159, 'DOÑANA FORESTAL SERVICIOS SL', 1, NULL, 'PG EL TOMILLAR 0 NAVE 40.', 'Almonte', 21730, 21, NULL, 'Construcción', NULL, NULL, NULL, NULL, 3, 'Huelva', NULL, 959407336, 0, NULL, NULL),
(161, 'MANUFRAN S.L.', 1, NULL, 'CL LA PALMOSA, 27', 'Almonte', 21730, 8, NULL, 'Construcción', NULL, NULL, NULL, NULL, 1, 'Huelva', 959407453, 959407453, 0, NULL, NULL),
(162, 'EMPRESA DE TRANSFORMACION AGRARIA S.A.', 1, NULL, 'La Verdeja, 2', 'Almonte', 21730, NULL, NULL, 'Alimentación', NULL, NULL, NULL, NULL, 1, 'Huelva', NULL, 959407525, 0, NULL, NULL),
(163, 'HIERROS ROCIO SL', 1, NULL, 'CR EL ROCIO 151', 'Almonte', 21730, 10, NULL, 'Fabricación', NULL, NULL, NULL, NULL, 1, 'Huelva', NULL, 959407644, 0, NULL, NULL),
(164, 'MIGUEL ANGEL GALAN PEREZ ESTRUCTURAS SL', 1, NULL, 'CR DEL ROCIO 131', 'Almonte', 21730, 20, NULL, 'Construcción', NULL, NULL, NULL, NULL, 1, 'Huelva', NULL, 959407781, 0, NULL, NULL),
(165, 'TALLER MECANICO ALMOTOR S.L.', 1, NULL, 'AV DE LOS CABEZUDOS, 29', 'Almonte', 21730, 7, NULL, 'Talleres', NULL, NULL, NULL, NULL, 1, 'Huelva', 959407842, 959407842, 0, NULL, NULL),
(166, 'SEGUROS Y TELEFONIA JUAN FCO ESPINA SL.', 1, NULL, 'CL PADRE JOSE ANTONIO RODRIGUEZ BEJERANO, 4', 'Almonte', 21730, 3, NULL, 'Asesorías', NULL, NULL, NULL, NULL, 1, 'Huelva', 959407869, 959407869, 0, NULL, NULL),
(167, 'LA JACA DE DOÑANA SL', 1, NULL, 'PG MATALAGRANA 0 PARCELA 102-105.', 'Almonte', 21730, 14, NULL, 'Industria textil', NULL, NULL, NULL, NULL, 1, 'Huelva', NULL, 959407918, 0, NULL, NULL),
(168, 'CERRAJERIA DOÑANA SL', 1, NULL, 'CR DEL ROCIO 95', 'Almonte', 21730, 0, NULL, 'Fabricación', NULL, NULL, NULL, NULL, 1, 'Huelva', NULL, 959407960, 0, NULL, NULL),
(169, 'SUPERMERCADOS NUESTRA SEÑORA DEL ROCIO SLL', 1, NULL, 'CL EL ROCIO 0 PL. DEL COMERCIO.', 'Almonte', 21730, 7, NULL, 'Comercio', NULL, NULL, NULL, NULL, 1, 'Huelva', NULL, 959410801, 0, NULL, NULL),
(170, 'BOSTON BAGUETERIA S.L.', 1, NULL, 'PZ PUEBLO - MATALASCANAS', 'Almonte', 21730, 6, NULL, 'Hostelería', NULL, NULL, NULL, NULL, 1, 'Huelva', NULL, 959430285, 0, NULL, NULL),
(171, 'LOPIG JOSPH SL.', 1, NULL, 'URB PLAYA DE MATALASCANAS. EDIF EL QUIJOTE L', 'Almonte', 21730, 5, NULL, 'Hostelería', NULL, NULL, NULL, NULL, 1, 'Huelva', NULL, 959430394, 0, NULL, NULL),
(172, 'CASA MIGUEL RESTAURACION S.L.', 1, NULL, 'MATALASCANAS. CR MATALASCANAS-EL ROCIO', 'Almonte', 21730, 6, NULL, 'Hostelería', NULL, NULL, NULL, NULL, 1, 'Huelva', NULL, 959430500, 0, NULL, NULL),
(173, 'BAMAR 2000 SA', 1, NULL, 'CL MATALASCAÑAS SECTOR D 2 FASE. EDIF HOTEL COT', 'Almonte', 21730, 76, NULL, 'Hostelería', NULL, NULL, NULL, NULL, 1, 'Huelva', 959440202, 959440017, 0, NULL, NULL),
(174, 'SUPER ENGRACIA SOCIEDAD LIMITADA.', 1, NULL, 'LG SECTOR INGLESILLO', 'Almonte', 21730, 1, NULL, 'Comercio', NULL, NULL, NULL, NULL, 1, 'Huelva', NULL, 959440040, 0, NULL, NULL),
(175, 'ASESORAMIENTO E INTERMEDIACION TURISTICA SL', 1, NULL, 'SEC. M 73', 'Almonte', 21730, 13, NULL, 'Agencias viaje', NULL, NULL, NULL, NULL, 1, 'Huelva', NULL, 959440044, 0, NULL, NULL),
(176, 'PEDRO JOSE RAMOS ESPINOSA (Carnicerías)', 1, NULL, 'C. Com. Caño Guerrero, LOCAL 5-7-8', 'Almonte', 21730, NULL, NULL, 'Alimentación', NULL, NULL, NULL, NULL, 1, 'Huelva', NULL, 959440128, 0, NULL, NULL),
(177, 'CONSTRUCCIONES DURVI S.L.', 1, NULL, 'CL COTOMAR IV, 4', 'Almonte', 21730, 3, NULL, 'Construcción', NULL, NULL, NULL, NULL, 1, 'Huelva', NULL, 959440176, 0, NULL, NULL),
(178, 'FUNDOVEL SA', 1, NULL, 'SECT M 1', 'Almonte', 21730, 75, NULL, 'Hostelería', NULL, NULL, NULL, NULL, 1, 'Huelva', 959440720, 959440206, 0, NULL, NULL),
(179, 'HOSTELERIA BAR EL PATO, S.L.', 1, NULL, 'PG MATALASCANAS SECTOR N, 50', 'Almonte', 21730, 4, NULL, 'Hostelería', NULL, NULL, NULL, NULL, 1, 'Huelva', NULL, 959440440, 0, NULL, NULL),
(180, 'INMOBILIARIA LINCES DE DONANA S.L.', 1, NULL, 'UR PLAYA DE MATALASCANAS.PARCELA 2', 'Almonte', 21730, 4, NULL, 'Construcción', NULL, NULL, NULL, NULL, 1, 'Huelva', 959440069, 959440660, 0, NULL, NULL),
(181, 'COMERCIAL MARVAZ MATALASCAÑAS SOCIEDAD LIMITADA', 1, NULL, 'ZO SEC. S 0 PARC.29 (MATALASCAÑA', 'Almonte', 21730, 5, NULL, 'Comercio', NULL, NULL, NULL, NULL, 1, 'Huelva', NULL, 959440845, 0, NULL, NULL),
(182, 'EXCLUSIVAS DONANA S.L.', 1, NULL, 'LG CAMPO DE GOLF(SECTOR J)', 'Almonte', 21730, 14, NULL, 'Actividades deportivas', NULL, NULL, NULL, NULL, 1, 'Huelva', 959440069, 959441810, 0, NULL, NULL),
(184, 'CORDINATOR S L', 1, NULL, 'CL REYNOLDS, 45', 'Almonte', 21730, 3, NULL, 'Abogados', NULL, NULL, NULL, NULL, 1, 'Huelva', NULL, 959442035, 0, NULL, NULL),
(185, 'ARANDANOS DEL ROCIO S.L.', 1, NULL, 'CR DEL ROCIO', 'Almonte', 21730, 12, NULL, 'Comercio', NULL, NULL, NULL, NULL, 1, 'Huelva', NULL, 959442137, 0, NULL, NULL),
(186, 'ATLANTIC BLUE SL', 1, NULL, 'CR DEL ROCIO 130', 'Almonte', 21730, 253, NULL, 'I+D', NULL, NULL, NULL, NULL, 1, 'Huelva', NULL, 959442137, 0, NULL, NULL),
(187, 'NUESTRA SEÑORA DEL ROCIO (Panaderías)', 1, NULL, 'Baltasar Tercero, 8', 'Almonte', 21730, NULL, NULL, 'Alimentación', NULL, NULL, NULL, NULL, 1, 'Huelva', NULL, 959442208, 0, NULL, NULL),
(188, 'DITTMEYER AGRICOLA Y CIA. AYA DEL MARQUESADO S.C.', 1, NULL, 'Ctra. Matalascañas, KM 31''9', 'Almonte', 21730, NULL, NULL, 'Alimentación', NULL, NULL, NULL, NULL, 1, 'Huelva', NULL, 959442257, 0, NULL, NULL),
(189, 'PUNTO 2000 S.C.A.', 1, NULL, 'Ctra. Almonte-Matalascañas, 22.5 KM', 'Almonte', 21730, NULL, NULL, 'Alimentación', NULL, NULL, NULL, NULL, 1, 'Huelva', NULL, 959442262, 0, NULL, NULL),
(190, 'FLOPORAN, S.C.A.', 1, NULL, 'LG PLAN ALMONTE MARISMA SUBSECTOR 2 16 LOTE, 2', 'Almonte', 21730, 91, NULL, 'Alimentación', NULL, NULL, NULL, NULL, 3, 'Huelva', 959442286, 959442286, 0, NULL, NULL),
(191, 'TORUÑO DEL ROCIO SL', 1, NULL, 'PZ EL ACEBUCHAL 22 Y 23 EL ROCIO', 'Almonte', 21730, 17, NULL, 'Hostelería', NULL, NULL, NULL, NULL, 1, 'Huelva', NULL, 959442422, 0, NULL, NULL),
(192, 'AIRES DE DONANA SOCIEDAD LIMITADA.', 1, NULL, 'AV CANALIEGA, 1', 'Almonte', 21730, 5, NULL, 'Hostelería', NULL, NULL, NULL, NULL, 1, 'Huelva', 959442719, 959442719, 0, NULL, NULL),
(193, 'S.A.T. LOS MIMBRALES N. 9492', 1, NULL, NULL, 'Almonte', 21730, NULL, 'www.satmimbrales.com', 'Alimentación', NULL, NULL, NULL, NULL, 3, 'Huelva', NULL, 959443863, 0, NULL, NULL),
(194, 'BOUTIQUE EL SANCHO (Panaderías)', 1, NULL, 'Sec. Cerceta (Fase I), S/N-BL 3', 'Almonte', 21730, NULL, NULL, 'Alimentación', NULL, NULL, NULL, NULL, 1, 'Huelva', NULL, 959448048, 0, NULL, NULL),
(195, 'PARQUE DUNAR DE DONANA S.L.', 1, NULL, 'LG PARQUE DUNAR DONANA', 'Almonte', 21730, 5, NULL, 'Cultura', NULL, NULL, NULL, NULL, 1, 'Huelva', 959448061, 959448086, 0, NULL, NULL),
(196, 'PESCADOS ELABORADOS DE HUELVA SL', 1, NULL, 'CEREZO 25', 'Almonte', 21730, 0, NULL, 'Alimentación', NULL, NULL, NULL, NULL, 1, 'Huelva', NULL, 959448414, 0, NULL, NULL),
(197, 'TRANSPORTES RAMIREZ MENDOZA S.L.', 1, NULL, 'CL BLAS INFANTE, 9', 'Almonte', 21730, 6, NULL, 'Transporte', NULL, NULL, NULL, NULL, 1, 'Huelva', NULL, 959448527, 0, NULL, NULL),
(198, 'ZAMPABOLLOS SL', 1, NULL, 'PLG MATALAGRANA 0 PARCELAS 90-91.', 'Almonte', 21730, 18, NULL, 'Comercio', NULL, NULL, NULL, NULL, 1, 'Huelva', NULL, 959448606, 0, NULL, NULL),
(199, 'MANUEL PEREZ MATEOS (Carnicerías)', 1, NULL, 'Av. las Adelfas, S/N ', 'Almonte', 21730, NULL, NULL, 'Alimentación', NULL, NULL, NULL, NULL, 1, 'Huelva', NULL, 959448686, 0, NULL, NULL),
(200, 'PANADERIA LA SOLUCION', 1, NULL, 'Av. Pintor Rafael, 37', 'Almonte', 21730, NULL, NULL, 'Alimentación', NULL, NULL, NULL, NULL, 1, 'Huelva', NULL, 959448791, 0, NULL, NULL),
(201, 'INSTALACIONES Y MONTAJES ELECTRICOS ROCIO SL', 1, NULL, 'CL SEVILLA 7', 'Almonte', 21730, 17, NULL, 'Construcción', NULL, NULL, NULL, NULL, 1, 'Huelva', NULL, 959450001, 0, NULL, NULL),
(202, 'HERMACABA SL', 1, NULL, 'PZ FUENTE DE LAS DAMAS 1', 'Almonte', 21730, 23, NULL, 'Construcción', NULL, NULL, NULL, NULL, 1, 'Huelva', NULL, 959450022, 0, NULL, NULL),
(203, 'VITAFRESH SL', 1, NULL, 'CTRA. ALMONTE A EL ROCIO, KM. 9,500', 'Almonte', 21730, 53, NULL, 'Alimentación', NULL, NULL, NULL, NULL, 3, 'Huelva', 959451212, 959450126, 0, NULL, NULL),
(205, 'LA RIBERA DE MATALASCAÑAS S.L.', 1, NULL, 'Carretera del Rocío, 25 - bajo', 'Almonte', 21730, NULL, NULL, 'Alimentación', NULL, NULL, NULL, NULL, 1, 'Huelva', NULL, 959450199, 0, NULL, NULL),
(206, 'TELECABLE ALMONTE, S.L.', 1, NULL, 'CL LA MARMOLEJA, 22', 'Almonte', 21730, 8, NULL, 'Cultura', NULL, NULL, NULL, NULL, 1, 'Huelva', 959450218, 959450218, 0, NULL, NULL),
(207, 'EXPLOTACIONES FORESTALES LOS OJUELOS SL', 1, NULL, 'CR EL ROCIO 228', 'Almonte', 21730, 45, NULL, 'Comercio', NULL, NULL, NULL, NULL, 1, 'Huelva', NULL, 959450227, 0, NULL, NULL),
(208, 'ROCIOFRUT (Mayorista Furtas y Hortalizas)', 1, NULL, 'Ctra. el Rocío, 103', 'Almonte', 21730, NULL, NULL, 'Alimentación', NULL, NULL, NULL, NULL, 1, 'Huelva', NULL, 959450244, 0, NULL, NULL),
(209, 'SVZ ESPAÑA, SA', 1, NULL, 'CTRA ALMONTE-EL ROCIO, KM 9, POL. IND. MATALAGRANA', 'Almonte', 21730, NULL, NULL, 'Alimentación', NULL, NULL, NULL, NULL, 3, 'Huelva', NULL, 959450288, 0, NULL, NULL),
(210, 'ESTACION DE SERVICIO PUERTA DOÑANA SL', 1, NULL, 'CR ROCIO 30', 'Almonte', 21730, 7, NULL, 'Comercio', NULL, NULL, NULL, NULL, 1, 'Huelva', NULL, 959450331, 0, NULL, NULL),
(211, 'ASESORIA BLANCO SL', 1, NULL, 'CL CONCEPCION, 22', 'Almonte', 21730, 4, NULL, 'Abogados', NULL, NULL, NULL, NULL, 1, 'Huelva', 959451879, 959450426, 0, NULL, NULL),
(212, 'ES ALMONTE S.L.', 1, NULL, 'CR DEL ROCIO, 114', 'Almonte', 21730, 16, NULL, 'Comercio', NULL, NULL, NULL, NULL, 1, 'Huelva', 959450035, 959450445, 0, NULL, NULL),
(213, 'NEUMATICOS LARA SLL.', 1, NULL, 'PG POLIGONO INDUSTRIAL TOMILLAR, 22', 'Almonte', 21730, 3, NULL, 'Talleres', NULL, NULL, NULL, NULL, 1, 'Huelva', NULL, 959450496, 0, NULL, NULL),
(214, 'CAUCHOS SAN DIEGO SL', 1, NULL, 'AV DE LA JUVENTUD 7', 'Almonte', 21730, 30, NULL, 'Fabricación', NULL, NULL, NULL, NULL, 1, 'Huelva', 959407112, 959450537, 0, NULL, NULL),
(215, 'AGROBIONEST SL', 1, NULL, 'PG DE ALMONTE 0 CRTA. DEL ROCI.', 'Almonte', 21730, 42, NULL, 'Alimentación', NULL, NULL, NULL, NULL, 1, 'Huelva', NULL, 959450656, 0, NULL, NULL),
(216, 'BIONEST', 1, NULL, 'P. I. MATALGRANA CRT. ALMONTE- EL ROCIO, KM 9', 'Almonte', 21730, NULL, NULL, 'Alimentación', NULL, NULL, NULL, NULL, 3, 'Huelva', NULL, 959450656, 0, NULL, NULL),
(217, 'APROVECHAMIENTOS INDUSTRIALES DOÑANA SL', 1, NULL, 'CL ALTOZANO 8', 'Almonte', 21730, 20, NULL, 'Construcción', NULL, NULL, NULL, NULL, 1, 'Huelva', NULL, 959450691, 0, NULL, NULL),
(218, 'PESCADERIA ALMONTE S.L.', 1, NULL, 'CL CONCEPCION ARENAL, 7', 'Almonte', 21730, 4, NULL, 'Comercio', NULL, NULL, NULL, NULL, 1, 'Huelva', NULL, 959450706, 0, NULL, NULL),
(219, 'INSTALACIONES Y MONTAJES ELECTRICOS DEL SUR SL', 1, NULL, 'CR DEL ROCIO 126 128', 'Almonte', 21730, 15, NULL, 'Construcción', NULL, NULL, NULL, NULL, 1, 'Huelva', 959407178, 959450713, 0, NULL, NULL),
(220, 'GASOCENTRO ALMONTE SL', 1, NULL, 'CR DEL ROCIO 14 1º', 'Almonte', 21730, 4, NULL, 'Comercio', NULL, NULL, NULL, NULL, 1, 'Huelva', NULL, 959450768, 0, NULL, NULL),
(221, 'HORNO MARTIN NARANJO, S.L.', 1, NULL, 'AV DE LA CONSTITUCION, 50', 'Almonte', 21730, 11, NULL, 'Alimentación', NULL, NULL, NULL, NULL, 1, 'Huelva', NULL, 959450851, 0, NULL, NULL),
(222, 'CRISTALERIA ESPINA S.L.', 1, NULL, 'CL LA PARRILLA, 12', 'Almonte', 21730, 4, NULL, 'Fabricación', NULL, NULL, NULL, NULL, 1, 'Huelva', 959450879, 959450879, 0, NULL, NULL),
(223, 'ARIDOS EL OJILLO S.L.', 1, NULL, 'CL LA ROCINA, 4', 'Almonte', 21730, 9, NULL, 'Industria extractiva', NULL, NULL, NULL, NULL, 1, 'Huelva', 959451366, 959450911, 0, NULL, NULL),
(224, 'AGROFORESTAL DOÑANA SL', 1, NULL, 'Ctra. el Rocío, KM 1', 'Almonte', 21730, NULL, NULL, 'Alimentación', NULL, NULL, NULL, NULL, 1, 'Huelva', NULL, 959450964, 0, NULL, NULL),
(226, 'FLOR DE DOÑANA, S.L.', 1, NULL, 'POL. IND. EL TOMILLAR NAVE 54', 'Almonte', 21730, NULL, NULL, 'Alimentación', NULL, NULL, NULL, NULL, 3, 'Huelva', NULL, 959451002, 0, NULL, NULL),
(227, '75 MECANICA', 1, NULL, 'Pol. Ind. El Tomillar, 27', 'Almonte', 21730, NULL, NULL, 'Maquinaria para jardineria', NULL, NULL, NULL, NULL, 1, 'Huelva', NULL, 959451042, 0, NULL, NULL),
(228, 'NUBLAN DE SERVICIOS SL', 1, NULL, 'CR ROCIO 1', 'Almonte', 21730, 9, NULL, 'Comercio', NULL, NULL, NULL, NULL, 1, 'Huelva', NULL, 959451101, 0, NULL, NULL),
(229, 'CITRICOLA CONDADO, S.C. A.', 1, NULL, 'CRTA. ALMONTE - ROCIO, KM 9,5', 'Almonte', 21730, NULL, NULL, 'Alimentación', NULL, NULL, NULL, NULL, 3, 'Huelva', NULL, 959451205, 0, NULL, NULL),
(230, 'UCYMAX SL', 1, NULL, 'CR DEL ROCIO 450 BAJO.', 'Almonte', 21730, 23, NULL, 'Construcción', NULL, NULL, NULL, NULL, 1, 'Huelva', NULL, 959451298, 0, NULL, NULL),
(231, 'SUREXPORT, S.C. A.', 1, NULL, 'P I MATALAGRANA, SN. CTRA ALMONTE-EL ROCIO', 'Almonte', 21730, NULL, NULL, 'Alimentación', NULL, NULL, NULL, NULL, 3, 'Huelva', NULL, 959451550, 0, NULL, NULL),
(232, 'ROALMAJO SL', 1, NULL, 'CR DEL ROCIO 190', 'Almonte', 21730, 1, NULL, 'Construcción', NULL, NULL, NULL, NULL, 1, 'Huelva', NULL, 959451808, 0, NULL, NULL),
(233, 'CASA ROLDAN SL', 1, NULL, 'CR DEL ROCIO, 88', 'Almonte', 21730, 9, NULL, 'Comercio', NULL, NULL, NULL, NULL, 1, 'Huelva', 959451873, 959451825, 0, NULL, NULL),
(234, 'AGROECOLOGIA DOÑANA SL', 1, NULL, 'CR EL ROCIO 95', 'Almonte', 21730, 42, NULL, 'Comercio', NULL, NULL, NULL, NULL, 1, 'Huelva', 959407871, 959451827, 0, NULL, NULL),
(235, 'DIAZ VIEJO CONSTRUCCIONES SLL', 1, NULL, 'CL LA FLAMENCA 14', 'Almonte', 21730, 33, NULL, 'Construcción', NULL, NULL, NULL, NULL, 1, 'Huelva', NULL, 959451833, 0, NULL, NULL),
(236, 'ELECTRODOMESTICOS REALES SL.', 1, NULL, 'CR DEL ROCIO, 33', 'Almonte', 21730, 7, NULL, 'Comercio', NULL, NULL, NULL, NULL, 1, 'Huelva', 959451889, 959451889, 0, NULL, NULL),
(237, 'SOLUCIONES METALICAS BRICOLUZ SLL.', 1, NULL, 'PG INDUSTRIAL TOMILLAR - 52 PAR, 36', 'Almonte', 21730, 6, NULL, 'Comercio', NULL, NULL, NULL, NULL, 1, 'Huelva', NULL, 959451899, 0, NULL, NULL),
(238, 'FERRALLAS ALMONTE SL', 1, NULL, 'CL POCITO 32 1 A.', 'Almonte', 21730, 40, NULL, 'Construcción', NULL, NULL, NULL, NULL, 1, 'Huelva', NULL, 959451961, 0, NULL, NULL),
(239, 'CAÑO GUAPERAL SL', 1, NULL, 'CL JUAN RAMON JIMENEZ 51', 'Almonte', 21730, 49, NULL, 'Alimentación', NULL, NULL, NULL, NULL, 3, 'Huelva', NULL, 959505022, 0, NULL, NULL),
(240, 'DOÑANA FRESA SCA', 1, NULL, 'CTRA ALMONTE-HINOJOS SN', 'Almonte', 21730, NULL, NULL, 'Alimentación', NULL, NULL, NULL, NULL, 3, 'Huelva', NULL, 959506220, 0, NULL, NULL),
(241, 'CRICABA E HIJOS SOCIEDAD LIMITADA', 1, NULL, 'CL REGAJO DE LAS PENILLAS 10', 'Almonte', 21730, 2, NULL, 'Construcción', NULL, NULL, NULL, NULL, 1, 'Huelva', NULL, 959507000, 0, NULL, NULL),
(242, 'PALET Y MADERA ALMONTE SL', 1, NULL, 'CL ROCIANA 15', 'Almonte', 21730, 12, NULL, 'Comercio', NULL, NULL, NULL, NULL, 1, 'Huelva', NULL, 959508446, 0, NULL, NULL),
(248, 'CLORESUR, S.L.', 2, 'B21269980', 'PI TARTESSOS, C/B 40-41', 'HUELVA', 21007, 7, NULL, 'FABRICACION LEJIA', NULL, NULL, '9001+14001', 570, 5, 'HUELVA', NULL, 959367721, 0, NULL, NULL),
(249, 'EXPROMAR, S.A.', 1, NULL, 'ALONSO DE OJEDA, S/N', 'HUELVA', 21002, NULL, NULL, 'ALIMENTACION', NULL, NULL, NULL, NULL, 1, 'HUELVA', NULL, 959244999, 0, NULL, NULL),
(251, 'ANDALUZA DISTRIBUIDORA DE ACEITES, S.A.', 1, NULL, 'POLIGONO PESQUERO NORTE', 'HUELVA', 21002, NULL, NULL, 'DISTRIBUIDOR LUBRICANTES', NULL, NULL, NULL, NULL, 1, 'HUELVA', NULL, 959283130, 0, NULL, NULL),
(252, 'TODOGAS HUELVA, S.L.', 1, NULL, 'POLIGONO PESQUERO NORTE, S/N', 'HUELVA', 21002, NULL, NULL, 'INSTALADORES', NULL, NULL, NULL, NULL, 1, 'HUELVA', NULL, 959282667, 0, NULL, NULL),
(253, 'LOGISTICA PEÑALUZ, S.L.', 1, NULL, 'POLIGONO PESQUERO NORTE', 'HUELVA', 21002, NULL, NULL, 'TRANSPORTE', NULL, NULL, NULL, NULL, 1, 'HUELVA', NULL, 959263104, 0, NULL, NULL),
(254, 'ANTONETE, S.A.', 1, NULL, 'POLIGONO PESQUERO NORTE', 'HUELVA', 21002, NULL, NULL, 'ALIMENTACION', NULL, NULL, NULL, NULL, 3, 'HUELVA', NULL, 959243443, 0, NULL, NULL),
(255, 'PRODUCTOS NORA DE ALVARADO, S.L.', 2, 'B21225289', 'P.I. LAS YUCAS, S/N', 'HUELVA', 21002, 6, NULL, 'ALIMENTACION', NULL, NULL, NULL, NULL, 1, 'HUELVA', NULL, 959154421, 0, NULL, NULL),
(256, 'PANADERIA NUESTRA SEÑORA DE LA CINTA', 1, NULL, 'PI LAS YUCAS, NAVES 2-4', 'HUELVA', 21002, NULL, NULL, 'ALIMENTACION', NULL, NULL, NULL, NULL, 1, 'HUELVA', NULL, 959150488, 0, NULL, NULL),
(257, 'QUALIA SOLUTIONS', 2, NULL, NULL, 'HUELVA', 21002, NULL, NULL, 'CONSULTORIA FORMACION', NULL, NULL, NULL, NULL, 1, 'HUELVA', NULL, 959280209, 0, NULL, NULL),
(258, 'MAKINSUR, S.L.', 1, 'B21470810', 'P.I. TARTESSOS, C/C. 11', 'HUELVA', 21007, 3, NULL, 'ALQUILER MAQUINARIA', NULL, NULL, NULL, NULL, 1, 'HUELVA', NULL, 959367681, 0, NULL, NULL),
(259, 'LA FLOR DE LA CANELA, S.L.', 1, 'B21135827', 'C/GIBRALEON,61', 'AYAMONTE', 21400, NULL, NULL, 'ALIMENTACION', NULL, NULL, NULL, NULL, 1, 'HUELVA', NULL, 959471298, 0, NULL, NULL),
(260, 'NAUTICAS PUNTA UMBRIA, S.A.', 1, NULL, 'C/VARADERO, 2.', 'PUNTA UMBRIA', 21120, 5, NULL, 'NAUTICO', NULL, NULL, NULL, NULL, 1, 'HUELVA', NULL, 959310700, 0, NULL, NULL),
(261, 'MARINA UMBRIA', 1, NULL, 'AVDA VARADERO, S/N', 'PUNTA UMBRIA', 21120, NULL, NULL, 'NAUTICO', NULL, NULL, NULL, NULL, 1, 'HUELVA', NULL, 959315590, 0, NULL, NULL),
(273, 'INGENIERIA AGROALIMENTARIA DEL SUR, S. L.', 1, NULL, 'URB. LA DEHESA GOLF C/ CALPE PARCELA 103', 'Aljaraque', 21110, NULL, NULL, 'Alimentacion', NULL, NULL, NULL, NULL, 3, 'Huelva', NULL, 959319628, 0, NULL, NULL),
(274, 'PANADERIA GIL, S.L.', 1, NULL, 'POLIGONO INDUSTRIAL LAS GAVIAS, S/N', 'Aljaraque', 21110, NULL, NULL, 'Alimentacion', NULL, NULL, NULL, NULL, 3, 'Huelva', NULL, 959317900, 0, NULL, NULL),
(275, 'MANUEL ROMERO ROMERO', 1, NULL, '"POLIGONO INDUSTRIAL ""LA RAYA"" PARCELA Nº 17"', 'Aljaraque', 21110, NULL, NULL, 'Alimentacion', NULL, NULL, NULL, NULL, 3, 'Huelva', NULL, 959051098, 0, NULL, NULL),
(276, 'JANDEVALO, S.L.', 1, NULL, 'C/NOGAL, Nº 12', 'Almendro (El)', 21593, NULL, NULL, 'Alimentacion', NULL, NULL, NULL, NULL, 3, 'Huelva', NULL, 959385141, 0, NULL, NULL),
(277, 'MAXIMINO ROMERO E HIJOS, S.L.', 1, NULL, 'EL ARROYO, 30', 'Almonaster la Real', 21350, NULL, NULL, 'Alimentacion', NULL, NULL, NULL, NULL, 3, 'Huelva', NULL, 959131083, 0, NULL, NULL),
(278, 'LUIS CASTILLA SANCHEZ, S. A.', 1, NULL, 'BARRIADA DE LA ESTACION', 'Almonaster la Real', 21350, NULL, NULL, 'Alimentacion', NULL, NULL, NULL, NULL, 3, 'Huelva', NULL, 959131214, 0, NULL, NULL),
(279, 'TOMAS SANCHEZ LOPEZ', 1, NULL, 'ALDEA EL PATRAS, 10', 'Almonaster la Real', 21350, NULL, NULL, 'Alimentacion', NULL, NULL, NULL, NULL, 3, 'Huelva', NULL, 959503004, 0, NULL, NULL),
(280, '"AGROALIMENTARIA ""VIRGEN DEL ROCIO"""', 1, NULL, 'AVDA. DE LOS CABEZUDOS, Nº 1', 'Almonte', 21730, NULL, NULL, 'Alimentacion', NULL, NULL, NULL, NULL, 3, 'Huelva', NULL, 959406146, 0, NULL, NULL),
(281, 'S.A.T. Nº 9.492 LOS MIMBRALES', 1, NULL, 'CTRA. A-483 KM.30', 'Almonte', 21730, NULL, NULL, 'Alimentacion', NULL, NULL, NULL, NULL, 3, 'Huelva', NULL, 959442017, 0, NULL, NULL),
(283, 'S V Z (ESPAÑA) SA', 1, NULL, 'CTRA ALMONTE-EL ROCIO, KM 9, POL. IND. MATALAGRANA', 'Almonte', 21730, NULL, NULL, 'Alimentacion', NULL, NULL, NULL, NULL, 3, 'Huelva', NULL, 959450288, 0, NULL, NULL),
(284, 'S. A. T. HORTIFRUT', 1, NULL, 'CRT. EL ROCIO - VILLAMANRIQUE KM 0,5', 'Almonte', 21730, NULL, NULL, 'Alimentacion', NULL, NULL, NULL, NULL, 3, 'Huelva', NULL, 959000000, 0, NULL, NULL),
(285, 'S. A. T. H-0023 BIONEST', 1, NULL, 'P. I. MATALGRANA CRT. ALMONTE- EL ROCIO, KM 9', 'Almonte', 21730, NULL, NULL, 'Alimentacion', NULL, NULL, NULL, NULL, 3, 'Huelva', NULL, 959450656, 0, NULL, NULL),
(286, 'DOÑANA FRESA SCA', 1, NULL, 'CTRA ALMONTE-HINOJOS SN', 'Almonte', 21730, NULL, NULL, 'Alimentacion', NULL, NULL, NULL, NULL, 3, 'Huelva', NULL, 959506220, 0, NULL, NULL),
(288, 'CITRICOLA CONDADO, S.C. A.', 1, NULL, 'CRTA. ALMONTE - ROCIO, KM 9,5', 'Almonte', 21730, NULL, NULL, 'Alimentacion', NULL, NULL, NULL, NULL, 3, 'Huelva', NULL, 959451205, 0, NULL, NULL),
(289, 'DOÑANA FORESTAL, S. L. L.', 1, NULL, 'C/SEVILLA, 2', 'Almonte', 21730, NULL, NULL, 'Alimentacion', NULL, NULL, NULL, NULL, 3, 'Huelva', NULL, 959407336, 0, NULL, NULL),
(290, 'CAÑO GUAPERAL, S. L.', 1, NULL, 'C/ MORERA, 15', 'Almonte', 21730, NULL, NULL, 'Alimentacion', NULL, NULL, NULL, NULL, 3, 'Huelva', NULL, 959407106, 0, NULL, NULL),
(291, 'S.C.A. FLOPORAN', 1, NULL, 'CTRA. EL ROCIO-MATALASCAÑAS, S/N', 'Almonte', 21700, NULL, NULL, 'Alimentacion', NULL, NULL, NULL, NULL, 3, 'Huelva', NULL, 959407473, 0, NULL, NULL),
(292, 'FRUTAS BORJA, S. L.', 1, NULL, 'PARAJE LA PEQUEÑA HOLANDA', 'Almonte', 21710, NULL, NULL, 'Alimentacion', NULL, NULL, NULL, NULL, 3, 'Huelva', NULL, 609667056, 0, NULL, NULL),
(293, 'APICOLA DOÑANA, S. L.', 1, NULL, 'PARQUE INDUSTRIAL EL TOMILLAR PARC- 63-64 NAVE 4', 'Almonte', 21730, NULL, NULL, 'Alimentacion', NULL, NULL, NULL, NULL, 3, 'Huelva', NULL, 660536836, 0, NULL, NULL),
(294, 'S.A.T. ALGAIDA PRODUCTORES', 1, NULL, '`PARCELA Nº 56 POLIGONO INDUSTRIAL MATALAGRANA', 'Almonte', 21730, NULL, NULL, 'Alimentacion', NULL, NULL, NULL, NULL, 3, 'Huelva', NULL, 959406944, 0, NULL, NULL),
(295, 'CAÑO GUAPERAL, S. L.', 1, NULL, 'SUBSECTOR II-17, POLIGONO 57, PARCELA 54 - PLAN ALMONTE MARISMA', 'Almonte', 21730, NULL, NULL, 'Alimentacion', NULL, NULL, NULL, NULL, 3, 'Huelva', NULL, 959407106, 0, NULL, NULL),
(296, 'S. A. T. H-0023 BIONEST', 1, NULL, 'CRT. ALMONTE- EL ROCIO, KM 11 paraje TIERRAS TIESAS', 'Almonte', 21730, NULL, NULL, 'Alimentacion', NULL, NULL, NULL, NULL, 3, 'Huelva', NULL, 959450656, 0, NULL, NULL),
(297, 'S. A. T. HORTIFRUT', 1, NULL, 'CRT. EL ROCIO - VILLAMANRIQUE KM 0,5', 'Almonte', 21730, NULL, NULL, 'Alimentacion', NULL, NULL, NULL, NULL, 3, 'Huelva', NULL, 959000000, 0, NULL, NULL),
(298, 'FLOR DE DOÑANA, S.L.', 1, NULL, 'POL. IND. EL TOMILLAR NAVE 54', 'Almonte', 21730, NULL, NULL, 'Alimentacion', NULL, NULL, NULL, NULL, 3, 'Huelva', NULL, 959451002, 0, NULL, NULL),
(299, 'FRES LOTE,  S.C.A.', 1, NULL, 'POLIGONO 49 PARCELA 4 PARAJE EL LOTE SUBSECTOR 2', 'Almonte', 21730, NULL, NULL, 'Alimentacion', NULL, NULL, NULL, NULL, 3, 'Huelva', NULL, 959000000, 0, NULL, NULL),
(300, 'DOÑANA 1998, S.L.', 1, NULL, 'SUBSECTOR II-9, PLAN ALMONTE-MARISMAS, PARCELA Nº 9', 'Almonte', 21730, NULL, NULL, 'Alimentacion', NULL, NULL, NULL, NULL, 3, 'Huelva', NULL, 959000000, 0, NULL, NULL),
(301, 'AGROGUAYAS, S.L.', 1, NULL, 'POLIGONO INDUSTRIAL MATALAGRANA, PARCELA 78 Y 79', 'Almonte', 21730, NULL, NULL, 'Alimentacion', NULL, NULL, NULL, NULL, 3, 'Huelva', NULL, 959000000, 0, NULL, NULL),
(302, 'SABORES DEL SUR S.L.', 1, NULL, 'C/ PADRE JOSE ANTONIO RODRIGUEZ BEJERANO Nº 1', 'Almonte', 21730, NULL, NULL, 'Alimentacion', NULL, NULL, NULL, NULL, 3, 'Huelva', NULL, 959000000, 0, NULL, NULL),
(303, 'UNION ALOSNERA SA', 1, NULL, 'CTRA ALOSNO-THARSIS SN', 'Alosno', 21520, NULL, NULL, 'Alimentacion', NULL, NULL, NULL, NULL, 3, 'Huelva', NULL, 959000000, 0, NULL, NULL),
(304, 'AGUARDIENTES REBOLLO, S.L.', 1, NULL, 'C/HUMILLADERO, 43', 'Alosno', 21520, NULL, NULL, 'Alimentacion', NULL, NULL, NULL, NULL, 3, 'Huelva', NULL, 959396229, 0, NULL, NULL),
(305, 'ISAIAS GUERRA E HIJOS, S. L.', 1, NULL, 'CRUCE CRT. P. GUZMAN - SAN BARTOLOME DE LA TORRE', 'Alosno', 21520, NULL, NULL, 'Alimentacion', NULL, NULL, NULL, NULL, 3, 'Huelva', NULL, 959396185, 0, NULL, NULL),
(306, 'ALIMENTOS DE HUELVA, S.L.', 1, NULL, 'CARRETERA DE ALOSNO-THARSIS, S/N', 'Alosno', 21520, NULL, NULL, 'Alimentacion', NULL, NULL, NULL, NULL, 3, 'Huelva', NULL, 959396471, 0, NULL, NULL),
(307, 'SELECCIÓN DE JABUGO, S. L.', 1, NULL, 'CTRA SEVILLA-LISBOA, KM 91', 'Aracena', 21200, NULL, NULL, 'Alimentacion', NULL, NULL, NULL, NULL, 3, 'Huelva', NULL, 959501200, 0, NULL, NULL),
(308, 'JAMONES Y EMBUTIDOS VAZQUEZ, S.L.', 1, NULL, 'POLIGONO INDUSTRIAL CANTALGALLO, NAVE 6', 'Aracena', 21200, NULL, NULL, 'Alimentacion', NULL, NULL, NULL, NULL, 3, 'Huelva', NULL, 959127122, 0, NULL, NULL),
(309, 'ARACENA AVICOLA SA', 1, NULL, 'CTRA ARACENA-HUELVA, KM 1', 'Aracena', 21200, NULL, NULL, 'Alimentacion', NULL, NULL, NULL, NULL, 3, 'Huelva', NULL, 959127508, 0, NULL, NULL),
(310, 'CONSERVAS JABUGO, S. L.', 1, NULL, 'PASEO DE LA MOLINILLA, S/N', 'Aracena', 21200, NULL, NULL, 'Alimentacion', NULL, NULL, NULL, NULL, 3, 'Huelva', NULL, 959128784, 0, NULL, NULL),
(311, 'MONTE ROBLEDO ARACENA, S.L.', 1, NULL, 'FINCA LOS ROBLEDOS', 'Aracena', 21200, NULL, NULL, 'Alimentacion', NULL, NULL, NULL, NULL, 3, 'Huelva', NULL, 959128994, 0, NULL, NULL),
(312, 'PEPE SANTOS ARACENA, S. L.', 1, NULL, 'CRT. SEVILLA - LISBOA, S/N', 'Aracena', 21200, NULL, NULL, 'Alimentacion', NULL, NULL, NULL, NULL, 3, 'Huelva', NULL, 959128103, 0, NULL, NULL),
(313, 'ALMOCADEN, S.L.U.', 1, NULL, 'POLIGONO INDUSTRIAL CANTALGALLO Z13-6', 'Aracena', 21200, NULL, NULL, 'Alimentacion', NULL, NULL, NULL, NULL, 3, 'Huelva', NULL, 959000000, 0, NULL, NULL),
(314, 'FABRICA DE EMBUTIDOS SEGUNDIN - SEGUNDO CANTERLA', 1, NULL, 'CRT. NUEVA, 1', 'Aracena', 21200, NULL, NULL, 'Alimentacion', NULL, NULL, NULL, NULL, 3, 'Huelva', NULL, 959128732, 0, NULL, NULL),
(315, 'NIÑO MANUEL, S. L.', 1, NULL, 'PASEO DE LA MOLINILLA, S/N', 'Aracena', 21200, NULL, NULL, 'Alimentacion', NULL, NULL, NULL, NULL, 3, 'Huelva', NULL, 959128245, 0, NULL, NULL),
(316, 'SIERRA RICA SL', 1, NULL, 'POLIGONO CANTALGALLO C/ LA JULIANITA NAVE 7-9', 'Aracena', 21200, NULL, NULL, 'Alimentacion', NULL, NULL, NULL, NULL, 3, 'Huelva', NULL, 959127327, 0, NULL, NULL),
(317, 'HI-TECH PACKAKING, S. A.', 1, NULL, 'POL. IND. CANTALGALLO PARC. 1,3,5,7 Y 9', 'Aracena', 21200, NULL, NULL, 'Alimentacion', NULL, NULL, NULL, NULL, 3, 'Huelva', NULL, 954531193, 0, NULL, NULL),
(318, 'CARNICAS SEGUNDIN, S.L.U.', 1, NULL, 'CTRA. SEVILLA-LISBOA, KM. 89', 'Aracena', 21200, NULL, NULL, 'Alimentacion', NULL, NULL, NULL, NULL, 3, 'Huelva', NULL, 959127677, 0, NULL, NULL),
(319, 'JAMONES JABUGO QUIROS, S.L.', 1, NULL, 'POLIGONO IND. CANTALGALLO, C/I NAVE 3', 'Aracena', 21200, NULL, NULL, 'Alimentacion', NULL, NULL, NULL, NULL, 3, 'Huelva', NULL, 959000000, 0, NULL, NULL),
(320, 'ESTHER OLIVEROS PANDO', 1, NULL, 'FINCA LOS GARRIDOS S/N', 'Aracena', 21200, NULL, NULL, 'Alimentacion', NULL, NULL, NULL, NULL, 3, 'Huelva', NULL, 656197177, 0, NULL, NULL),
(321, 'IBERCASTAÑO ROBLEDO, S.L.', 1, NULL, 'C/RITA PEREIRA, 7', 'Aracena', 21200, NULL, NULL, 'Alimentacion', NULL, NULL, NULL, NULL, 3, 'Huelva', NULL, 959000000, 0, NULL, NULL),
(322, 'HNOS VELAZQUEZ JABUGO, SA', 1, NULL, 'PASEO ORDOÑEZ VALDEZ S/N', 'Aroche', 21000, NULL, NULL, 'Alimentacion', NULL, NULL, NULL, NULL, 3, 'Huelva', NULL, 959140245, 0, NULL, NULL),
(323, 'OVIPOR, S.C.A.', 1, NULL, 'FINCA LA BELLEZA', 'Aroche', 21240, NULL, NULL, 'Alimentacion', NULL, NULL, NULL, NULL, 3, 'Huelva', NULL, 959236262, 0, NULL, NULL),
(324, 'FINCA LA CONTIENDA - EL MONTE', 1, NULL, 'LA CONTIENDA', 'Aroche', 41003, NULL, NULL, 'Alimentacion', NULL, NULL, NULL, NULL, 3, 'Huelva', NULL, 959000000, 0, NULL, NULL),
(325, 'ETNOMAYA, S.A.', 1, NULL, 'MUELLE NORTE, Nº 2', 'Ayamonte', 21400, NULL, NULL, 'Alimentacion', NULL, NULL, NULL, NULL, 3, 'Huelva', NULL, 959320064, 0, NULL, NULL),
(326, 'JUAN JESUS ROMERO E HIJOS, S. A.', 1, NULL, 'C/ GRANADO, Nº 12', 'Ayamonte', 21400, NULL, NULL, 'Alimentacion', NULL, NULL, NULL, NULL, 3, 'Huelva', NULL, 959470751, 0, NULL, NULL),
(327, 'PREPARADOS COSTA DE LA LUZ, S.L.', 1, NULL, 'C/ SAN MATEO, 40', 'Ayamonte', 21400, NULL, NULL, 'Alimentacion', NULL, NULL, NULL, NULL, 3, 'Huelva', NULL, 959322314, 0, NULL, NULL),
(328, 'CONSERVAS CONCEPCION HERMANOS AYAMONTE, S.A.', 1, NULL, 'ACTUACION INDUSTRIAL DE AYAMONTE NAVES E-F', 'Ayamonte', 21400, NULL, NULL, 'Alimentacion', NULL, NULL, NULL, NULL, 3, 'Huelva', NULL, 959320524, 0, NULL, NULL),
(329, 'RIA DEL CARRERAS, S.L.', 1, NULL, 'P.I. AYAMONTE. C/RIBERA DEL GUADIANA, 107', 'Ayamonte', 21400, NULL, NULL, 'Alimentacion', NULL, NULL, NULL, NULL, 3, 'Huelva', NULL, 959327020, 0, NULL, NULL),
(330, 'PESCA Y SALAZONES DEL SUROESTE, S.A.', 1, NULL, 'POLIGONO INDUSTRIAL SEPES PARCELAS, 2-3', 'Ayamonte', 21400, NULL, NULL, 'Alimentacion', NULL, NULL, NULL, NULL, 3, 'Huelva', NULL, 959321075, 0, NULL, NULL),
(331, 'MANUEL AMOROS E HIJOS S.A.', 1, NULL, 'POLIGONO INDUSTRIAL AYAMONTE ,PARCELA', 'Ayamonte', 21400, NULL, NULL, 'Alimentacion', NULL, NULL, NULL, NULL, 3, 'Huelva', NULL, 959000000, 0, NULL, NULL),
(332, 'PRODUCTOS CONGELADOS DEL SUR, S.A.', 1, NULL, 'POLIGONO INDUSTRIAL SANTA GADEA, C/GIBRALEON, Nº 16', 'Ayamonte', 21400, NULL, NULL, 'Alimentacion', NULL, NULL, NULL, NULL, 3, 'Huelva', NULL, 959000000, 0, NULL, NULL),
(333, 'LA FLOR DE LA CANELA, S.L.', 1, NULL, 'C/GIBRALEON, Nº 61', 'Ayamonte', 21400, NULL, NULL, 'Alimentacion', NULL, NULL, NULL, NULL, 3, 'Huelva', NULL, 959000000, 0, NULL, NULL),
(334, 'ESTEROS DE CANELA, S.A.', 1, NULL, 'P.I. LA ESCARBADA, C/RIBERA DEL GUADIANA, PARCELA 1', 'Ayamonte', 21400, NULL, NULL, 'Alimentacion', NULL, NULL, NULL, NULL, 3, 'Huelva', NULL, 959000000, 0, NULL, NULL),
(335, 'NAVALGARVE, S.L.', 1, NULL, 'C/PUNTA UMBRIA, 36', 'Ayamonte', 21400, NULL, NULL, 'Alimentacion', NULL, NULL, NULL, NULL, 3, 'Huelva', NULL, 959000000, 0, NULL, NULL),
(336, 'S. C. A. DEL CAMPO NTRA. SRA. DEL REPOSO', 1, NULL, 'CANDÓN, 1', 'Beas', 21639, NULL, NULL, 'Alimentacion', NULL, NULL, NULL, NULL, 3, 'Huelva', NULL, 959308310, 0, NULL, NULL),
(337, 'COOPERATIVA DEL CAMPO SAN BARTOLOME, S.C. A.', 1, NULL, 'CRT. CLARINES, S/N', 'Beas', 21630, NULL, NULL, 'Alimentacion', NULL, NULL, NULL, NULL, 3, 'Huelva', NULL, 959308061, 0, NULL, NULL),
(338, 'JUANA ANGELES CRUZ LIROA', 1, NULL, 'CTRA. SAN JUAN PTO-CACERES, S/N', 'Beas', 21630, NULL, NULL, 'Alimentacion', NULL, NULL, NULL, NULL, 3, 'Huelva', NULL, 959000000, 0, NULL, NULL),
(339, 'BODEGA VINICOLA COOP. VIRGEN DE ESPAÑA, S. C. A.', 1, NULL, 'AVD. ANDALUCIA, 61', 'Beas', 21630, NULL, NULL, 'Alimentacion', NULL, NULL, NULL, NULL, 3, 'Huelva', NULL, 959308165, 0, NULL, NULL),
(340, 'MOLINO DE SAN NICOLAS Y SAN ESTEBAN - NICOLAS GOMEZ', 1, NULL, 'CRT. NACIONAL N - 345, KM 205 PARAJE LOS LLANOS', 'Beas', 21003, NULL, NULL, 'Alimentacion', NULL, NULL, NULL, NULL, 3, 'Huelva', NULL, 959248923, 0, NULL, NULL),
(341, 'GREGORIO MORA PALANCO', 1, NULL, 'CARRETERA BEAS-CANDON, KM 8', 'Beas', 21630, NULL, NULL, 'Alimentacion', NULL, NULL, NULL, NULL, 3, 'Huelva', NULL, 959309052, 0, NULL, NULL),
(342, 'PANIFICADORA ARTESANAL SANTA MARIA DE ESPAÑA, S.L.', 1, NULL, 'POLIGONO INDUSTRIAL LOS MOLINOS, NAVE Nº 4', 'Beas', 21630, NULL, NULL, 'Alimentacion', NULL, NULL, NULL, NULL, 3, 'Huelva', NULL, 959308044, 0, NULL, NULL),
(343, 'COOPERATIVA CORCHERA SAN JOSE', 1, NULL, 'C/LA FUENTE, 15', 'Berrocal', 21647, NULL, NULL, 'Alimentacion', NULL, NULL, NULL, NULL, 3, 'Huelva', NULL, 959577083, 0, NULL, NULL),
(344, 'SANTIAGO PEREA, S. L.', 1, NULL, 'CRUZ DE MONTAÑINA, 2', 'Bollullos Par del Condado', 21710, NULL, NULL, 'Alimentacion', NULL, NULL, NULL, NULL, 3, 'Huelva', NULL, 959410231, 0, NULL, NULL),
(345, 'JOSE Y MIGUEL MARTIN, S. L.', 1, NULL, 'ALMARAZ, 36', 'Bollullos Par del Condado', 21710, NULL, NULL, 'Alimentacion', NULL, NULL, NULL, NULL, 3, 'Huelva', NULL, 959410069, 0, NULL, NULL),
(346, 'SAN ISIDRO, S. C. A.', 1, NULL, 'TRES DE ABRIL, 7', 'Bollullos Par del Condado', 21710, NULL, NULL, 'Alimentacion', NULL, NULL, NULL, NULL, 3, 'Huelva', NULL, 959410702, 0, NULL, NULL),
(347, 'JOSE Y MIGUEL MARTIN, S. L.', 1, NULL, 'ALMARAZ, 36', 'Bollullos Par del Condado', 21710, NULL, NULL, 'Alimentacion', NULL, NULL, NULL, NULL, 3, 'Huelva', NULL, 959410069, 0, NULL, NULL),
(348, 'BODEGAS DIAZ, S.L.', 1, NULL, 'AVDA. DE LA PAZ Nº 43', 'Bollullos Par del Condado', 21710, NULL, NULL, 'Alimentacion', NULL, NULL, NULL, NULL, 3, 'Huelva', NULL, 959000000, 0, NULL, NULL),
(349, 'JUAN ACOSTA CAMACHO - BODEGAS ACOSTA', 1, NULL, 'ALMARAZ, 28', 'Bollullos Par del Condado', 21710, NULL, NULL, 'Alimentacion', NULL, NULL, NULL, NULL, 3, 'Huelva', NULL, 959410058, 0, NULL, NULL),
(350, 'ANTONIO ANGEL BENJUMEA GONZALEZ', 1, NULL, 'C/ ANDALUCIA, Nº 14', 'Bollullos Par del Condado', 21710, NULL, NULL, 'Alimentacion', NULL, NULL, NULL, NULL, 3, 'Huelva', NULL, 959000000, 0, NULL, NULL),
(351, 'JOSE ANTONIO RAPOSO MARTIN', 1, NULL, 'MIGUEL HERNANDEZ 37', 'Bollullos Par del Condado', 21710, NULL, NULL, 'Alimentacion', NULL, NULL, NULL, NULL, 3, 'Huelva', NULL, 959410565, 0, NULL, NULL),
(352, 'JOSE Y MIGUEL MARTIN, S. L.', 1, NULL, 'AVDA. DE LA PAZ, Nº 41.', 'Bollullos Par del Condado', 21710, NULL, NULL, 'Alimentacion', NULL, NULL, NULL, NULL, 3, 'Huelva', NULL, 959410069, 0, NULL, NULL),
(353, 'VINICOLA DEL CONDADO, S. C. A.', 1, NULL, 'SAN JOSE 2', 'Bollullos Par del Condado', 21710, NULL, NULL, 'Alimentacion', NULL, NULL, NULL, NULL, 3, 'Huelva', NULL, 959410261, 0, NULL, NULL),
(354, 'BODEGAS SAUCI, S. L.', 1, NULL, 'DR FELMING 1', 'Bollullos Par del Condado', 21710, NULL, NULL, 'Alimentacion', NULL, NULL, NULL, NULL, 3, 'Huelva', NULL, 959410424, 0, NULL, NULL),
(355, 'JAIME OLIVEROS PEREA', 1, NULL, 'RABIDA 12', 'Bollullos Par del Condado', 21710, NULL, NULL, 'Alimentacion', NULL, NULL, NULL, NULL, 3, 'Huelva', NULL, 959410393, 0, NULL, NULL),
(356, 'BODEGAS IGLESIAS - JOSE Mº IGLESIAS PEREA', 1, NULL, 'TENIENTE MERCHANTE 2', 'Bollullos Par del Condado', 21710, NULL, NULL, 'Alimentacion', NULL, NULL, NULL, NULL, 3, 'Huelva', NULL, 959410439, 0, NULL, NULL),
(357, 'JOSE Y MIGUEL MARTIN, S. L.', 1, NULL, 'MIGUEL HERNANDEZ, Nº 74', 'Bollullos Par del Condado', 21710, NULL, NULL, 'Alimentacion', NULL, NULL, NULL, NULL, 3, 'Huelva', NULL, 959410069, 0, NULL, NULL),
(358, 'S.C.A. COMERCIALIZACION HORTOFRUTICOLA  FRUTOS DEL CONDADO', 1, NULL, 'POL EL LIRIO S/N', 'Bollullos Par del Condado', 21710, NULL, NULL, 'Alimentacion', NULL, NULL, NULL, NULL, 3, 'Huelva', NULL, 959410727, 0, NULL, NULL),
(359, 'S.A.T. SOL CONDADO', 1, NULL, 'C/ PENDIQUE, 1', 'Bollullos Par del Condado', 21710, NULL, NULL, 'Alimentacion', NULL, NULL, NULL, NULL, 3, 'Huelva', NULL, 959412186, 0, NULL, NULL),
(360, 'UNILAND SOCIEDAD COOPERATIVA', 1, NULL, 'SAGASTA N0 3', 'Bollullos Par del Condado', 21710, NULL, NULL, 'Alimentacion', NULL, NULL, NULL, NULL, 3, 'Huelva', NULL, 959000000, 0, NULL, NULL),
(361, 'JAMONES SANCHEZ, S.L.', 1, NULL, 'C/GUADALQUIVIR, 7', 'Bollullos Par del Condado', 21710, NULL, NULL, 'Alimentacion', NULL, NULL, NULL, NULL, 3, 'Huelva', NULL, 959000000, 0, NULL, NULL),
(362, 'BODEGAS DOÑANA, S. L.', 2, NULL, 'POL IND. EL LIRIO - C/ LABRADORES, 2', 'Bollullos Par del Condado', 21710, NULL, NULL, 'Alimentacion', NULL, NULL, NULL, NULL, 3, 'Huelva', NULL, 959411513, 0, NULL, NULL),
(363, 'JOSE Y MIGUEL MARTIN, S. L.', 1, NULL, 'POLIGONO EL LIRIO, 14', 'Bollullos Par del Condado', 21710, NULL, NULL, 'Alimentacion', NULL, NULL, NULL, NULL, 3, 'Huelva', NULL, 959410069, 0, NULL, NULL),
(364, 'VINAGRES Y TONELES MARTIN, S. L.', 1, NULL, 'POL EL LIRIO, NAVE 4', 'Bollullos Par del Condado', 21710, NULL, NULL, 'Alimentacion', NULL, NULL, NULL, NULL, 3, 'Huelva', NULL, 959410069, 0, NULL, NULL),
(365, 'BODEGAS ANDRADE, S. L.', 1, NULL, 'AVD. CORONACION, 35', 'Bollullos Par del Condado', 21710, NULL, NULL, 'Alimentacion', NULL, NULL, NULL, NULL, 3, 'Huelva', NULL, 959410106, 0, NULL, NULL),
(366, 'BODEGAS DIAZ, S.L.', 1, NULL, 'C/TONELEROS, 6', 'Bollullos Par del Condado', 21710, NULL, NULL, 'Alimentacion', NULL, NULL, NULL, NULL, 3, 'Huelva', NULL, 959410340, 0, NULL, NULL),
(367, 'pescadehuelva, s.l.', 1, NULL, 'c/freseros', 'Bollullos Par del Condado', 21710, NULL, NULL, 'Alimentacion', NULL, NULL, NULL, NULL, 3, 'Huelva', NULL, 658980640, 0, NULL, NULL),
(368, 'FRESAS DE HUELVA S.L.', 1, NULL, 'C/ FRESEROS S/N', 'Bollullos Par del Condado', 21710, NULL, NULL, 'Alimentacion', NULL, NULL, NULL, NULL, 3, 'Huelva', NULL, 959408094, 0, NULL, NULL),
(369, 'AVICOLA DEL CONDADO, S.L.', 1, NULL, 'C/MIGUEL HERNANDEZ, 47', 'Bollullos Par del Condado', 21710, NULL, NULL, 'Alimentacion', NULL, NULL, NULL, NULL, 3, 'Huelva', NULL, 959000000, 0, NULL, NULL),
(370, 'JOSE Y MIGUEL MARTIN, S. L.', 1, NULL, 'PARCELA IA1-1 POLIGONO INDUSTRIAL EL LIRIO', 'Bollullos Par del Condado', 21710, NULL, NULL, 'Alimentacion', NULL, NULL, NULL, NULL, 3, 'Huelva', NULL, 959410069, 0, NULL, NULL),
(371, 'JOSE MARIA RAPOSO, S.L.', 1, NULL, 'VELAZQUEZ, 6', 'Bollullos Par del Condado', 21710, NULL, NULL, 'Alimentacion', NULL, NULL, NULL, NULL, 3, 'Huelva', NULL, 959410327, 0, NULL, NULL),
(372, 'PESCADOS ELABORADOS DE HUELVA, S.L.', 1, NULL, 'POLIGONO EL LIRIO NAVE 15-16', 'Bollullos Par del Condado', 21710, NULL, NULL, 'Alimentacion', NULL, NULL, NULL, NULL, 3, 'Huelva', NULL, 959000000, 0, NULL, NULL),
(373, 'S. C. A.  STA MARIA SALOME', 1, NULL, 'AVD. DE ROCiANA, Nº 18', 'Bonares', 21830, NULL, NULL, 'Alimentacion', NULL, NULL, NULL, NULL, 3, 'Huelva', NULL, 959366210, 0, NULL, NULL),
(375, 'DMJ FRES, S.L.', 1, NULL, 'PARAJE CAÑADA DEL AGUA-TORVISCO', 'Bonares', 21830, NULL, NULL, 'Alimentacion', NULL, NULL, NULL, NULL, 3, 'Huelva', NULL, 959500642, 0, NULL, NULL),
(376, 'FRUTAS DE BONARES, S. C. A.', 1, NULL, 'POL. IND. EL CORCHITO, PARC.3 Y 7', 'Bonares', 21830, NULL, NULL, 'Alimentacion', NULL, NULL, NULL, NULL, 3, 'Huelva', NULL, 959364859, 0, NULL, NULL),
(377, '"""BONAFRU"", S. C. A. HORTOFRUTICOLA DE BONARES"', 1, NULL, 'POL. IND. EL CORCHITO, 2ª FASE', 'Bonares', 21830, NULL, NULL, 'Alimentacion', NULL, NULL, NULL, NULL, 3, 'Huelva', NULL, 959366133, 0, NULL, NULL),
(378, 'EL PILONAR, S.A.T.', 1, NULL, 'PAREJE LAS PALOMERAS', 'Bonares', 21083, NULL, NULL, 'Alimentacion', NULL, NULL, NULL, NULL, 3, 'Huelva', NULL, 959000000, 0, NULL, NULL),
(380, 'FRUTAS HERMANOS PULIDO, S. L.', 1, NULL, 'POL. IND. EL CORCHITO PARCELA 18-19', 'Bonares', 21830, NULL, NULL, 'Alimentacion', NULL, NULL, NULL, NULL, 3, 'Huelva', NULL, 686960192, 0, NULL, NULL),
(381, 'FRANCISCO MORA MORALES, S. L.', 1, NULL, 'CAÑADA DEL HORNITO', 'Bonares', 21830, NULL, NULL, 'Alimentacion', NULL, NULL, NULL, NULL, 3, 'Huelva', NULL, 959500558, 0, NULL, NULL),
(382, 'QUESOS DOÑANA, S.L.L.', 1, NULL, 'POLIGONO INDUSTRIAL EL CORCHITO, PARCELA 60', 'Bonares', 21830, NULL, NULL, 'Alimentacion', NULL, NULL, NULL, NULL, 3, 'Huelva', NULL, 615585797, 0, NULL, NULL),
(383, 'JAMONES ASENCIO, S. L.', 1, NULL, 'C/ Santo 37', 'Cabezas Rubias', 21580, NULL, NULL, 'Alimentacion', NULL, NULL, NULL, NULL, 3, 'Huelva', NULL, 959251439, 0, NULL, NULL),
(384, 'HERMANOS ALVAREZ ROQUE, S.L.', 1, NULL, 'PASEO DE LA ERMITA, S/N', 'Cala', 21270, NULL, NULL, 'Alimentacion', NULL, NULL, NULL, NULL, 3, 'Huelva', NULL, 959191445, 0, NULL, NULL),
(385, 'ROMERO SUPRIANO, S.L.', 1, NULL, 'POLIG. IND. JUAN DEL CID CALONGE, PARCELA 14.', 'Cala', 21270, NULL, NULL, 'Alimentacion', NULL, NULL, NULL, NULL, 3, 'Huelva', NULL, 959191059, 0, NULL, NULL),
(386, 'FABRICA LA POSADA, S.L.L.', 1, NULL, 'C/MALAGA, 9', 'Cala', 21270, NULL, NULL, 'Alimentacion', NULL, NULL, NULL, NULL, 3, 'Huelva', NULL, 959191223, 0, NULL, NULL),
(387, 'RUOLSUR, S.L.', 1, NULL, 'POLIGONO INDUSTRIAL JUAN EL CID CALONGE, PARCELAS 1, 2, 3 Y 4', 'Cala', 21270, NULL, NULL, 'Alimentacion', NULL, NULL, NULL, NULL, 3, 'Huelva', NULL, 959000000, 0, NULL, NULL),
(388, 'IVAN DIAZ VAZQUEZ', 1, NULL, 'POLIGONO INDUSTRIAL JUAN DEL CID CALONGE 1-2-3', 'Cala', 21270, NULL, NULL, 'Alimentacion', NULL, NULL, NULL, NULL, 3, 'Huelva', NULL, 669645374, 0, NULL, NULL),
(389, 'JAMONES TERNERO CANDAU, S.L.', 1, NULL, 'CARRETERA CALA-MINAS DE CALA, S/N', 'Cala', 21270, NULL, NULL, 'Alimentacion', NULL, NULL, NULL, NULL, 3, 'Huelva', NULL, 954260660, 0, NULL, NULL),
(390, 'QUESOS REYES SIERRA DE HINOJALES, S.L.U.', 1, NULL, 'POLIGONO INDUSTRIAL JUAN DEL CID CALONGE 15-NAVE 14', 'Cala', 21270, NULL, NULL, 'Alimentacion', NULL, NULL, NULL, NULL, 3, 'Huelva', NULL, 959000000, 0, NULL, NULL),
(391, 'OVIPOR, S.C.A.', 1, NULL, 'CARRETERA LAVADERO, S/N', 'Calañas', 21300, NULL, NULL, 'Alimentacion', NULL, NULL, NULL, NULL, 3, 'Huelva', NULL, 959236262, 0, NULL, NULL),
(392, 'SILVIA MORALES MURILLO', 1, NULL, 'C/EXTRAMUROS, S/N', 'Calañas', 21300, NULL, NULL, 'Alimentacion', NULL, NULL, NULL, NULL, 3, 'Huelva', NULL, 615634936, 0, NULL, NULL),
(393, 'VALDEURIQUE, S.L.', 1, NULL, 'C/SAN PEDRO, 91', 'Cartaya', 21450, NULL, NULL, 'Alimentacion', NULL, NULL, NULL, NULL, 3, 'Huelva', NULL, 616466339, 0, NULL, NULL),
(394, 'SDAD COOP AND HORTOFRUTICOLA DE CARTAYA', 1, NULL, 'CTRA CARTAYA-TARIQUEJO, KM 0,4', 'Cartaya', 21450, NULL, NULL, 'Alimentacion', NULL, NULL, NULL, NULL, 3, 'Huelva', NULL, 959391088, 0, NULL, NULL),
(395, 'S.A.T. MOGALLA', 1, NULL, 'FINCA LA MOGAYUELA, S/N', 'Cartaya', 21450, NULL, NULL, 'Alimentacion', NULL, NULL, NULL, NULL, 3, 'Huelva', NULL, 959000000, 0, NULL, NULL),
(396, 'FRUTAS ESTHER, S.A.', 1, NULL, 'FINCA VALDEFLORES, CRT. DE TARIQUEJO', 'Cartaya', 21450, NULL, NULL, 'Alimentacion', NULL, NULL, NULL, NULL, 3, 'Huelva', NULL, 959392456, 0, NULL, NULL),
(397, 'S.A.T. EXPORT SURFRUIT', 1, NULL, 'CTRA. CARTAYA-TARIQUEJO, S/N', 'Cartaya', 21450, NULL, NULL, 'Alimentacion', NULL, NULL, NULL, NULL, 3, 'Huelva', NULL, 959000000, 0, NULL, NULL),
(398, 'SAT H-006 CITROLUZ', 1, NULL, 'CTRA SEVILLA-AYAMONTE KM 103.5', 'Cartaya', 21450, NULL, NULL, 'Alimentacion', NULL, NULL, NULL, NULL, 3, 'Huelva', NULL, 959391524, 0, NULL, NULL),
(399, 'S.A.T. H-0032 GOLDFINGER', 1, NULL, 'CTRA. CARTAYA-TARIQUEJO, KM 6,3', 'Cartaya', 21450, NULL, NULL, 'Alimentacion', NULL, NULL, NULL, NULL, 3, 'Huelva', NULL, 959504242, 0, NULL, NULL),
(400, 'LAS VENDIOLAS, S.L.', 1, NULL, 'C/TRAS CAMPANAS, 10', 'Cartaya', 21450, NULL, NULL, 'Alimentacion', NULL, NULL, NULL, NULL, 3, 'Huelva', NULL, 625126456, 0, NULL, NULL),
(401, 'CENTRO INTEGRAL AGROALIMENTARIO, S. L. L.', 1, NULL, 'CRT. TARIQUEJO, KM 3', 'Cartaya', 21450, NULL, NULL, 'Alimentacion', NULL, NULL, NULL, NULL, 3, 'Huelva', NULL, 959521495, 0, NULL, NULL),
(402, 'RODRIGUEZ DE LEPE, S.L.', 1, NULL, 'CTRA. HUELVA-AYAMONTE S/N LA BARCA', 'Cartaya', 21450, NULL, NULL, 'Alimentacion', NULL, NULL, NULL, NULL, 3, 'Huelva', NULL, 959380030, 0, NULL, NULL),
(403, 'CARDIOPEIXE ESPAÑA, S.L.', 1, NULL, '"POL. INDUSTRIAS ""LA VIÑA"" NAVES B5 Y B6."', 'Cartaya', 21002, NULL, NULL, 'Alimentacion', NULL, NULL, NULL, NULL, 3, 'Huelva', NULL, 959030004, 0, NULL, NULL);
INSERT INTO `clientes` (`id`, `razon_social`, `fk_tipo_cliente`, `NIF`, `domicilio`, `localidad`, `CP`, `numero_empleados`, `web`, `sector`, `SPA_actual`, `fecha_renovacion`, `norma_implantada`, `creditos`, `fk_grupo_empresas`, `provincia`, `FAX`, `telefono`, `cliente_principal`, `observaciones`, `actividad`) VALUES
(404, 'CAMPOS DE LEPE, S. C. A.', 1, NULL, 'CRT. DE TARIQUEJOS, KM 4,5', 'Cartaya', 21450, NULL, NULL, 'Alimentacion', NULL, NULL, NULL, NULL, 3, 'Huelva', NULL, 959504086, 0, NULL, NULL),
(405, 'AGRICOLA ANTOLUZ, S.L.', 1, NULL, 'C/FAISAN, 8', 'Cartaya', 21450, NULL, NULL, 'Alimentacion', NULL, NULL, NULL, NULL, 3, 'Huelva', NULL, 959000000, 0, NULL, NULL),
(406, 'ELABORADOS TOSCANO S.L.', 1, NULL, 'POL. INDUSTRIAL LA PAJARITA, CTRA. N-431, HUELVA-AYAMONTE KM. 110', 'Cartaya', 21450, NULL, NULL, 'Alimentacion', NULL, NULL, NULL, NULL, 3, 'Huelva', NULL, 959000000, 0, NULL, NULL),
(407, 'MARISCOS LA PARADA S.L.', 1, NULL, 'POLIG. INDUSTRIAL LA BARCA NAVE 22 BD', 'Cartaya', 21450, NULL, NULL, 'Alimentacion', NULL, NULL, NULL, NULL, 3, 'Huelva', NULL, 959000000, 0, NULL, NULL),
(408, 'ALMACENES BENITO GARCIA', 1, NULL, 'PLAZA MUÑIZ PABLO Nº 3-4', 'Castaño del Robledo', 21290, NULL, NULL, 'Alimentacion', NULL, NULL, NULL, NULL, 3, 'Huelva', NULL, 959000000, 0, NULL, NULL),
(409, 'FUENTE DE ROBLEDO, S.L.', 1, NULL, 'CTRA. FUENTEHERIDOS, S/N', 'Castaño del Robledo', 21290, NULL, NULL, 'Alimentacion', NULL, NULL, NULL, NULL, 3, 'Huelva', NULL, 954769401, 0, NULL, NULL),
(410, 'JABUGO NATURE CLUB, S. L.', 1, NULL, 'AVD. DE LA PALMERA, 48', 'Castaño del Robledo', 41012, NULL, NULL, 'Alimentacion', NULL, NULL, NULL, NULL, 3, 'Huelva', NULL, 954991250, 0, NULL, NULL),
(411, 'CRIANZA JABUGO, S.L.', 1, NULL, 'CTRA. FUENTEHERIDOS, S/N', 'Castaño del Robledo', 21369, NULL, NULL, 'Alimentacion', NULL, NULL, NULL, NULL, 3, 'Huelva', NULL, 650448828, 0, NULL, NULL),
(412, 'Dª ANGELES LOPEZ ROMERO', 1, NULL, 'C/IGLESIA NUEVA, S/N', 'Castaño del Robledo', 21290, NULL, NULL, 'Alimentacion', NULL, NULL, NULL, NULL, 3, 'Huelva', NULL, 959000000, 0, NULL, NULL),
(413, 'JAMONES EIRIZ JABUGO, S.L.', 1, NULL, 'C/ PABLO BEJARANO, 43', 'Corteconcepción', 21209, NULL, NULL, 'Alimentacion', NULL, NULL, NULL, NULL, 3, 'Huelva', NULL, 959120019, 0, NULL, NULL),
(414, 'UNION CHACINERA DE CORTECONCEPCION, S.L.', 1, NULL, 'AVDA. JUAN RAMON JIMENEZ, 3', 'Corteconcepción', 21209, NULL, NULL, 'Alimentacion', NULL, NULL, NULL, NULL, 3, 'Huelva', NULL, 959120016, 0, NULL, NULL),
(415, 'BRAULIO ESTEBAN SANCHEZ', 1, NULL, 'JUAN RAMON JIMENEZ, 4', 'Corteconcepción', 21209, NULL, NULL, 'Alimentacion', NULL, NULL, NULL, NULL, 3, 'Huelva', NULL, 959140025, 0, NULL, NULL),
(416, 'DERIVADOS DEL CERDO IBERICO SA', 1, NULL, 'AVDA JUAN RAMON JIMENEZ SN', 'Corteconcepción', 21209, NULL, NULL, 'Alimentacion', NULL, NULL, NULL, NULL, 3, 'Huelva', NULL, 959120108, 0, NULL, NULL),
(417, 'MATADERO INDUSTRIAL DE CORTEGANA SA', 1, NULL, 'CRUZ 11', 'Cortegana', 21230, NULL, NULL, 'Alimentacion', NULL, NULL, NULL, NULL, 3, 'Huelva', NULL, 959130125, 0, NULL, NULL),
(418, 'JAMONES LAZO, S.A.', 1, NULL, 'AVDA PORTUGAL 6', 'Cortegana', 21230, NULL, NULL, 'Alimentacion', NULL, NULL, NULL, NULL, 3, 'Huelva', NULL, 959131560, 0, NULL, NULL),
(419, 'MANUEL MARTIN CORONADO', 1, NULL, 'C/SARGENTO BENITEZ CORONADO, 28', 'Cortegana', 21230, NULL, NULL, 'Alimentacion', NULL, NULL, NULL, NULL, 3, 'Huelva', NULL, 959131680, 0, NULL, NULL),
(420, 'MATADERO INDUSTRIAL DE CORTEGANA SA', 1, NULL, 'CRUZ 11', 'Cortegana', 21230, NULL, NULL, 'Alimentacion', NULL, NULL, NULL, NULL, 3, 'Huelva', NULL, 959130125, 0, NULL, NULL),
(421, 'FRANCISCO Y GREGORIO ALCAIDE CERA, S. L.', 1, NULL, 'AVD. DE PORTUGAL, 5-B', 'Cortegana', 21230, NULL, NULL, 'Alimentacion', NULL, NULL, NULL, NULL, 3, 'Huelva', NULL, 959131159, 0, NULL, NULL),
(422, 'LUIS CASTILLA SANCHEZ, S. A.', 1, NULL, 'PLAZA DEL PRADO, C/CARMEN, S/N', 'Cortegana', 21230, NULL, NULL, 'Alimentacion', NULL, NULL, NULL, NULL, 3, 'Huelva', NULL, 959131214, 0, NULL, NULL),
(423, 'JOSE BENITEZ SANCHEZ E HIJO SL', 1, NULL, 'POLIGONO INDUSTRIAL EL PONTON,PARCELAS 131,132,133', 'Cortegana', 21230, NULL, NULL, 'Alimentacion', NULL, NULL, NULL, NULL, 3, 'Huelva', NULL, 607362022, 0, NULL, NULL),
(424, 'HIJA DE ROMERO TAULER, C.B.', 1, NULL, 'CTRA. CORTEGANA-MONTEPUERTO KM. 1,8 (FINCA LA VIÑA LA AMERICANA)', 'Cortegana', 21230, NULL, NULL, 'Alimentacion', NULL, NULL, NULL, NULL, 3, 'Huelva', NULL, 690383997, 0, NULL, NULL),
(425, 'LA SERRANIA DE JABUGO, S.L.', 1, NULL, 'POLIG. IND. EL PONTON, PARCX. 113', 'Cortegana', 21230, NULL, NULL, 'Alimentacion', NULL, NULL, NULL, NULL, 3, 'Huelva', NULL, 959131717, 0, NULL, NULL),
(426, 'CORTELAZOR, S.C.A.', 1, NULL, 'C/ CABEZO, 1', 'Cortelazor', 21208, NULL, NULL, 'Alimentacion', NULL, NULL, NULL, NULL, 3, 'Huelva', NULL, 959124023, 0, NULL, NULL),
(427, 'SOL DE JABUGO, S.L.', 1, NULL, 'C/COLON, 9', 'Cumbres de Enmedio', 21387, NULL, NULL, 'Alimentacion', NULL, NULL, NULL, NULL, 3, 'Huelva', NULL, 954905760, 0, NULL, NULL),
(428, 'ANGEL SANCHEZ LARGO', 1, NULL, 'C/REAL, 31', 'Cumbres de San Bartolomé', 21386, NULL, NULL, 'Alimentacion', NULL, NULL, NULL, NULL, 3, 'Huelva', NULL, 959721049, 0, NULL, NULL),
(429, 'VDA NARCISO CHACON SA', 1, NULL, 'BENITO MORO, 4', 'Cumbres Mayores', 21380, NULL, NULL, 'Alimentacion', NULL, NULL, NULL, NULL, 3, 'Huelva', NULL, 959710050, 0, NULL, NULL),
(430, 'HIJOS DE ANTONIO DOMINGUEZ CHACON, S. L.', 1, NULL, 'FINCA LOS LLANOS, CTRA. CUMBRES MAYORES-HINOJALES', 'Cumbres Mayores', 21380, NULL, NULL, 'Alimentacion', NULL, NULL, NULL, NULL, 3, 'Huelva', NULL, 959710125, 0, NULL, NULL),
(431, 'JOSE RODRIGUEZ RODRIGUEZ', 1, NULL, 'C/RODEO, S/N', 'Cumbres Mayores', 21380, NULL, NULL, 'Alimentacion', NULL, NULL, NULL, NULL, 3, 'Huelva', NULL, 959710058, 0, NULL, NULL),
(432, 'PLACIDO NAVARRO SABIDO, S. L.', 1, NULL, 'C/ HUERTOS, Nº 9', 'Cumbres Mayores', 21380, NULL, NULL, 'Alimentacion', NULL, NULL, NULL, NULL, 3, 'Huelva', NULL, 959710077, 0, NULL, NULL),
(433, 'GABRIEL CASTAÑO S. L.', 1, NULL, 'SANTA CLARA, S/N', 'Cumbres Mayores', 21380, NULL, NULL, 'Alimentacion', NULL, NULL, NULL, NULL, 3, 'Huelva', NULL, 959710150, 0, NULL, NULL),
(434, 'EDUARDO VAZQUEZ VAZQUEZ', 1, NULL, 'C/ MONTECHICO S/N', 'Cumbres Mayores', 21380, NULL, NULL, 'Alimentacion', NULL, NULL, NULL, NULL, 3, 'Huelva', NULL, 959000000, 0, NULL, NULL),
(435, 'EULOGIO CASTAÑO RODRIGUEZ SA', 1, NULL, 'RABIDA S/N', 'Cumbres Mayores', 21000, NULL, NULL, 'Alimentacion', NULL, NULL, NULL, NULL, 3, 'Huelva', NULL, 959000000, 0, NULL, NULL),
(436, 'DEHESA EL GUIJARRAL SL', 1, NULL, 'C/PRADO, S/N', 'Cumbres Mayores', 21380, NULL, NULL, 'Alimentacion', NULL, NULL, NULL, NULL, 3, 'Huelva', NULL, 959150514, 0, NULL, NULL),
(437, 'HNOS. CASTAÑO FERNANDEZ, S.A.', 1, NULL, 'COLON, 19-20.', 'Cumbres Mayores', 21380, NULL, NULL, 'Alimentacion', NULL, NULL, NULL, NULL, 3, 'Huelva', NULL, 959710716, 0, NULL, NULL),
(438, 'MATADERO DE CUMBRES MAYORES S.A.', 1, NULL, 'CTRA A FUENTES DE LEON, KM 2', 'Cumbres Mayores', 21380, NULL, NULL, 'Alimentacion', NULL, NULL, NULL, NULL, 3, 'Huelva', NULL, 959501360, 0, NULL, NULL),
(439, 'JAMONES Y EMBUTIDOS GALVAN, S. L.', 1, NULL, 'PLAZA NUESTRA SRA. DE LA ESPERANZA Nº 3', 'Cumbres Mayores', 21380, NULL, NULL, 'Alimentacion', NULL, NULL, NULL, NULL, 3, 'Huelva', NULL, 959710103, 0, NULL, NULL),
(440, 'ENRIQUE CASTAÑO GUIJARRO', 1, NULL, 'PLAZA DE NTRA SRA DE LA ESPERANZA, 11', 'Cumbres Mayores', 21380, NULL, NULL, 'Alimentacion', NULL, NULL, NULL, NULL, 3, 'Huelva', NULL, 959710015, 0, NULL, NULL),
(441, 'GABRIEL CASTAÑO S. L.', 1, NULL, 'LOS ABADES, 3', 'Cumbres Mayores', 21380, NULL, NULL, 'Alimentacion', NULL, NULL, NULL, NULL, 3, 'Huelva', NULL, 959710150, 0, NULL, NULL),
(442, 'FRANCISCO NAVARRO CARRANZA', 1, NULL, 'C/ONUBA, 13', 'Cumbres Mayores', 21380, NULL, NULL, 'Alimentacion', NULL, NULL, NULL, NULL, 3, 'Huelva', NULL, 959710291, 0, NULL, NULL),
(443, 'VAZQUEZ MOYA S.L.', 1, NULL, 'C/ HUERTOS, Nº 8', 'Cumbres Mayores', 21380, NULL, NULL, 'Alimentacion', NULL, NULL, NULL, NULL, 3, 'Huelva', NULL, 959710160, 0, NULL, NULL),
(444, 'HERMANOS CARDENO, S.L.', 1, NULL, 'PLAZA DEL AMPARO, Nº 8', 'Cumbres Mayores', 21380, NULL, NULL, 'Alimentacion', NULL, NULL, NULL, NULL, 3, 'Huelva', NULL, 959710351, 0, NULL, NULL),
(445, 'HIJOS DE ANTONIO DOMINGUEZ CHACON, S. L.', 1, NULL, 'FINCA LOS LLANOS, CTRA. CUMBRES MAYORES-HINOJALES', 'Cumbres Mayores', 21380, NULL, NULL, 'Alimentacion', NULL, NULL, NULL, NULL, 3, 'Huelva', NULL, 959710125, 0, NULL, NULL),
(446, 'JAMONES Y EMBUTIDOS CASA RUIZ, S.L.', 1, NULL, 'C/HUERTOS, Nº 5', 'Cumbres Mayores', 21380, NULL, NULL, 'Alimentacion', NULL, NULL, NULL, NULL, 3, 'Huelva', NULL, 954228624, 0, NULL, NULL),
(447, 'ANTONIO CASTAÑO CASTAÑO, S.L.', 1, NULL, 'C/SANTA CLARA, S/N', 'Cumbres Mayores', 21380, NULL, NULL, 'Alimentacion', NULL, NULL, NULL, NULL, 3, 'Huelva', NULL, 959000000, 0, NULL, NULL),
(448, 'DEHESA EL GUIJARRAL SL', 1, NULL, 'TRAVESIA NARCISO SUAREZ 4', 'Cumbres Mayores', 21380, NULL, NULL, 'Alimentacion', NULL, NULL, NULL, NULL, 3, 'Huelva', NULL, 954150614, 0, NULL, NULL),
(449, 'FRANCISCO BARRAGAN LOPEZ', 1, NULL, 'TRASERAS AVDA. DE LA CONSTITUCION, S/N', 'Cumbres Mayores', 21380, NULL, NULL, 'Alimentacion', NULL, NULL, NULL, NULL, 3, 'Huelva', NULL, 959710298, 0, NULL, NULL),
(450, 'DISTRIBUCIONES NAVARRO MORO, S.L.', 1, NULL, 'CTRA. CIRCUNVALACION, S/N', 'Cumbres Mayores', 21380, NULL, NULL, 'Alimentacion', NULL, NULL, NULL, NULL, 3, 'Huelva', NULL, 616976523, 0, NULL, NULL),
(451, 'JABUGO REAL, S.L.', 1, NULL, 'MONTECHICO, 9 Y 11', 'Cumbres Mayores', 21380, NULL, NULL, 'Alimentacion', NULL, NULL, NULL, NULL, 3, 'Huelva', NULL, 959000000, 0, NULL, NULL),
(452, 'JAMONES EL CAMPO, S. L.', 1, NULL, 'MONTECHICO, 9 Y 11', 'Cumbres Mayores', 21380, NULL, NULL, 'Alimentacion', NULL, NULL, NULL, NULL, 3, 'Huelva', NULL, 959600556, 0, NULL, NULL),
(454, 'MONICA CARRANZA RODRIGUEZ', 1, NULL, 'COLON, 7', 'Cumbres Mayores', 21380, NULL, NULL, 'Alimentacion', NULL, NULL, NULL, NULL, 3, 'Huelva', NULL, 959710552, 0, NULL, NULL),
(455, 'ALBERTO FERNANDEZ NAVARRO', 1, NULL, 'FINCA LA SOLANA, S/N', 'Cumbres Mayores', 21380, NULL, NULL, 'Alimentacion', NULL, NULL, NULL, NULL, 3, 'Huelva', NULL, 959710157, 0, NULL, NULL),
(456, 'HIJOS DE NARCISO VAZQUEZ FERNANDEZ, C.B.', 1, NULL, 'CAMINO VIEJO DE CUMBRES MAYORES A HINOJALES', 'Cumbres Mayores', 21380, NULL, NULL, 'Alimentacion', NULL, NULL, NULL, NULL, 3, 'Huelva', NULL, 959710009, 0, NULL, NULL),
(458, 'IGNACIO CASTAÑO CASTAÑO', 1, NULL, 'C/LA VERBENA, 4', 'Cumbres Mayores', 21380, NULL, NULL, 'Alimentacion', NULL, NULL, NULL, NULL, 3, 'Huelva', NULL, 655358727, 0, NULL, NULL),
(460, 'ANTONIO JOSE CASTAÑO NAVARRO', 1, NULL, 'CTRA. CUMBRES MAYORES-HINOJALES, KM 1 PARAJE LA ESTACION', 'Cumbres Mayores', 21004, NULL, NULL, 'Alimentacion', NULL, NULL, NULL, NULL, 3, 'Huelva', NULL, 959710176, 0, NULL, NULL),
(461, 'ANTONIO CHAVES CARDENO', 1, NULL, 'CTRA. CUMBRES MAYORES-HINOJALES KM 1 FINCA LA SOLANA', 'Cumbres Mayores', 21380, NULL, NULL, 'Alimentacion', NULL, NULL, NULL, NULL, 3, 'Huelva', NULL, 959710474, 0, NULL, NULL),
(462, 'PLACIDO GARCIA DOMINGUEZ', 1, NULL, 'C/SEVILLA, 21', 'Cumbres Mayores', 21380, NULL, NULL, 'Alimentacion', NULL, NULL, NULL, NULL, 3, 'Huelva', NULL, 651856543, 0, NULL, NULL),
(463, 'HERMANOS DOMINGUEZ CAMACHO C.B.', 1, NULL, 'FINCA LOS LLANOS S/N', 'Cumbres Mayores', 21380, NULL, NULL, 'Alimentacion', NULL, NULL, NULL, NULL, 3, 'Huelva', NULL, 959000000, 0, NULL, NULL),
(464, 'ANTONIO MIGUEL CASTAÑO PAEZ', 1, NULL, '"FINCA ""LA SOLANA"""', 'Cumbres Mayores', 21380, NULL, NULL, 'Alimentacion', NULL, NULL, NULL, NULL, 3, 'Huelva', NULL, 653969225, 0, NULL, NULL),
(465, 'TOMAS CAMACHO GONZALEZ', 1, NULL, 'C/ANTONIO MACHADO, S/N', 'Cumbres Mayores', 21380, NULL, NULL, 'Alimentacion', NULL, NULL, NULL, NULL, 3, 'Huelva', NULL, 959000000, 0, NULL, NULL),
(467, 'COOP. SAN ISIDRO LABRADOR', 1, NULL, 'LA CARTUJA, 92', 'Chucena', 21891, NULL, NULL, 'Alimentacion', NULL, NULL, NULL, NULL, 3, 'Huelva', NULL, 959424032, 0, NULL, NULL),
(468, 'S. C. A. NTRA. SRA. DE LA ESTRELLA', 1, NULL, 'LA COOPERATIVA, Nº 12', 'Chucena', 21891, NULL, NULL, 'Alimentacion', NULL, NULL, NULL, NULL, 3, 'Huelva', NULL, 959424223, 0, NULL, NULL),
(469, 'ALMAZARA DE HUELVA, S.L.', 1, NULL, 'VALENCITA, S/N', 'Encinasola', 21390, NULL, NULL, 'Alimentacion', NULL, NULL, NULL, NULL, 3, 'Huelva', NULL, 959714113, 0, NULL, NULL),
(470, 'S. C. A. CAMPO DE TEJADA', 1, NULL, 'CTRA DE LA ESTACION S/N', 'Escacena del Campo', 21870, NULL, NULL, 'Alimentacion', NULL, NULL, NULL, NULL, 3, 'Huelva', NULL, 959423222, 0, NULL, NULL),
(471, 'CASTAÑERA SERRANA, S.C.A', 1, NULL, 'CTRA. HV-3112 GALAROZA-VALDELARCO, KM. 0,200', 'Galaroza', 21290, NULL, NULL, 'Alimentacion', NULL, NULL, NULL, NULL, 3, 'Huelva', NULL, 959123168, 0, NULL, NULL),
(472, 'COMUNIDAD DE BIENES HERMANOS FERNANDEZ', 1, NULL, 'GUMERSINDO MARQUEZ, 30', 'Galaroza', 21291, NULL, NULL, 'Alimentacion', NULL, NULL, NULL, NULL, 3, 'Huelva', NULL, 959123131, 0, NULL, NULL),
(473, 'MATADERO JABUGO GALAROZA SL', 1, NULL, 'CTRA SEVILLA-LISBOA, KM 62', 'Galaroza', 21291, NULL, NULL, 'Alimentacion', NULL, NULL, NULL, NULL, 3, 'Huelva', NULL, 959000000, 0, NULL, NULL),
(474, 'NTRA. SRA. DE LA OLIVA, S.C. A.', 1, NULL, 'CRT. NACIONAL 431, KM 91,5', 'Gibraleón', 21500, NULL, NULL, 'Alimentacion', NULL, NULL, NULL, NULL, 3, 'Huelva', NULL, 959300033, 0, NULL, NULL),
(475, 'VINICOLA VALVERDEJO, S. L.', 1, NULL, 'CRT. GIBRALEON - TRIGUEROS KM 2', 'Gibraleón', 21500, NULL, NULL, 'Alimentacion', NULL, NULL, NULL, NULL, 3, 'Huelva', NULL, 959240215, 0, NULL, NULL),
(476, 'TILLA HUELVA, S.C.A.', 1, NULL, 'CTRA. N-431 HUELVA-AYAMONTE KM. 97', 'Gibraleón', 21500, NULL, NULL, 'Alimentacion', NULL, NULL, NULL, NULL, 3, 'Huelva', NULL, 959300822, 0, NULL, NULL),
(477, 'FRUTEMSA', 1, NULL, 'CTRA. SEVILLA-AYAMONTE, KM 87', 'Gibraleón', 21500, NULL, NULL, 'Alimentacion', NULL, NULL, NULL, NULL, 3, 'Huelva', NULL, 959356310, 0, NULL, NULL),
(478, 'BODEGAS VALLOTTON, S.C.A.', 1, NULL, 'CAMINO DEL RINCO, S/N', 'Gibraleón', 21500, NULL, NULL, 'Alimentacion', NULL, NULL, NULL, NULL, 3, 'Huelva', NULL, 959318407, 0, NULL, NULL),
(479, 'LA JOYA DE LOS VAZQUEZ, S. L.', 1, NULL, 'FINCA LOS CHARCOS LA JOYA', 'Granada de Río-Tinto (La)', 21668, NULL, NULL, 'Alimentacion', NULL, NULL, NULL, NULL, 3, 'Huelva', NULL, 959587015, 0, NULL, NULL),
(480, 'LA JOYA DE LOS VAZQUEZ, S. L.', 1, NULL, 'ANGEL BUENO, 33', 'Granada de Río-Tinto (La)', 21668, NULL, NULL, 'Alimentacion', NULL, NULL, NULL, NULL, 3, 'Huelva', NULL, 959587015, 0, NULL, NULL),
(481, 'RAMOS DOMINGUEZ, S.L.', 1, NULL, 'C/VIRGEN DEL PRADO, 47', 'Higuera de la Sierra', 21220, NULL, NULL, 'Alimentacion', NULL, NULL, NULL, NULL, 3, 'Huelva', NULL, 959196092, 0, NULL, NULL),
(482, 'SIERRALACT HUELVA, S. L.', 1, NULL, 'POL. IND. PUERTA DEL PARQUE NATURAL, PARC C1', 'Higuera de la Sierra', 21200, NULL, NULL, 'Alimentacion', NULL, NULL, NULL, NULL, 3, 'Huelva', NULL, 959196048, 0, NULL, NULL),
(483, 'SIERRACORCH, S.L.', 1, NULL, 'POLIGONO PUERTA DEL PARQUE NATUAL', 'Higuera de la Sierra', 21220, NULL, NULL, 'Alimentacion', NULL, NULL, NULL, NULL, 3, 'Huelva', NULL, 959262510, 0, NULL, NULL),
(484, 'GABRIEL LOPEZ ESCRIVA', 1, NULL, 'POLIG. IND. PUERTA PARQUE NATURAL, S/N', 'Higuera de la Sierra', 21220, NULL, NULL, 'Alimentacion', NULL, NULL, NULL, NULL, 3, 'Huelva', NULL, 959196129, 0, NULL, NULL),
(485, 'DESTILERIA MARTES SANTOS, S.L.', 1, NULL, 'P.I. MOLINO DE LA FONTANILLA, NAVE - 6', 'Higuera de la Sierra', 21220, NULL, NULL, 'Alimentacion', NULL, NULL, NULL, NULL, 3, 'Huelva', NULL, 959196376, 0, NULL, NULL),
(486, '"EXPLO AGRICOLA ""LAS MORERAS"" S. A."', 1, NULL, 'CTRA HINOJOS-ALMONTE, KM 4, FINCA LAS MORERAS', 'Hinojos', 21740, NULL, NULL, 'Alimentacion', NULL, NULL, NULL, NULL, 3, 'Huelva', NULL, 959506119, 0, NULL, NULL),
(487, 'ESTORNINO, S.L.U.', 1, NULL, 'CTRA.SEVILLA-ALMONTE, KM.- 32', 'Hinojos', 21740, NULL, NULL, 'Alimentacion', NULL, NULL, NULL, NULL, 3, 'Huelva', NULL, 959459302, 0, NULL, NULL),
(488, 'INVERSIONES RUSTICA Y URBANA S. JOSE, S. L.', 1, NULL, 'CRT. PILAS - ALMONTE KM 5,6', 'Hinojos', 21740, NULL, NULL, 'Alimentacion', NULL, NULL, NULL, NULL, 3, 'Huelva', NULL, 959459302, 0, NULL, NULL),
(489, 'ACEITUNERA VIRGEN DE LAS NIEVES, S. L.', 1, NULL, 'PLAZA DE LA PAZ, 5', 'Hinojos', 21740, NULL, NULL, 'Alimentacion', NULL, NULL, NULL, NULL, 3, 'Huelva', NULL, 959459235, 0, NULL, NULL),
(490, 'S.C.A. OLIVARERA HINOJOS', 1, NULL, 'C/ ALMONTE, 43', 'Hinojos', 21740, NULL, NULL, 'Alimentacion', NULL, NULL, NULL, NULL, 3, 'Huelva', NULL, 959459600, 0, NULL, NULL),
(491, 'SADA p.a. ANDALUCIA, S.A.', 1, NULL, 'POL. IND. TARTESOS Nº 20-22', 'Huelva', 21080, NULL, NULL, 'Alimentacion', NULL, NULL, NULL, NULL, 3, 'Huelva', NULL, 959367738, 0, NULL, NULL),
(492, 'EXPROMAR SA', 1, NULL, 'ALONSO DE OJEDA SN', 'Huelva', 21002, NULL, NULL, 'Alimentacion', NULL, NULL, NULL, NULL, 3, 'Huelva', NULL, 959246717, 0, NULL, NULL),
(493, 'RIOTINTO FRUIT, S. A.', 1, NULL, 'FINCA EL ZUMAJO', 'Huelva', 21650, NULL, NULL, 'Alimentacion', NULL, NULL, NULL, NULL, 3, 'Huelva', NULL, 959588058, 0, NULL, NULL),
(494, 'FRIGORIFICOS CRUSTAMAR, S. A.', 1, NULL, 'MUELLE DE LEVANTE, S/N', 'Huelva', 21001, NULL, NULL, 'Alimentacion', NULL, NULL, NULL, NULL, 3, 'Huelva', NULL, 959253490, 0, NULL, NULL),
(495, 'ANTONIO FERNANDEZ MOAR', 1, NULL, 'POL. POLIRROSA CALLE I NAVE 147-A', 'Huelva', 21007, NULL, NULL, 'Alimentacion', NULL, NULL, NULL, NULL, 3, 'Huelva', NULL, 649720401, 0, NULL, NULL),
(496, 'PRODUCTOS NORA DE ALVARADO SL', 1, NULL, 'POLIGONO INDUSTRIAL LAS YUCAS NAVE 5', 'Huelva', 21001, NULL, NULL, 'Alimentacion', NULL, NULL, NULL, NULL, 3, 'Huelva', NULL, 959154421, 0, NULL, NULL),
(497, 'ROSA MARIA CONDE ACITORES', 1, NULL, 'AVDA. DE MEJICO, 48-49', 'Huelva', 21001, NULL, NULL, 'Alimentacion', NULL, NULL, NULL, NULL, 3, 'Huelva', NULL, 959249629, 0, NULL, NULL),
(499, 'PESCADOS Y MARISCOS NORAY, S. L.', 1, NULL, 'POL. POLIRROSA, C/C NAVE 304', 'Huelva', 21007, NULL, NULL, 'Alimentacion', NULL, NULL, NULL, NULL, 3, 'Huelva', NULL, 959237944, 0, NULL, NULL),
(500, 'MARISCOS MENDEZ, S. L.', 1, NULL, 'POL. PESQUERO NORTE, S/N', 'Huelva', 21002, NULL, NULL, 'Alimentacion', NULL, NULL, NULL, NULL, 3, 'Huelva', NULL, 959281785, 0, NULL, NULL),
(501, 'PRIETO VELASCO, S. L.', 1, NULL, 'AVD. DE MEJICO, MODULO 30', 'Huelva', 21001, NULL, NULL, 'Alimentacion', NULL, NULL, NULL, NULL, 3, 'Huelva', NULL, 959253776, 0, NULL, NULL),
(502, 'FRANCISCO SALVADOR RODRIGUEZ BORRERO', 1, NULL, 'POL. IND. NAVILUZ, 13', 'Huelva', 21007, NULL, NULL, 'Alimentacion', NULL, NULL, NULL, NULL, 3, 'Huelva', NULL, 959222590, 0, NULL, NULL),
(503, 'FMC-FORET, S.A.', 1, NULL, 'AVDA. FRANCISCO MONTENEGRO', 'Huelva', 21001, NULL, NULL, 'Alimentacion', NULL, NULL, NULL, NULL, 3, 'Huelva', NULL, 959540566, 0, NULL, NULL),
(504, 'PESCADOS GONZALEZ LOPEZ, S.L.', 1, NULL, 'CALLE G, NAVES 49 Y 50 POLIGONO INDUSTRIAL TARTESOS', 'Huelva', 21100, NULL, NULL, 'Alimentacion', NULL, NULL, NULL, NULL, 3, 'Huelva', NULL, 959312801, 0, NULL, NULL),
(505, 'TERMINAL MARITIMA DE HUELVA, S.L.', 1, NULL, 'JOSE NOGALES 5-3ºB', 'Huelva', 21001, NULL, NULL, 'Alimentacion', NULL, NULL, NULL, NULL, 3, 'Huelva', NULL, 959000000, 0, NULL, NULL),
(506, 'NILEFOS QUIMICA, S.A.U.', 1, NULL, 'AVDA. FRANCISCO MONTENEGRO, S/N', 'Huelva', 21001, NULL, NULL, 'Alimentacion', NULL, NULL, NULL, NULL, 3, 'Huelva', NULL, 959280677, 0, NULL, NULL),
(507, 'PAULAPESCA S.A.', 1, NULL, 'POLG. INDUSTRIAL EL RINCON NAVE 19', 'Huelva', 21001, NULL, NULL, 'Alimentacion', NULL, NULL, NULL, NULL, 3, 'Huelva', NULL, 959000000, 0, NULL, NULL),
(508, 'MARISCOS FRESCOHUELVA S.A.', 1, NULL, 'LONJA PESCADERIA MODULOS 83-84-91', 'Huelva', 21001, NULL, NULL, 'Alimentacion', NULL, NULL, NULL, NULL, 3, 'Huelva', NULL, 959000000, 0, NULL, NULL),
(509, 'ANDIVIAMAR. S.L.', 1, NULL, 'POLIGONO POLIRROSA, NAVE 207', 'Huelva', 21007, NULL, NULL, 'Alimentacion', NULL, NULL, NULL, NULL, 3, 'Huelva', NULL, 959235645, 0, NULL, NULL),
(510, 'MARISCOS COSTA DE LA LUZ, S.L.', 1, NULL, 'AVDA. DE MEJICO, MODULO 26', 'Huelva', 21001, NULL, NULL, 'Alimentacion', NULL, NULL, NULL, NULL, 3, 'Huelva', NULL, 959000000, 0, NULL, NULL),
(511, 'MARISCOS HUELVA MAR, S.L.', 1, NULL, 'AVDA. DE MEJICO, MODULO 25', 'Huelva', 21001, NULL, NULL, 'Alimentacion', NULL, NULL, NULL, NULL, 3, 'Huelva', NULL, 959000000, 0, NULL, NULL),
(512, 'S.A.T. HUERTA NOBLE', 1, NULL, 'FINCA HUERTA NOBLE, CTRA. LA REDONDELA, S/N', 'Isla Cristina', 21410, NULL, NULL, 'Alimentacion', NULL, NULL, NULL, NULL, 3, 'Huelva', NULL, 959343737, 0, NULL, NULL),
(513, '"S.A.T. Nº 4877 ""LA REDONDELA"""', 1, NULL, 'FINCA DEHESA EL TARAY, S/N LA REDONDELA', 'Isla Cristina', 21430, NULL, NULL, 'Alimentacion', NULL, NULL, NULL, NULL, 3, 'Huelva', NULL, 959341225, 0, NULL, NULL),
(514, 'UNION SALAZONERA ISLEÑA, S.A.', 1, NULL, 'POLIGONO INDUSTRIAL LA DEHESA, S/N', 'Isla Cristina', 21430, NULL, NULL, 'Alimentacion', NULL, NULL, NULL, NULL, 3, 'Huelva', NULL, 959343350, 0, NULL, NULL),
(515, 'ALFONSECA, S. A. T. Nº 0018', 1, NULL, 'CTRA. NAC. HUELVA-AYAMONTE, Km. 127,7', 'Isla Cristina', 21430, NULL, NULL, 'Alimentacion', NULL, NULL, NULL, NULL, 3, 'Huelva', NULL, 959343330, 0, NULL, NULL),
(516, 'MARTIN DORADO, S. L.', 1, NULL, 'MUELLE MARTINEZ CATENA, S/N', 'Isla Cristina', 21410, NULL, NULL, 'Alimentacion', NULL, NULL, NULL, NULL, 3, 'Huelva', NULL, 959343554, 0, NULL, NULL),
(517, 'PANIFICADORA ISLEÑA Nª Sª DEL CARMEN, S.A.', 1, NULL, 'C/ SAN ANTONIO, Nº 27', 'Isla Cristina', 21410, NULL, NULL, 'Alimentacion', NULL, NULL, NULL, NULL, 3, 'Huelva', NULL, 959330920, 0, NULL, NULL),
(518, 'PESCATUN ISLEÑA S. L.', 1, NULL, 'C/ MUELLE MARTINEZ CATENA, Nº 7', 'Isla Cristina', 21410, NULL, NULL, 'Alimentacion', NULL, NULL, NULL, NULL, 3, 'Huelva', NULL, 659950277, 0, NULL, NULL),
(519, 'LANGOSTINOS DE HUELVA, S.A.', 1, NULL, 'CARRETERA DE POZO DEL CAMINO A ISLA CRISTINA, S/N', 'Isla Cristina', 21410, NULL, NULL, 'Alimentacion', NULL, NULL, NULL, NULL, 3, 'Huelva', NULL, 959343080, 0, NULL, NULL),
(520, 'PESCADOS Y MARISCOS MANUEL CARRASCO DE ISLA CRISTINA, S.L.', 1, NULL, 'POLIGONO VISTAHERMOSA NAVE 7', 'Isla Cristina', 21410, NULL, NULL, 'Alimentacion', NULL, NULL, NULL, NULL, 3, 'Huelva', NULL, 959000000, 0, NULL, NULL),
(521, 'LUNAPESCA, S.L.U.', 1, NULL, 'C/MACULA, Nº 23', 'Isla Cristina', 21410, NULL, NULL, 'Alimentacion', NULL, NULL, NULL, NULL, 3, 'Huelva', NULL, 959000000, 0, NULL, NULL),
(522, 'ENCARNACION DE LA CRUZ DIAZ', 1, NULL, 'C/DIEGO PEREZ PASCUAL, Nº 28', 'Isla Cristina', 21410, NULL, NULL, 'Alimentacion', NULL, NULL, NULL, NULL, 3, 'Huelva', NULL, 959000000, 0, NULL, NULL),
(523, 'ADAMARTI S.L.', 1, NULL, 'POLIG. IND. SALINAS VISTA HERMOSA Nº 1', 'Isla Cristina', 21410, NULL, NULL, 'Alimentacion', NULL, NULL, NULL, NULL, 3, 'Huelva', NULL, 959000000, 0, NULL, NULL),
(524, 'LA ALMEJA DE ORO, S.L.', 1, NULL, 'BARRIADA DE ROMAN PEREZ, C/18 DE JULIO Nº 12', 'Isla Cristina', 21410, NULL, NULL, 'Alimentacion', NULL, NULL, NULL, NULL, 3, 'Huelva', NULL, 959000000, 0, NULL, NULL),
(525, 'ANTONIO RODRIGUEZ PEREZ', 1, NULL, 'C/CAÑABATE, Nº 28', 'Isla Cristina', 21410, NULL, NULL, 'Alimentacion', NULL, NULL, NULL, NULL, 3, 'Huelva', NULL, 959000000, 0, NULL, NULL),
(526, 'NEVA 54, S.L.', 1, NULL, 'C/DIEGO PEREZ PASCUAL, 22', 'Isla Cristina', 21410, NULL, NULL, 'Alimentacion', NULL, NULL, NULL, NULL, 3, 'Huelva', NULL, 959000000, 0, NULL, NULL),
(527, 'GRO MAR S.L.', 1, NULL, 'POLIGONO VISTA HERMOSA NAVE 18', 'Isla Cristina', 21410, NULL, NULL, 'Alimentacion', NULL, NULL, NULL, NULL, 3, 'Huelva', NULL, 959000000, 0, NULL, NULL),
(528, 'PESCADOS Y MARISCOS MILLAN S.L.', 1, NULL, 'BARRIADA RAMON PEREZ S/N', 'Isla Cristina', 21410, NULL, NULL, 'Alimentacion', NULL, NULL, NULL, NULL, 3, 'Huelva', NULL, 959330011, 0, NULL, NULL),
(529, 'JOAQUIN FERNANDEZ GONZALEZ', 1, NULL, 'C/ DIEGO PEREZ PASCUAL Nº 24', 'Isla Cristina', 21410, NULL, NULL, 'Alimentacion', NULL, NULL, NULL, NULL, 3, 'Huelva', NULL, 959000000, 0, NULL, NULL),
(530, 'PESCADOS MARIN CHIPIONA, S.L.', 1, NULL, 'C/DIEGO PEREZ PASCUAL, Nº 37', 'Isla Cristina', 21410, NULL, NULL, 'Alimentacion', NULL, NULL, NULL, NULL, 3, 'Huelva', NULL, 959000000, 0, NULL, NULL),
(531, 'LA ROMEREÑA, S. L.', 1, NULL, 'ANGEL MARQUEZ,6 - LOS ROMEROS DE JABUGO', 'Jabugo', 21290, NULL, NULL, 'Alimentacion', NULL, NULL, NULL, NULL, 3, 'Huelva', NULL, 959124465, 0, NULL, NULL),
(532, 'SANCHEZ ROMERO CARVAJAL, S.A.', 1, NULL, 'CTRA. SAN JUAN DEL PUERTO-CACERES, S/N', 'Jabugo', 21290, NULL, NULL, 'Alimentacion', NULL, NULL, NULL, NULL, 3, 'Huelva', NULL, 959121194, 0, NULL, NULL),
(533, 'JAMONES LA JOYA JABUGO, S.L.', 1, NULL, 'EL REPILADO', 'Jabugo', 21360, NULL, NULL, 'Alimentacion', NULL, NULL, NULL, NULL, 3, 'Huelva', NULL, 959122850, 0, NULL, NULL),
(534, 'MANUEL ROMERO DELGADO, S. L.', 1, NULL, 'JOSE ROMERO MARQUEZ, 6', 'Jabugo', 21369, NULL, NULL, 'Alimentacion', NULL, NULL, NULL, NULL, 3, 'Huelva', NULL, 959124444, 0, NULL, NULL),
(535, 'MONTESIERRA, S. A.', 1, NULL, 'BARCO , 6', 'Jabugo', 21290, NULL, NULL, 'Alimentacion', NULL, NULL, NULL, NULL, 3, 'Huelva', NULL, 956121206, 0, NULL, NULL),
(536, 'COMERCIAL JABU, S.L.', 1, NULL, 'CALLE INDUSTRIAS Nº 2.', 'Jabugo', 21360, NULL, NULL, 'Alimentacion', NULL, NULL, NULL, NULL, 3, 'Huelva', NULL, 959122712, 0, NULL, NULL),
(537, 'CENTELLES Y BUJ, S. L.', 1, NULL, 'C/VIRGEN, S/N - LOS ROMEROS -', 'Jabugo', 21290, NULL, NULL, 'Alimentacion', NULL, NULL, NULL, NULL, 3, 'Huelva', NULL, 961530957, 0, NULL, NULL),
(538, 'JUAN MACIAS JABUGO SA', 1, NULL, 'CTRA SAN JUAN-CACERES, S/N', 'Jabugo', 21290, NULL, NULL, 'Alimentacion', NULL, NULL, NULL, NULL, 3, 'Huelva', NULL, 959121419, 0, NULL, NULL),
(539, 'EMBUTIDOS JABUGO S. A.', 1, NULL, 'MARQUES DE ARACENA, 78', 'Jabugo', 21360, NULL, NULL, 'Alimentacion', NULL, NULL, NULL, NULL, 3, 'Huelva', NULL, 959122612, 0, NULL, NULL),
(540, 'MATADERO IND EL MAYORAZGO SA', 1, NULL, 'F.C. MAYORAZGO CTRA SEVILLA-LISBOA', 'Jabugo', 21000, NULL, NULL, 'Alimentacion', NULL, NULL, NULL, NULL, 3, 'Huelva', NULL, 959121390, 0, NULL, NULL),
(541, 'JAMONES Y EMBUTIDOS JABUGO, SA', 1, NULL, 'PROLONG.MARQUES DE ARACENA,S/N', 'Jabugo', 21290, NULL, NULL, 'Alimentacion', NULL, NULL, NULL, NULL, 3, 'Huelva', NULL, 959122678, 0, NULL, NULL),
(542, 'JAMON JABUGO, S.L.U.', 1, NULL, 'CTRA. JABUGO-HUELVA, KM 1', 'Jabugo', 21290, NULL, NULL, 'Alimentacion', NULL, NULL, NULL, NULL, 3, 'Huelva', NULL, 959121561, 0, NULL, NULL),
(543, 'JABUGO PEREGRINA, S.A.', 1, NULL, 'PLAZA DE ORIENTE, S/N EL REPILADO', 'Jabugo', 21360, NULL, NULL, 'Alimentacion', NULL, NULL, NULL, NULL, 3, 'Huelva', NULL, 959121388, 0, NULL, NULL),
(544, 'PEDRO PARRA E HIJOS, S.A.', 1, NULL, 'ROMAN TALERO, 2', 'Jabugo', 21360, NULL, NULL, 'Alimentacion', NULL, NULL, NULL, NULL, 3, 'Huelva', NULL, 959000000, 0, NULL, NULL),
(545, 'SIERRA DE JABUGO, S. L.', 1, NULL, 'ROMAN TALERO, 14', 'Jabugo', 21360, NULL, NULL, 'Alimentacion', NULL, NULL, NULL, NULL, 3, 'Huelva', NULL, 959122868, 0, NULL, NULL),
(546, 'MATADERO LA JABUGUEÑA S.L.', 1, NULL, 'PLAZA DE JOSE ANTONIO ESCUDERO RAIMONDEZ S/n', 'Jabugo', 21290, NULL, NULL, 'Alimentacion', NULL, NULL, NULL, NULL, 3, 'Huelva', NULL, 959000000, 0, NULL, NULL),
(547, 'CONSORCIO DE JABUGO SA', 1, NULL, 'AVDA INFANTA MARIA LUISA SN', 'Jabugo', 21290, NULL, NULL, 'Alimentacion', NULL, NULL, NULL, NULL, 3, 'Huelva', NULL, 959121155, 0, NULL, NULL),
(548, 'INDUSTRIAS REUNIDAS JABUGO, S. A.', 1, NULL, 'CRT. NACIONAL SEVILLA - LISBOA, S/N', 'Jabugo', 21860, NULL, NULL, 'Alimentacion', NULL, NULL, NULL, NULL, 3, 'Huelva', NULL, 959122871, 0, NULL, NULL),
(549, 'MANCHENIETO PASCUAL NIETO, S. L.', 1, NULL, 'ALFEREZ MANUEL ROMERO', 'Jabugo', 21290, NULL, NULL, 'Alimentacion', NULL, NULL, NULL, NULL, 3, 'Huelva', NULL, 959184886, 0, NULL, NULL),
(550, 'LOS ROMEROS DE JABUGO, S. L.', 1, NULL, 'CRT. SAN JUAN - CACERES , KM 435', 'Jabugo', 21290, NULL, NULL, 'Alimentacion', NULL, NULL, NULL, NULL, 3, 'Huelva', NULL, 959124460, 0, NULL, NULL),
(551, 'CENTELLES Y BUJ, S. L.', 1, NULL, 'NUEVO MUNDO, 1', 'Jabugo', 21290, NULL, NULL, 'Alimentacion', NULL, NULL, NULL, NULL, 3, 'Huelva', NULL, 961530957, 0, NULL, NULL),
(552, 'MAXIMILIANO JABUGO S.L.', 1, NULL, 'C/ MARQUES DE ARACENA Nº 4  (EL REPILADO)', 'Jabugo', 21360, NULL, NULL, 'Alimentacion', NULL, NULL, NULL, NULL, 3, 'Huelva', NULL, 959000000, 0, NULL, NULL),
(553, 'MATADERO IND EL MAYORAZGO SA', 1, NULL, 'CTRA SEVILLA-LISBOA', 'Jabugo', 21000, NULL, NULL, 'Alimentacion', NULL, NULL, NULL, NULL, 3, 'Huelva', NULL, 959121390, 0, NULL, NULL),
(554, 'DEHESAS  DEL MURTIGA, S.L.', 1, NULL, 'C/MARQUES DE ARACENA, Nº 1 - EL REPILADO -', 'Jabugo', 21360, NULL, NULL, 'Alimentacion', NULL, NULL, NULL, NULL, 3, 'Huelva', NULL, 959122631, 0, NULL, NULL),
(556, 'FRUTAS CIMAC, S.L.', 1, NULL, 'POLIGONO EL CHORRILLO, C/ARMEROS 12-14', 'Lepe', 21440, NULL, NULL, 'Alimentacion', NULL, NULL, NULL, NULL, 3, 'Huelva', NULL, 959383710, 0, NULL, NULL),
(557, 'MASIA CISCAR, S. A.', 1, NULL, '"FINCA ""LAS PALMERITAS"", CTRA. LA REDONDELA, KM. 1,2"', 'Lepe', 21440, NULL, NULL, 'Alimentacion', NULL, NULL, NULL, NULL, 3, 'Huelva', NULL, 959383301, 0, NULL, NULL),
(558, 'MASIA CISCAR, S. A.', 1, NULL, '"FINCA ""LAS PALMERITAS"", CTRA. LA REDONDELA, KM, 1,2"', 'Lepe', 21440, NULL, NULL, 'Alimentacion', NULL, NULL, NULL, NULL, 3, 'Huelva', NULL, 959383301, 0, NULL, NULL),
(559, 'AROFA, S. L.', 1, NULL, 'CRT. HUELVA - AYAMONTE KM 120,5', 'Lepe', 21440, NULL, NULL, 'Alimentacion', NULL, NULL, NULL, NULL, 3, 'Huelva', NULL, 959383048, 0, NULL, NULL),
(560, 'SDAD. COOP. AND. NTRA. SRA. DE LA BELLA', 1, NULL, 'AVD. BLAS INFANTE, S/N', 'Lepe', 21440, NULL, NULL, 'Alimentacion', NULL, NULL, NULL, NULL, 3, 'Huelva', NULL, 959383162, 0, NULL, NULL),
(561, 'EXPLOTACIONES AGRICOLAS CITROSANA, S.A.', 1, NULL, 'POLIGONO INDUSTRIAL EL CHORRITO', 'Lepe', 21440, NULL, NULL, 'Alimentacion', NULL, NULL, NULL, NULL, 3, 'Huelva', NULL, 959383862, 0, NULL, NULL),
(562, 'CASH LEPE S.A.', 1, NULL, 'POLIG. INDUSTRIAL EL CHORRILLO Nº 33', 'Lepe', 21440, NULL, NULL, 'Alimentacion', NULL, NULL, NULL, NULL, 3, 'Huelva', NULL, 959645060, 0, NULL, NULL),
(563, 'SATA AGROMEDINA S.L.', 1, NULL, 'FINCA VALDELUZ CTRA. NACIONAL 431 KM. 122,7 (APDO. CORREOS 50).', 'Lepe', 21440, NULL, NULL, 'Alimentacion', NULL, NULL, NULL, NULL, 3, 'Huelva', NULL, 959380613, 0, NULL, NULL),
(564, 'FRES NURI, S.L.', 1, NULL, 'POL. EL PRADO, C/LATEROS, 11', 'Lepe', 21440, NULL, NULL, 'Alimentacion', NULL, NULL, NULL, NULL, 3, 'Huelva', NULL, 620879394, 0, NULL, NULL),
(565, 'FRUTAS HERMANOS RODRIGUEZ SL', 1, NULL, 'POLIG. IND. HUERTA MARQUEZ, C/CAÑADA DEL PILAR, 2', 'Lepe', 21440, NULL, NULL, 'Alimentacion', NULL, NULL, NULL, NULL, 3, 'Huelva', NULL, 959388830, 0, NULL, NULL),
(566, 'TERMOPLA DE LEPE, S.L.', 1, NULL, 'AVDA. LA CONSTITUCIÓN, S/N.', 'Lepe', 21440, NULL, NULL, 'Alimentacion', NULL, NULL, NULL, NULL, 3, 'Huelva', NULL, 959380493, 0, NULL, NULL),
(567, 'FRUTAS MORTE-SOL, S. L.', 1, NULL, 'POL. IND. HUERTA MARQUEZ C/ VALLETARAY Nº 8', 'Lepe', 21440, NULL, NULL, 'Alimentacion', NULL, NULL, NULL, NULL, 3, 'Huelva', NULL, 959384430, 0, NULL, NULL),
(568, 'AGRUPROLEPE, S. A. T. H-0009', 1, NULL, 'CRT. NACIONAL 431 KM 122,2', 'Lepe', 21440, NULL, NULL, 'Alimentacion', NULL, NULL, NULL, NULL, 3, 'Huelva', NULL, 959384618, 0, NULL, NULL),
(569, 'PRODUCTORA CORCHITO, S.L.', 1, NULL, 'POLIG.INDUSTRIAL EL CHORRILLO 24-25-26.', 'Lepe', 21430, NULL, NULL, 'Alimentacion', NULL, NULL, NULL, NULL, 3, 'Huelva', NULL, 959382349, 0, NULL, NULL),
(570, 'HUDISA DESARROLLO INDUSTRIAL, S. A.', 1, NULL, 'PARQUE INDUSTRIAL LA GRAVERA FASE III, S/N', 'Lepe', 21440, NULL, NULL, 'Alimentacion', NULL, NULL, NULL, NULL, 3, 'Huelva', NULL, 959649013, 0, NULL, NULL),
(571, 'PIENSOS CERMEÑO, S. L.', 1, NULL, 'POL. IND. EL PRADO C/ ESTIBADORES Nº 3 Y 5', 'Lepe', 21440, NULL, NULL, 'Alimentacion', NULL, NULL, NULL, NULL, 3, 'Huelva', NULL, 959384000, 0, NULL, NULL),
(572, 'CONGELADOS LA BELLA, S. L.', 1, NULL, 'C/ TALABARTERO, 8 POL. IND. EL CHORRILLO', 'Lepe', 21440, NULL, NULL, 'Alimentacion', NULL, NULL, NULL, NULL, 3, 'Huelva', NULL, 959382077, 0, NULL, NULL),
(573, 'ALFRUT, S.A.T. H-0011', 1, NULL, 'CRT. NACIONAL 431 KM 122,2', 'Lepe', 21440, NULL, NULL, 'Alimentacion', NULL, NULL, NULL, NULL, 3, 'Huelva', NULL, 959384618, 0, NULL, NULL),
(574, 'PESCADOS Y MARISCOS MAKROSUR, S.L.', 1, NULL, 'POLIGONO INDUSTRIAL LA GRAVERA, PARCELA 85', 'Lepe', 21440, NULL, NULL, 'Alimentacion', NULL, NULL, NULL, NULL, 3, 'Huelva', NULL, 617423120, 0, NULL, NULL),
(575, 'MANUEL MARTIN PALANCO', 1, NULL, 'CTRA. LEPE-LA ANTILLA, KM 2', 'Lepe', 21440, NULL, NULL, 'Alimentacion', NULL, NULL, NULL, NULL, 3, 'Huelva', NULL, 659952559, 0, NULL, NULL),
(576, 'GRANJA MARTIN, S.L.', 1, NULL, 'LADERA DEL CABRERITO Y CORCHO, CTRA. LA ANTILLA, KM 2', 'Lepe', 21440, NULL, NULL, 'Alimentacion', NULL, NULL, NULL, NULL, 3, 'Huelva', NULL, 959504314, 0, NULL, NULL),
(577, 'PESQUERAS GOBER, S.L.', 1, NULL, 'POLIGONO INDUSTRIAL LA GRAVERA, PARCELA 46', 'Lepe', 21440, NULL, NULL, 'Alimentacion', NULL, NULL, NULL, NULL, 3, 'Huelva', NULL, 959000000, 0, NULL, NULL),
(578, 'S.C.A. COSTA DE HUELVA', 1, NULL, 'CAMINO DE LAS COLMENILLAS, S/N', 'Lucena del Puerto', 21820, NULL, NULL, 'Alimentacion', NULL, NULL, NULL, NULL, 3, 'Huelva', NULL, 959370125, 0, NULL, NULL),
(579, 'LUCENA FRUIT, S.L.', 1, NULL, 'CRT. DE SANTA CATALINA A 0,70 KM', 'Lucena del Puerto', 21820, NULL, NULL, 'Alimentacion', NULL, NULL, NULL, NULL, 3, 'Huelva', NULL, 959500202, 0, NULL, NULL),
(580, 'FRUTAS EL PINAR, SDAD.COOP.AND.', 1, NULL, 'BATALLA DE LEPANTO, 9', 'Lucena del Puerto', 21820, NULL, NULL, 'Alimentacion', NULL, NULL, NULL, NULL, 3, 'Huelva', NULL, 959500702, 0, NULL, NULL),
(581, 'FRESLUCENA, S. C. A.', 1, NULL, 'BONARES, S/N', 'Lucena del Puerto', 21820, NULL, NULL, 'Alimentacion', NULL, NULL, NULL, NULL, 3, 'Huelva', NULL, 959000000, 0, NULL, NULL),
(582, 'AGRICOLA EL BOSQUE, S. L.', 1, NULL, 'CRT. A-486 KM 10,5', 'Lucena del Puerto', 21820, NULL, NULL, 'Alimentacion', NULL, NULL, NULL, NULL, 3, 'Huelva', NULL, 639770024, 0, NULL, NULL),
(583, 'JOSE MARIA GOMEZ, S.L.', 1, NULL, 'CAMINO DE NIEBLA, 15', 'Lucena del Puerto', 21820, NULL, NULL, 'Alimentacion', NULL, NULL, NULL, NULL, 3, 'Huelva', NULL, 959360082, 0, NULL, NULL),
(584, 'S. C. A. VIRGEN DEL VALLE', 1, NULL, 'SAN ROQUE, 63', 'Manzanilla', 21890, NULL, NULL, 'Alimentacion', NULL, NULL, NULL, NULL, 3, 'Huelva', NULL, 959415204, 0, NULL, NULL),
(585, 'S. C. A. VITIVINICOLA MANZANILLERA', 1, NULL, 'SANTA MARIA 33', 'Manzanilla', 21890, NULL, NULL, 'Alimentacion', NULL, NULL, NULL, NULL, 3, 'Huelva', NULL, 959415055, 0, NULL, NULL),
(586, 'GONZALEZ CORBACHO E HIJOS, S. L.', 1, NULL, 'ISAAC PERAL 45', 'Marines (Los)', 21293, NULL, NULL, 'Alimentacion', NULL, NULL, NULL, NULL, 3, 'Huelva', NULL, 959124059, 0, NULL, NULL),
(587, '"SDAD COOP AND ""LA ESPERANZA DE LOS MARINES"', 1, NULL, 'C/ ISAAC PERAL, S/N', 'Marines (Los)', 21208, NULL, NULL, 'Alimentacion', NULL, NULL, NULL, NULL, 3, 'Huelva', NULL, 959124009, 0, NULL, NULL),
(588, 'HIJOS DE MAURICIO, S. L.', 1, NULL, 'CAMINO DE LA CANORRA, S/N', 'Moguer', 21800, NULL, NULL, 'Alimentacion', NULL, NULL, NULL, NULL, 3, 'Huelva', NULL, 959370185, 0, NULL, NULL),
(589, 'MOGUER, CUNA DE PLATERO S.C.A.', 1, NULL, 'CAMINO DE MONTEMAYOR, S/N', 'Moguer', 21800, NULL, NULL, 'Alimentacion', NULL, NULL, NULL, NULL, 3, 'Huelva', NULL, 959372125, 0, NULL, NULL),
(590, 'SAT 4771 (GRUFESA)', 1, NULL, 'CUESTA DE LA PILA, S/N', 'Moguer', 21000, NULL, NULL, 'Alimentacion', NULL, NULL, NULL, NULL, 3, 'Huelva', NULL, 959370712, 0, NULL, NULL),
(591, 'SAT 604 FRESTABER', 1, NULL, 'FINCA EL ALVITOREJO', 'Moguer', 21800, NULL, NULL, 'Alimentacion', NULL, NULL, NULL, NULL, 3, 'Huelva', NULL, 959500465, 0, NULL, NULL),
(592, 'COFRELUX, S.C.A.', 1, NULL, 'POLIGONO INDUSTRIAL LOS ARROYOS, S/N', 'Moguer', 21800, NULL, NULL, 'Alimentacion', NULL, NULL, NULL, NULL, 3, 'Huelva', NULL, 670580219, 0, NULL, NULL),
(593, 'ALCONERAS, S. C. A', 1, NULL, 'CRT. SAN JUAN DEL PUERTO - LA RABIDA KM 4,7', 'Moguer', 21800, NULL, NULL, 'Alimentacion', NULL, NULL, NULL, NULL, 3, 'Huelva', NULL, 959371822, 0, NULL, NULL),
(594, 'FRES GONZALEZ SAT 6158', 1, NULL, 'CTRA. SAN JUAN DEL PTO-LA RABIDA KM. 8,1', 'Moguer', 21800, NULL, NULL, 'Alimentacion', NULL, NULL, NULL, NULL, 3, 'Huelva', NULL, 959350012, 0, NULL, NULL),
(595, 'A MEDINA LAMA, SUR HORTICOLA', 1, NULL, 'FINCA LAS MADRES', 'Moguer', 21800, NULL, NULL, 'Alimentacion', NULL, NULL, NULL, NULL, 3, 'Huelva', NULL, 959350212, 0, NULL, NULL),
(596, 'AGROMOLINILLO, S. C. A.', 1, NULL, 'POL. EL ALGARROBITO, C/A, S/N', 'Moguer', 21800, NULL, NULL, 'Alimentacion', NULL, NULL, NULL, NULL, 3, 'Huelva', NULL, 959371211, 0, NULL, NULL),
(597, 'S. C. A. JOTE', 1, NULL, 'POLIG. LOS ARROYOS, S/N', 'Moguer', 21800, NULL, NULL, 'Alimentacion', NULL, NULL, NULL, NULL, 3, 'Huelva', NULL, 959370510, 0, NULL, NULL),
(598, 'FRUTAS HERMANOS MILLAN, S.L.', 1, NULL, 'POLIGONO INDUSTRIAL LOS ARROYOS, S/N', 'Moguer', 21800, NULL, NULL, 'Alimentacion', NULL, NULL, NULL, NULL, 3, 'Huelva', NULL, 959370505, 0, NULL, NULL),
(599, 'CENTRAL HORTOFRUTICOLA CUMBRES MALVINAS', 1, NULL, 'PARAJE CUMBRES MALVINAS.', 'Moguer', 21810, NULL, NULL, 'Alimentacion', NULL, NULL, NULL, NULL, 3, 'Huelva', NULL, 959500518, 0, NULL, NULL),
(600, 'INDOFRES, S. C. A.', 1, NULL, 'POL. IND. EL ALGARROBITO PARC. 55-56-57', 'Moguer', 21800, NULL, NULL, 'Alimentacion', NULL, NULL, NULL, NULL, 3, 'Huelva', NULL, 959371670, 0, NULL, NULL),
(601, 'MORA MORALES, S.L.', 1, NULL, '"POLIG. INDUSTRIAL ""EL ALGARROBITO"" PARCELAS 73 Y 74."', 'Moguer', 21800, NULL, NULL, 'Alimentacion', NULL, NULL, NULL, NULL, 3, 'Huelva', NULL, 959000000, 0, NULL, NULL),
(602, 'FRUTAS REMOLINO, S. L.', 1, NULL, 'POL. IND. EL ALGARROBITO PARCELAS 71 Y 72', 'Moguer', 21800, NULL, NULL, 'Alimentacion', NULL, NULL, NULL, NULL, 3, 'Huelva', NULL, 959000000, 0, NULL, NULL),
(603, 'FRUTAS DIAZ MOGUER, S. L.', 1, NULL, 'POL IND. LOS ARROYOS', 'Moguer', 21800, NULL, NULL, 'Alimentacion', NULL, NULL, NULL, NULL, 3, 'Huelva', NULL, 959371669, 0, NULL, NULL),
(604, 'MORA VILLARAN, S.L.', 1, NULL, 'CRT. DEL ROCIO, S/N', 'Moguer', 21800, NULL, NULL, 'Alimentacion', NULL, NULL, NULL, NULL, 3, 'Huelva', NULL, 950372734, 0, NULL, NULL),
(605, 'GAROMA, S.C.A.', 1, NULL, 'ZONA REGABLE EL AVITOREJO, PARCELA Nº 2', 'Moguer', 21800, NULL, NULL, 'Alimentacion', NULL, NULL, NULL, NULL, 3, 'Huelva', NULL, 959370855, 0, NULL, NULL),
(608, 'S. A. T. AGRO MOGUER Nº 8260', 1, NULL, 'PARAJE CUMBRES MAYORES', 'Moguer', 21800, NULL, NULL, 'Alimentacion', NULL, NULL, NULL, NULL, 3, 'Huelva', NULL, 959500898, 0, NULL, NULL),
(609, 'LOS KIKOS ESTUFRUTA S.L.', 1, NULL, 'POLIG. LOS ARROYOS , CTRA, EL ALGARROBITO Nº 7', 'Moguer', 21800, NULL, NULL, 'Alimentacion', NULL, NULL, NULL, NULL, 3, 'Huelva', NULL, 959000000, 0, NULL, NULL),
(610, 'EL BOLLO, TRANSPORTES Y EXCAVACIONES, S. L.', 1, NULL, 'POL. IND. EL ALGARROBITO PARCELAS 63 Y 64', 'Moguer', 21800, NULL, NULL, 'Alimentacion', NULL, NULL, NULL, NULL, 3, 'Huelva', NULL, 959371032, 0, NULL, NULL),
(611, 'S.C.A. LAS POSADILLAS', 1, NULL, 'FINCA LAS POSADILLAS S/N', 'Moguer', 21800, NULL, NULL, 'Alimentacion', NULL, NULL, NULL, NULL, 3, 'Huelva', NULL, 959500123, 0, NULL, NULL),
(612, 'S.A.T. Nº H-0039 RAIN LAKES', 1, NULL, 'CTRA. PALOS-MAZAGON KM. 9 FINCA LAS MADRES', 'Moguer', 21800, NULL, NULL, 'Alimentacion', NULL, NULL, NULL, NULL, 3, 'Huelva', NULL, 959000000, 0, NULL, NULL),
(613, 'S. C. A. JOTE', 1, NULL, 'AVDA DE LOS ALMENDROS, S/N', 'Moguer', 21800, NULL, NULL, 'Alimentacion', NULL, NULL, NULL, NULL, 3, 'Huelva', NULL, 959000000, 0, NULL, NULL),
(614, 'CIBELISIS, S. L.', 1, NULL, 'POL. IND. EL ALGARROBITO, PARCELAS 44 A 47', 'Moguer', 21800, NULL, NULL, 'Alimentacion', NULL, NULL, NULL, NULL, 3, 'Huelva', NULL, 959371899, 0, NULL, NULL),
(615, 'FRUTAS LA DAMA ROJA DEL SUR, S.L.U.', 1, NULL, 'FINCA LA CERILLA, POLIG. CATASTRAL 37-PARC. 8031 LAS MALVINAS', 'Moguer', 21800, NULL, NULL, 'Alimentacion', NULL, NULL, NULL, NULL, 3, 'Huelva', NULL, 959371377, 0, NULL, NULL),
(616, 'FRES GARRIDO, S.L.', 1, NULL, 'PARAJE LAS MALVINAS POLIGONO CATASTRAL, 35, PARCELA 8062B', 'Moguer', 21800, NULL, NULL, 'Alimentacion', NULL, NULL, NULL, NULL, 3, 'Huelva', NULL, 959990025, 0, NULL, NULL),
(617, 'HERMANOS GOLPE, S.C.A.', 1, NULL, 'CRUCE CAMINO DE MONTEMAYOR, S/N', 'Moguer', 21800, NULL, NULL, 'Alimentacion', NULL, NULL, NULL, NULL, 3, 'Huelva', NULL, 959000000, 0, NULL, NULL),
(618, 'SUCESORES DE JUAN ACEBEDO, S.L.', 1, NULL, 'POL. IND. LOS ARROYOS, C/ROBLE, 5', 'Moguer', 21800, NULL, NULL, 'Alimentacion', NULL, NULL, NULL, NULL, 3, 'Huelva', NULL, 959371664, 0, NULL, NULL),
(619, 'CONGELADOS ESCOBAR, S.A.', 1, NULL, 'CTRA. SEVILLA, S/N', 'Nerva', 21670, NULL, NULL, 'Alimentacion', NULL, NULL, NULL, NULL, 3, 'Huelva', NULL, 959580125, 0, NULL, NULL),
(620, 'NERVA CROISSANT, S.L.', 1, NULL, 'POLIG. IND. EL PERAL, CALLE C, NAVES 6-7', 'Nerva', 21670, NULL, NULL, 'Alimentacion', NULL, NULL, NULL, NULL, 3, 'Huelva', NULL, 959580366, 0, NULL, NULL),
(621, 'COOP. DEL CAMPO VIRGEN DE FATIMA, S. C. A.', 1, NULL, 'LA PEÑUELA', 'Niebla', 21840, NULL, NULL, 'Alimentacion', NULL, NULL, NULL, NULL, 3, 'Huelva', NULL, 959500039, 0, NULL, NULL),
(622, 'TRISA-SUR, S. A.', 1, NULL, 'FINCA LA JARETA CRT. NIEBLA - VALVERDE DEL CAMINO', 'Niebla', 21840, NULL, NULL, 'Alimentacion', NULL, NULL, NULL, NULL, 3, 'Huelva', NULL, 959540027, 0, NULL, NULL),
(623, 'JESUS CASTIZO SANCHEZ', 1, NULL, 'C/ALCAZAR Y PEREZ, 3', 'Palma del Condado (La)', 21700, NULL, NULL, 'Alimentacion', NULL, NULL, NULL, NULL, 3, 'Huelva', NULL, 959400183, 0, NULL, NULL),
(624, 'COOP. NTRA. SRA. DE GUIA, S. C. A.', 1, NULL, 'AVD. DE CONSTITUCION, 1-3', 'Palma del Condado (La)', 21700, NULL, NULL, 'Alimentacion', NULL, NULL, NULL, NULL, 3, 'Huelva', NULL, 959000000, 0, NULL, NULL),
(625, 'BODEGAS RUBIO, 1893 S.L.', 1, NULL, 'C/PALOS DE LA FRONTERA, 14', 'Palma del Condado (La)', 21700, NULL, NULL, 'Alimentacion', NULL, NULL, NULL, NULL, 3, 'Huelva', NULL, 959400743, 0, NULL, NULL),
(626, 'IBERFRUTA- MUERZA, S. A.', 1, NULL, 'CTRA DE ALMONTE KM 3', 'Palma del Condado (La)', 21700, NULL, NULL, 'Alimentacion', NULL, NULL, NULL, NULL, 3, 'Huelva', NULL, 959402115, 0, NULL, NULL),
(627, 'GILPER ALIMENTACION, S.L.', 1, NULL, 'POL. IND. VI CENTENARIO NAVES 5,6,7 Y 8', 'Palma del Condado (La)', 21700, NULL, NULL, 'Alimentacion', NULL, NULL, NULL, NULL, 3, 'Huelva', NULL, 959400255, 0, NULL, NULL),
(628, 'ACEITUNAS LA PALMA, S. L.', 1, NULL, 'CRT. DE BERROCAL, 1', 'Palma del Condado (La)', 21700, NULL, NULL, 'Alimentacion', NULL, NULL, NULL, NULL, 3, 'Huelva', NULL, 959401655, 0, NULL, NULL),
(630, 'MILESUA, S.L.', 1, NULL, 'POLIG. INDUSTRIAL VI CENTENARIO.', 'Palma del Condado (La)', 21700, NULL, NULL, 'Alimentacion', NULL, NULL, NULL, NULL, 3, 'Huelva', NULL, 959400150, 0, NULL, NULL),
(631, 'BODEGAS INFANTE, S. L.', 1, NULL, 'CALLE HINOJOS, 31-35', 'Palma del Condado (La)', 21700, NULL, NULL, 'Alimentacion', NULL, NULL, NULL, NULL, 3, 'Huelva', NULL, 959402567, 0, NULL, NULL),
(632, 'JAMONES LEAL DIAZ, S.L.', 1, NULL, 'CAMINO VIEJO DE SEVILLA, 29', 'Palma del Condado (La)', 21700, NULL, NULL, 'Alimentacion', NULL, NULL, NULL, NULL, 3, 'Huelva', NULL, 959000000, 0, NULL, NULL),
(633, 'PEDRO JESUS ALANIS GARCIA', 1, NULL, 'PAULINO CHAVES, 21-B', 'Palma del Condado (La)', 21700, NULL, NULL, 'Alimentacion', NULL, NULL, NULL, NULL, 3, 'Huelva', NULL, 959000000, 0, NULL, NULL),
(634, 'ARTESANIA DEL JAMON M. LEON, S.L.', 1, NULL, 'POLIGONO DEHESA BOYAL, C/BODEGAS SALAS NAVES 1-3', 'Palma del Condado (La)', 21700, NULL, NULL, 'Alimentacion', NULL, NULL, NULL, NULL, 3, 'Huelva', NULL, 959000000, 0, NULL, NULL),
(635, 'SDAD COOP AND  STA MARIA  DE LA RABIDA', 1, NULL, 'COMINO DE COCOLA S/N, POL. IND. SAN JORGE', 'Palos de la Frontera', 21810, NULL, NULL, 'Alimentacion', NULL, NULL, NULL, NULL, 3, 'Huelva', NULL, 959656020, 0, NULL, NULL),
(636, 'COMERCIAL AGRICOLA LA RABIDA, S. A. T. H- 0019', 1, NULL, 'POL IND SAN JORGE 11-12', 'Palos de la Frontera', 21810, NULL, NULL, 'Alimentacion', NULL, NULL, NULL, NULL, 3, 'Huelva', NULL, 959350012, 0, NULL, NULL),
(637, 'FRESCOLON S. L.', 1, NULL, 'POL IND SAN JORGE 95-96', 'Palos de la Frontera', 21810, NULL, NULL, 'Alimentacion', NULL, NULL, NULL, NULL, 3, 'Huelva', NULL, 959530295, 0, NULL, NULL),
(638, 'COMERCIAL LUZ-PALOS, S. L.', 1, NULL, 'PGNO. IND. SAN JORGE, 77, 78, 79, 94.', 'Palos de la Frontera', 21810, NULL, NULL, 'Alimentacion', NULL, NULL, NULL, NULL, 3, 'Huelva', NULL, 959350024, 0, NULL, NULL),
(639, 'S.A.T GOROFRES Nº 7523', 1, NULL, 'POL.  IND.  SAN JORGE Nº  43.', 'Palos de la Frontera', 21810, NULL, NULL, 'Alimentacion', NULL, NULL, NULL, NULL, 3, 'Huelva', NULL, 959351062, 0, NULL, NULL),
(640, 'AGRUFREPA, S.L.', 1, NULL, 'POL.IND. SAN JORGE, PARCELAS 60-61', 'Palos de la Frontera', 21810, NULL, NULL, 'Alimentacion', NULL, NULL, NULL, NULL, 3, 'Huelva', NULL, 959351054, 0, NULL, NULL),
(641, 'S.A.T. FRESPALOS', 1, NULL, 'POLIGONO INDUSTRIAL SAN JORGE, PARCELAS 83 Y 84', 'Palos de la Frontera', 21810, NULL, NULL, 'Alimentacion', NULL, NULL, NULL, NULL, 3, 'Huelva', NULL, 959351079, 0, NULL, NULL),
(642, 'FRES-PEREZ, S.L.', 1, NULL, 'POL.IND. SAN JORGE, PARC. 242', 'Palos de la Frontera', 21810, NULL, NULL, 'Alimentacion', NULL, NULL, NULL, NULL, 3, 'Huelva', NULL, 953530444, 0, NULL, NULL),
(643, 'SUR - ONUBA, S. L.', 1, NULL, 'POL. IND. SAN JORGE PARCELAS 270 - 271 Y 272', 'Palos de la Frontera', 21810, NULL, NULL, 'Alimentacion', NULL, NULL, NULL, NULL, 3, 'Huelva', NULL, 959530491, 0, NULL, NULL),
(644, 'FAUSTINO MOVIMIENTO DE TIERRAS, S. L.  - AGRUPIENS', 1, NULL, 'POL. SAN JORGE, 86', 'Palos de la Frontera', 21810, NULL, NULL, 'Alimentacion', NULL, NULL, NULL, NULL, 3, 'Huelva', NULL, 959350709, 0, NULL, NULL),
(645, 'FRESCARILY', 1, NULL, 'CAMINO DE AGUA DEL TORO S/N', 'Palos de la Frontera', 21810, NULL, NULL, 'Alimentacion', NULL, NULL, NULL, NULL, 3, 'Huelva', NULL, 670657809, 0, NULL, NULL),
(646, 'MARIFRANCIS, S.L.', 1, NULL, 'AVDA. AMERICA, 13', 'Palos de la Frontera', 21810, NULL, NULL, 'Alimentacion', NULL, NULL, 'GLOBAL GAP', NULL, 3, 'Huelva', NULL, 959530004, 0, NULL, NULL),
(647, 'BALDIFRESA, S.L.', 1, NULL, 'POLIG. INDUSTRIAL SAN JORGE, PARCELA Nº 284', 'Palos de la Frontera', 21810, NULL, NULL, 'Alimentacion', NULL, NULL, NULL, NULL, 3, 'Huelva', NULL, 959350799, 0, NULL, NULL),
(648, 'BRIGOMAR S.C.A.', 1, NULL, 'POLIG. INDUSTRIAL SAN JORGE NAVE 90', 'Palos de la Frontera', 21810, NULL, NULL, 'Alimentacion', NULL, NULL, NULL, NULL, 3, 'Huelva', NULL, 959530009, 0, NULL, NULL),
(649, 'AGRUPACION FRESERA PUERTO DE PALOS, S. L.', 1, NULL, 'POLG SAN JORGE 180-181-190-191', 'Palos de la Frontera', 21810, NULL, NULL, 'Alimentacion', NULL, NULL, NULL, NULL, 3, 'Huelva', NULL, 959500212, 0, NULL, NULL),
(650, 'ERSHIP, S. A.', 1, NULL, 'POL. IND. NUEVO PUERTO PARCELAS 45, 45C Y 45 D', 'Palos de la Frontera', 21810, NULL, NULL, 'Alimentacion', NULL, NULL, NULL, NULL, 3, 'Huelva', NULL, 959215100, 0, NULL, NULL),
(651, 'JUAN AROCHA, S.L.', 1, NULL, 'AVDA. AMERICA, 6', 'Palos de la Frontera', 21810, NULL, NULL, 'Alimentacion', NULL, NULL, NULL, NULL, 3, 'Huelva', NULL, 959350440, 0, NULL, NULL),
(652, 'FRES LAGUNA, S.L.', 1, NULL, 'POLIGONO INDUSTRIAL SAN JORGE, 32-33', 'Palos de la Frontera', 21810, NULL, NULL, 'Alimentacion', NULL, NULL, NULL, NULL, 3, 'Huelva', NULL, 959000000, 0, NULL, NULL),
(653, 'FRESTARAI, S.L.', 1, NULL, 'CAMINO AGUAS DEL TORO, S/N', 'Palos de la Frontera', 21810, NULL, NULL, 'Alimentacion', NULL, NULL, NULL, NULL, 3, 'Huelva', NULL, 699975065, 0, NULL, NULL),
(654, 'ALGRY QUIMICA, S.L.', 1, NULL, 'POLIGONO INDUSTRIAL NUEVO PUERTO PARCELA 3', 'Palos de la Frontera', 21810, NULL, NULL, 'Alimentacion', NULL, NULL, NULL, NULL, 3, 'Huelva', NULL, 959369900, 0, NULL, NULL),
(655, 'ERSHIP, S. A.', 1, NULL, 'MUELLE I JUAN GONZALO, TINGLADO 1 Y 4.', 'Palos de la Frontera', 21810, NULL, NULL, 'Alimentacion', NULL, NULL, NULL, NULL, 3, 'Huelva', NULL, 959215100, 0, NULL, NULL),
(656, 'JURAFRESA, S.L.', 1, NULL, 'POLIGONO INDUSTRIAL SAN JORGE NAVE 262', 'Palos de la Frontera', 21810, NULL, NULL, 'Alimentacion', NULL, NULL, NULL, NULL, 3, 'Huelva', NULL, 959530322, 0, NULL, NULL),
(657, 'KRUSTAGROUP SAU', 1, NULL, 'POLG. INDUSTRIAL VILLAFRIA PARCELA 5-8', 'Palos de la Frontera', 21810, NULL, NULL, 'Alimentacion', NULL, NULL, NULL, NULL, 3, 'Huelva', NULL, 959000000, 0, NULL, NULL),
(658, 'S. C. A.  OLIVARERA SAN BARTOLOME', 1, NULL, 'EL PALACIO', 'Paterna del Campo', 21880, NULL, NULL, 'Alimentacion', NULL, NULL, NULL, NULL, 3, 'Huelva', NULL, 959428229, 0, NULL, NULL),
(659, 'NOGON, S.A.', 1, NULL, 'FINCA ROSALA DE VALDERA', 'Paterna del Campo', 21880, NULL, NULL, 'Alimentacion', NULL, NULL, NULL, NULL, 3, 'Huelva', NULL, 954769401, 0, NULL, NULL),
(660, 'OVIPOR, S. C. A.', 1, NULL, 'POL. POLIRROSA C/C NAVE 310, 309', 'Paymogo', 21560, NULL, NULL, 'Alimentacion', NULL, NULL, NULL, NULL, 3, 'Huelva', NULL, 959236262, 0, NULL, NULL),
(661, 'DEHESA EL PINITO, S.L.', 1, NULL, 'FINCA EL PINITO, POLIGONO 14, PARCELAS 220 .....', 'Paymogo', 21260, NULL, NULL, 'Alimentacion', NULL, NULL, NULL, NULL, 3, 'Huelva', NULL, 608541870, 0, NULL, NULL),
(662, 'OVIPOR, S.C.A.', 1, NULL, 'CARRETERA PUEBLA DE GUZMAN-CABEZAS RUBIAS K. 0,5', 'Puebla de Guzmán', 21550, NULL, NULL, 'Alimentacion', NULL, NULL, NULL, NULL, 3, 'Huelva', NULL, 959236262, 0, NULL, NULL),
(663, 'SEBASTIAN GOMEZ MORA', 1, NULL, 'FINCA DEHESA PRIMERA', 'Puebla de Guzmán', 21550, NULL, NULL, 'Alimentacion', NULL, NULL, NULL, NULL, 3, 'Huelva', NULL, 959000000, 0, NULL, NULL),
(664, 'JOSE MARIA MACIAS SUAREZ', 1, NULL, 'FINCA EL POLO POLIGONO Nº 3, PARCELA 14', 'Puebla de Guzmán', 21550, NULL, NULL, 'Alimentacion', NULL, NULL, NULL, NULL, 3, 'Huelva', NULL, 959000000, 0, NULL, NULL),
(665, 'ANTONIO PONCE E HIJOS, S.L.', 1, NULL, 'C/BECERROS, Nº 1', 'Puebla de Guzmán', 21550, NULL, NULL, 'Alimentacion', NULL, NULL, NULL, NULL, 3, 'Huelva', NULL, 959000000, 0, NULL, NULL),
(666, 'PESQUERAS LOPEZ PONCE, S.L.', 1, NULL, 'DTOR. PRIETO TOUBES, 9', 'Punta Umbría', 21100, NULL, NULL, 'Alimentacion', NULL, NULL, NULL, NULL, 3, 'Huelva', NULL, 607705052, 0, NULL, NULL);
INSERT INTO `clientes` (`id`, `razon_social`, `fk_tipo_cliente`, `NIF`, `domicilio`, `localidad`, `CP`, `numero_empleados`, `web`, `sector`, `SPA_actual`, `fecha_renovacion`, `norma_implantada`, `creditos`, `fk_grupo_empresas`, `provincia`, `FAX`, `telefono`, `cliente_principal`, `observaciones`, `actividad`) VALUES
(667, 'PESCADOS DACONMAR, S. L.', 1, NULL, 'AVD. DE LA MARINA ESQUINA CALLE BABOR', 'Punta Umbría', 21100, NULL, NULL, 'Alimentacion', NULL, NULL, NULL, NULL, 3, 'Huelva', NULL, 959312741, 0, NULL, NULL),
(668, 'HIELO FORTES, S. L.', 1, NULL, 'PUERTO PESQUERO DE PUNTA UMBRIA, S/N', 'Punta Umbría', 21100, NULL, NULL, 'Alimentacion', NULL, NULL, NULL, NULL, 3, 'Huelva', NULL, 625344476, 0, NULL, NULL),
(669, 'PESCADOS Y MARISCOS HNOS FELIPE, S.L.', 1, NULL, 'C/VARADERO, 4', 'Punta Umbría', 21100, NULL, NULL, 'Alimentacion', NULL, NULL, NULL, NULL, 3, 'Huelva', NULL, 959315910, 0, NULL, NULL),
(670, 'MARISCOS MAR BARROSO, S.L.U.', 1, NULL, 'C/CUENCA MINERA, Nº 4', 'Punta Umbría', 21100, NULL, NULL, 'Alimentacion', NULL, NULL, NULL, NULL, 3, 'Huelva', NULL, 959314334, 0, NULL, NULL),
(671, 'PESCADOS J. DELGADO, S.L.', 1, NULL, 'C/BALIZA, S/N, NAVE B', 'Punta Umbría', 21100, NULL, NULL, 'Alimentacion', NULL, NULL, NULL, NULL, 3, 'Huelva', NULL, 607401740, 0, NULL, NULL),
(672, 'PESCADOS Y MARISCOS OJEDA E HIJO, S.L.', 1, NULL, 'C/VARADERO, 11', 'Punta Umbría', 21100, NULL, NULL, 'Alimentacion', NULL, NULL, NULL, NULL, 3, 'Huelva', NULL, 959000000, 0, NULL, NULL),
(673, 'FRANCISCO GARCIA SANCHEZ', 1, NULL, 'CARDENAL CISNEROS 2', 'Rociana del Condado', 21720, NULL, NULL, 'Alimentacion', NULL, NULL, NULL, NULL, 3, 'Huelva', NULL, 959417188, 0, NULL, NULL),
(674, 'COOP VITIVINICOLA NTRA SRA DEL', 1, NULL, 'C/CARRIL DE LOS MORISCOS, 72', 'Rociana del Condado', 21000, NULL, NULL, 'Alimentacion', NULL, NULL, NULL, NULL, 3, 'Huelva', NULL, 959416069, 0, NULL, NULL),
(675, 'BODEGAS CONTRERAS, S. L.', 1, NULL, 'ALMONTE 5', 'Rociana del Condado', 21720, NULL, NULL, 'Alimentacion', NULL, NULL, NULL, NULL, 3, 'Huelva', NULL, 959416426, 0, NULL, NULL),
(676, 'BODEGAS LÓPEZ CUESTA, S. L.', 1, NULL, 'CTRA. DE ALMONTE, S/N', 'Rociana del Condado', 21720, NULL, NULL, 'Alimentacion', NULL, NULL, NULL, NULL, 3, 'Huelva', NULL, 959417350, 0, NULL, NULL),
(677, 'SCA. RIBERA DEL TINTO', 1, NULL, 'CARRIL DE LOS MORISCOS Nº 111', 'Rociana del Condado', 21720, NULL, NULL, 'Alimentacion', NULL, NULL, NULL, NULL, 3, 'Huelva', NULL, 959000000, 0, NULL, NULL),
(678, 'S A T CONDADO DE HUELVA Nº 6474', 1, NULL, 'CTRA DE ALMONTE S/N', 'Rociana del Condado', 21720, NULL, NULL, 'Alimentacion', NULL, NULL, NULL, NULL, 3, 'Huelva', NULL, 959416287, 0, NULL, NULL),
(679, 'HORTOFRUTICOLA DE ROCIANA, S. C. A.', 1, NULL, 'C/ CARRIL DE LOS MORISCOS, 56', 'Rociana del Condado', 21720, NULL, NULL, 'Alimentacion', NULL, NULL, NULL, NULL, 3, 'Huelva', NULL, 959417850, 0, NULL, NULL),
(680, 'ROCINA EXPORT. SDAD.COOP.AND.', 1, NULL, 'CARRIL DE LOS MORISCOS, 103', 'Rociana del Condado', 21720, NULL, NULL, 'Alimentacion', NULL, NULL, NULL, NULL, 3, 'Huelva', NULL, 959417123, 0, NULL, NULL),
(681, 'BAYASANCH, S.L.', 1, NULL, 'AVDA. NIEBLA Nº 11.', 'Rociana del Condado', 21720, NULL, NULL, 'Alimentacion', NULL, NULL, NULL, NULL, 3, 'Huelva', NULL, 959416650, 0, NULL, NULL),
(682, 'TASEMAR EXPORT, S.L.', 1, NULL, 'AVD. CALANCHA, S/N', 'Rociana del Condado', 21720, NULL, NULL, 'Alimentacion', NULL, NULL, NULL, NULL, 3, 'Huelva', NULL, 959000000, 0, NULL, NULL),
(683, 'S. C. A. LUJOVI', 1, NULL, 'C/ GUADALQUIVIR, S/N', 'Rociana del Condado', 21720, NULL, NULL, 'Alimentacion', NULL, NULL, NULL, NULL, 3, 'Huelva', NULL, 959417300, 0, NULL, NULL),
(684, 'PANADERIA DANCAUCE, S. C. A.', 1, NULL, 'ZALEMA, 6', 'Rociana del Condado', 21720, NULL, NULL, 'Alimentacion', NULL, NULL, NULL, NULL, 3, 'Huelva', NULL, 959416081, 0, NULL, NULL),
(685, 'PERLAHUELVA EXPORTACIONES HORTOFRUTICOLAS, S.L.', 1, NULL, 'C/ZALEMA, 14', 'Rociana del Condado', 21720, NULL, NULL, 'Alimentacion', NULL, NULL, NULL, NULL, 3, 'Huelva', NULL, 959417844, 0, NULL, NULL),
(686, '"DULCES CASEROS ""LA ROCIANERA"", S.C.A."', 1, NULL, 'C/CARRIL DE LOS MORISCOS, 62', 'Rociana del Condado', 21720, NULL, NULL, 'Alimentacion', NULL, NULL, NULL, NULL, 3, 'Huelva', NULL, 615428165, 0, NULL, NULL),
(687, 'HIJOS DE DIEGO EL ROCIANERO, S.C.A.', 1, NULL, 'POLIGONO INDUSTRIAL LAS HUERTAS, NAVE 14', 'Rociana del Condado', 21720, NULL, NULL, 'Alimentacion', NULL, NULL, NULL, NULL, 3, 'Huelva', NULL, 959000000, 0, NULL, NULL),
(688, 'GARCIA GARRIDO E HIJOS, S.C.A.', 1, NULL, 'CARRETERA ALMONTE, S/N', 'Rociana del Condado', 21720, NULL, NULL, 'Alimentacion', NULL, NULL, NULL, NULL, 3, 'Huelva', NULL, 959000000, 0, NULL, NULL),
(689, 'MARIA MANUELA CAEIRO CAETANO', 1, NULL, 'C/JAEN, 1', 'Rosal de la Frontera', 21250, NULL, NULL, 'Alimentacion', NULL, NULL, NULL, NULL, 3, 'Huelva', NULL, 959141281, 0, NULL, NULL),
(690, 'JULIA MARTIN NAVARRO', 1, NULL, '"FINCA ""LOS BARREROS"" (POLIGONO 10, PARCELAS 9, 10 Y 24)"', 'Rosal de la Frontera', 21250, NULL, NULL, 'Alimentacion', NULL, NULL, NULL, NULL, 3, 'Huelva', NULL, 607191181, 0, NULL, NULL),
(691, 'S. C. A. OLIVARERA BARTOLINA', 1, NULL, 'AVD. DE LA AMISTAD, S/N', 'San Bartolomé de la Torre', 21510, NULL, NULL, 'Alimentacion', NULL, NULL, NULL, NULL, 3, 'Huelva', NULL, 959387443, 0, NULL, NULL),
(692, 'S. C. A. FRESAFLOR', 1, NULL, 'AVD. DE LA LAGUNA, S/N', 'San Bartolomé de la Torre', 21510, NULL, NULL, 'Alimentacion', NULL, NULL, NULL, NULL, 3, 'Huelva', NULL, 959387591, 0, NULL, NULL),
(694, 'CARNES BAÑEZ, S. A.', 1, NULL, 'TOLEDO 57-59', 'San Juan del Puerto', 21610, NULL, NULL, 'Alimentacion', NULL, NULL, NULL, NULL, 3, 'Huelva', NULL, 959356301, 0, NULL, NULL),
(695, 'DISTRIBUCIONES ONUBENSES ARIAS Y GARCIA, S.L.U.', 1, NULL, 'POLIGONO DOMINCANO CALLE A NAVE 44', 'San Juan del Puerto', 21610, NULL, NULL, 'Alimentacion', NULL, NULL, NULL, NULL, 3, 'Huelva', NULL, 959367304, 0, NULL, NULL),
(696, 'ONUBENSES DE CEFALOPODOS, S.L.', 1, NULL, 'POLIGONO INDUSTRIAL DOMINCANO, NAVE 68', 'San Juan del Puerto', 21610, NULL, NULL, 'Alimentacion', NULL, NULL, NULL, NULL, 3, 'Huelva', NULL, 959282709, 0, NULL, NULL),
(697, 'FRUTEMSA', 1, NULL, 'C/PUERTO RICO Nº 1', 'San Juan del Puerto', 21610, NULL, NULL, 'Alimentacion', NULL, NULL, NULL, NULL, 3, 'Huelva', NULL, 959356310, 0, NULL, NULL),
(698, 'SELECCION ARTESANA DE JABUGO, S.L.', 1, NULL, 'AVDA. GOMEZ PLANA, Nº 10', 'Santa Ana la Real', 21359, NULL, NULL, 'Alimentacion', NULL, NULL, NULL, NULL, 3, 'Huelva', NULL, 959000000, 0, NULL, NULL),
(699, 'TOMAS CASTAÑO GOMEZ', 1, NULL, 'NUEVA 35', 'Lepe', 21440, NULL, NULL, 'Alimentacion', NULL, NULL, NULL, NULL, 3, 'Huelva', NULL, 607474496, 0, NULL, NULL),
(700, 'CONSULTAS Y ASESORAMIENTOS, S. A.', 1, NULL, 'CRT. CABEZAS RUBIAS A STA. BARBARA  DEHESA DOS HERMANAS', 'Santa Bárbara de Casa', 21570, NULL, NULL, 'Alimentacion', NULL, NULL, NULL, NULL, 3, 'Huelva', NULL, 959508192, 0, NULL, NULL),
(701, 'SANTABARBERO SCA', 1, NULL, 'C/PUERTO 16', 'Santa Bárbara de Casa', 21570, NULL, NULL, 'Alimentacion', NULL, NULL, NULL, NULL, 3, 'Huelva', NULL, 959570220, 0, NULL, NULL),
(702, 'SANTABARBERO SCA', 1, NULL, 'C/ AVDA. PORTUGAL 24', 'Santa Bárbara de Casa', 21570, NULL, NULL, 'Alimentacion', NULL, NULL, NULL, NULL, 3, 'Huelva', NULL, 959000000, 0, NULL, NULL),
(703, 'JUAN MACIAS GOMEZ', 1, NULL, 'FINCA EL CORCHITO', 'Santa Bárbara de Casa', 21290, NULL, NULL, 'Alimentacion', NULL, NULL, NULL, NULL, 3, 'Huelva', NULL, 959121023, 0, NULL, NULL),
(704, 'ANTONIO JESUS LOPEZ SOLTERO', 1, NULL, 'C/NUEVA, 6', 'Santa Bárbara de Casa', 21570, NULL, NULL, 'Alimentacion', NULL, NULL, NULL, NULL, 3, 'Huelva', NULL, 627540225, 0, NULL, NULL),
(705, 'EL COSO ANDALUZ, S.L.', 1, NULL, 'C/JUAN RAMON JIMENEZ, 69', 'Santa Olalla del Cala', 21260, NULL, NULL, 'Alimentacion', NULL, NULL, NULL, NULL, 3, 'Huelva', NULL, 959190010, 0, NULL, NULL),
(706, 'S. C. A. LIMITADA PONCIANA', 1, NULL, 'CHALET ESTACION, S/N', 'Santa Olalla del Cala', 21260, NULL, NULL, 'Alimentacion', NULL, NULL, NULL, NULL, 3, 'Huelva', NULL, 959190077, 0, NULL, NULL),
(707, 'OLALLA IBERICA, S.L.', 1, NULL, 'MARINA ESPAÑOLA, S/N', 'Santa Olalla del Cala', 21260, NULL, NULL, 'Alimentacion', NULL, NULL, NULL, NULL, 3, 'Huelva', NULL, 959000000, 0, NULL, NULL),
(708, 'FABRICA JAMONES Y EMBUTIDOS BONILLA&COBOS SL', 1, NULL, 'P I SANTA OLALLA DEL CALA.FINCA LAS CAÑAILLAS', 'Santa Olalla del Cala', 21260, NULL, NULL, 'Alimentacion', NULL, NULL, NULL, NULL, 3, 'Huelva', NULL, 655889930, 0, NULL, NULL),
(709, 'ANTONIO JESUS CERERO CARRASCO', 1, NULL, '"POLIGONO INDUSTRIAL ""SANTA OLALLA"", NAVE 6"', 'Santa Olalla del Cala', 21260, NULL, NULL, 'Alimentacion', NULL, NULL, NULL, NULL, 3, 'Huelva', NULL, 959000000, 0, NULL, NULL),
(710, 'COOPERATIVA DEL CAMPO SAN ANTONIO ABAD, S. C. A.', 1, NULL, 'JUAN RAMON JIMENEZ 48', 'Trigueros', 21620, NULL, NULL, 'Alimentacion', NULL, NULL, NULL, NULL, 3, 'Huelva', NULL, 959305196, 0, NULL, NULL),
(711, 'GONZALVEZ MARTIN, C.B.', 1, NULL, 'C/ZARATA, Nº 13', 'Trigueros', 21620, NULL, NULL, 'Alimentacion', NULL, NULL, NULL, NULL, 3, 'Huelva', NULL, 605899272, 0, NULL, NULL),
(712, 'ANTONIAVAZQUEZ GARRIDO', 1, NULL, 'SAN ANTONIO ABAD, 8', 'Trigueros', 21620, NULL, NULL, 'Alimentacion', NULL, NULL, NULL, NULL, 3, 'Huelva', NULL, 959306742, 0, NULL, NULL),
(713, 'COOP INMACULADA CONCEPCION', 1, NULL, 'C/ MOGUER, S/N', 'Trigueros', 21000, NULL, NULL, 'Alimentacion', NULL, NULL, NULL, NULL, 3, 'Huelva', NULL, 959306579, 0, NULL, NULL),
(714, 'S. A. T. 8334 SAN DANIEL', 1, NULL, 'CRTRA. SAN JUAN DEL PUERTO-CACERES, KM. 7', 'Trigueros', 21620, NULL, NULL, 'Alimentacion', NULL, NULL, NULL, NULL, 3, 'Huelva', NULL, 959000000, 0, NULL, NULL),
(715, 'PIENSOS MARCA SL', 1, NULL, 'C/ MOLINI DE VIENTO, 2', 'Trigueros', 21620, NULL, NULL, 'Alimentacion', NULL, NULL, NULL, NULL, 3, 'Huelva', NULL, 959307878, 0, NULL, NULL),
(716, 'JUAN MIGUEL FREIRE BARRANCO', 1, NULL, 'C/ DEL CONCESO, 25', 'Trigueros', 21620, NULL, NULL, 'Alimentacion', NULL, NULL, NULL, NULL, 3, 'Huelva', NULL, 959305296, 0, NULL, NULL),
(717, 'JOSE MANUEL NAVARRO CAMPOS', 1, NULL, 'C/ DOCTOR DOMINGUEZ ADAME Nº 15', 'Valdelarco', 21291, NULL, NULL, 'Alimentacion', NULL, NULL, NULL, NULL, 3, 'Huelva', NULL, 959124887, 0, NULL, NULL),
(718, 'JOSE MANUEL NAVARRO CAMPOS', 1, NULL, 'ALCALDE MARCELINO RUIZ, 19', 'Valdelarco', 21291, NULL, NULL, 'Alimentacion', NULL, NULL, NULL, NULL, 3, 'Huelva', NULL, 959124887, 0, NULL, NULL),
(719, 'MALAVE MORENO HERMANOS,, S.L.', 1, NULL, 'POL.IND. EL MONETE, 107-108', 'Valverde del Camino', 21600, NULL, NULL, 'Alimentacion', NULL, NULL, NULL, NULL, 3, 'Huelva', NULL, 959553539, 0, NULL, NULL),
(720, 'ANISADOS ZARZA MORA, S. L.', 1, NULL, 'CARRETERA DE SAN JUAN, Nº 50', 'Valverde del Camino', 21600, NULL, NULL, 'Alimentacion', NULL, NULL, NULL, NULL, 3, 'Huelva', NULL, 959550073, 0, NULL, NULL),
(721, 'HEREDEROS DE FELIPE MANTERO, S. L.', 1, NULL, 'POL. IND. EL MOTENE NAVES 75,76 Y 102', 'Valverde del Camino', 21600, NULL, NULL, 'Alimentacion', NULL, NULL, NULL, NULL, 3, 'Huelva', NULL, 959550499, 0, NULL, NULL),
(722, 'JUAN SANCHEZ LORCA', 1, NULL, 'C/LA PALMA, 2', 'Valverde del Camino', 21600, NULL, NULL, 'Alimentacion', NULL, NULL, NULL, NULL, 3, 'Huelva', NULL, 959000000, 0, NULL, NULL),
(723, 'S. C. A. ARROYO GRANDE', 1, NULL, 'CRT. DE AYAMONTE - ARACENA KM 7', 'Villablanca', 21590, NULL, NULL, 'Alimentacion', NULL, NULL, NULL, NULL, 3, 'Huelva', NULL, 959340142, 0, NULL, NULL),
(724, 'COOPERATIVA DEL CAMPO SANTA AGUEDA, S. C. A.', 1, NULL, 'CAMINO DE BOLLULLOS, S/N', 'Villalba del Alcor', 21860, NULL, NULL, 'Alimentacion', NULL, NULL, NULL, NULL, 3, 'Huelva', NULL, 959421181, 0, NULL, NULL),
(725, 'CIUDAD DEL CARMEN, S.C.A.', 1, NULL, 'C/POZO NUEVO, S/N', 'Villalba del Alcor', 21860, NULL, NULL, 'Alimentacion', NULL, NULL, NULL, NULL, 3, 'Huelva', NULL, 959421203, 0, NULL, NULL),
(726, 'GRANJA AVICOLA MARQUEZ, C. B.', 1, NULL, 'CRT. A - 472, KM 44', 'Villalba del Alcor', 21700, NULL, NULL, 'Alimentacion', NULL, NULL, NULL, NULL, 3, 'Huelva', NULL, 959506113, 0, NULL, NULL),
(727, 'MARQUES DE VILLALUA, S. L.', 1, NULL, 'CTRA. A-472 KM. 25,2', 'Villalba del Alcor', 21700, NULL, NULL, 'Alimentacion', NULL, NULL, NULL, NULL, 3, 'Huelva', NULL, 959420905, 0, NULL, NULL),
(728, 'GRANJA AVICOLA MARQUEZ, C. B.', 1, NULL, 'CRT. A - 472, KM 29', 'Villalba del Alcor', 21700, NULL, NULL, 'Alimentacion', NULL, NULL, NULL, NULL, 3, 'Huelva', NULL, 959506113, 0, NULL, NULL),
(729, 'LUCAS CARDENAS RODRIGUEZ', 1, NULL, 'LEPE 33', 'Villanueva de los Castillejos', 21540, NULL, NULL, 'Alimentacion', NULL, NULL, NULL, NULL, 3, 'Huelva', NULL, 959387146, 0, NULL, NULL),
(730, 'MATILDE MARTIN GÓMEZ', 1, NULL, 'LEPE 34', 'Villanueva de los Castillejos', 21540, NULL, NULL, 'Alimentacion', NULL, NULL, NULL, NULL, 3, 'Huelva', NULL, 959212100, 0, NULL, NULL),
(731, 'JUAN MARQUEZ, S.L.', 1, NULL, 'C/ARCOS, 21', 'Villanueva de los Castillejos', 21540, NULL, NULL, 'Alimentacion', NULL, NULL, NULL, NULL, 3, 'Huelva', NULL, 959000000, 0, NULL, NULL),
(732, 'FRANCISCO PEREIRA GOMEZ, S. L.', 1, NULL, 'C/ VIÑA, 9', 'Villanueva de los Castillejos', 21450, NULL, NULL, 'Alimentacion', NULL, NULL, NULL, NULL, 3, 'Huelva', NULL, 959385163, 0, NULL, NULL),
(733, 'GASPAR PEREIRA GOMEZ', 1, NULL, 'C/ASPAS, Nº 5', 'Villanueva de los Castillejos', 21540, NULL, NULL, 'Alimentacion', NULL, NULL, NULL, NULL, 3, 'Huelva', NULL, 959387025, 0, NULL, NULL),
(734, 'JAMONES MATIAS, S.A.', 1, NULL, 'C/CALLEJON DE LOS OLIVOS, S/N', 'Villanueva de los Castillejos', 21540, NULL, NULL, 'Alimentacion', NULL, NULL, NULL, NULL, 3, 'Huelva', NULL, 959385066, 0, NULL, NULL),
(735, 'MATADERO DEL ANDEVALO, S.A.', 1, NULL, 'CARRETERA HUELVA', 'Villanueva de los Castillejos', 21540, NULL, NULL, 'Alimentacion', NULL, NULL, NULL, NULL, 3, 'Huelva', NULL, 959387170, 0, NULL, NULL),
(736, 'PIENSOS ANDALUCES HERMANOS ROMERA', 1, NULL, 'C/ ARROYO DEL GALLINERO, 6', 'Villanueva de los Castillejos', 21540, NULL, NULL, 'Alimentacion', NULL, NULL, NULL, NULL, 3, 'Huelva', NULL, 625173460, 0, NULL, NULL),
(737, 'OVIPOR, S. C. A.', 1, NULL, 'POL. INDUSTRIAL  CALLE A NAVE 1', 'Villanueva de los Castillejos', 21540, NULL, NULL, 'Alimentacion', NULL, NULL, NULL, NULL, 3, 'Huelva', NULL, 959236262, 0, NULL, NULL),
(738, 'CITRICOS DEL ANDEVALO, S. A.', 1, NULL, 'FINCA LA DEHESILLA', 'Villanueva de los Castillejos', 21540, NULL, NULL, 'Alimentacion', NULL, NULL, NULL, NULL, 3, 'Huelva', NULL, 636496154, 0, NULL, NULL),
(739, 'EXPLOTACIONES AGRICOLAS Y GANADERAS ANDEVALEÑA, S.L.', 1, NULL, 'C/LEPE, 99', 'Villanueva de los Castillejos', 21540, NULL, NULL, 'Alimentacion', NULL, NULL, NULL, NULL, 3, 'Huelva', NULL, 959387324, 0, NULL, NULL),
(740, 'GANADERIA Y LABORES DEL SUR, S.L.', 1, NULL, 'C/FINCA LOS MANANTIALES S/N', 'Villanueva de los Castillejos', 21540, NULL, NULL, 'Alimentacion', NULL, NULL, NULL, NULL, 3, 'Huelva', NULL, 959000000, 0, NULL, NULL),
(741, 'LUCAS CARDENAS RODRIGUEZ', 1, NULL, 'LEPE 31', 'Villanueva de los Castillejos', 21540, NULL, NULL, 'Alimentacion', NULL, NULL, NULL, NULL, 3, 'Huelva', NULL, 959387146, 0, NULL, NULL),
(742, 'COOPERATIVA AGRICOLA OLIVARERA, S. C. A.', 1, NULL, 'CTRA SEVILLA-HUELVA, S/N', 'Villarrasa', 21850, NULL, NULL, 'Alimentacion', NULL, NULL, NULL, NULL, 3, 'Huelva', NULL, 959419284, 0, NULL, NULL),
(743, 'COOPERATIVA DEL CAMPO NTRA. SRA. DE LOS REMEDIOS,', 1, NULL, 'CTRA SEVILLA-HUELVA, S/N', 'Villarrasa', 21850, NULL, NULL, 'Alimentacion', NULL, NULL, NULL, NULL, 3, 'Huelva', NULL, 959419183, 0, NULL, NULL),
(744, 'COOPERATIVA DEL CAMPO NTRA. SRA. DE LOS REMEDIOS,', 1, NULL, 'CTRA SEVILLA-HUELVA, S/N', 'Villarrasa', 21850, NULL, NULL, 'Alimentacion', NULL, NULL, NULL, NULL, 3, 'Huelva', NULL, 959419183, 0, NULL, NULL),
(745, 'AGROALIMENTARIA DEL SUR, S. A. (AGRASUR)', 1, NULL, 'NUEVA, S/N', 'Villarrasa', 21850, NULL, NULL, 'Alimentacion', NULL, NULL, NULL, NULL, 3, 'Huelva', NULL, 959419111, 0, NULL, NULL),
(746, 'CONGELADOS ALPRESA, S. L. L.', 1, NULL, 'C/ NUEVA 163', 'Villarrasa', 21850, NULL, NULL, 'Alimentacion', NULL, NULL, NULL, NULL, 3, 'Huelva', NULL, 959419526, 0, NULL, NULL),
(747, 'RAICES SERRANAS DE JABUGO. S.L.', 1, NULL, 'POLIGONO INDUSTRIAL EL TEJAREJO, S/N', 'Zalamea la Real', 21640, NULL, NULL, 'Alimentacion', NULL, NULL, NULL, NULL, 3, 'Huelva', NULL, 959561174, 0, NULL, NULL),
(748, 'PIENSOS ZALAMEA, S.L.', 1, NULL, 'CTRA. SAN JUAN DEL PUERTO - CACERES (435) KM. 50.', 'Zalamea la Real', 21640, NULL, NULL, 'Alimentacion', NULL, NULL, NULL, NULL, 3, 'Huelva', NULL, 959561451, 0, NULL, NULL),
(749, 'OVIPOR, S.C.A.', 1, NULL, 'C/CUARTO CENTENARIO, S/N', 'Zalamea la Real', 21640, NULL, NULL, 'Alimentacion', NULL, NULL, NULL, NULL, 3, 'Huelva', NULL, 959236262, 0, NULL, NULL),
(750, 'JAMONES Y EMBUTIDOS CASTILLA ROMERO, S.L.', 1, NULL, 'MANUEL SERRANO, 3', 'Zalamea la Real', 21640, NULL, NULL, 'Alimentacion', NULL, NULL, NULL, NULL, 3, 'Huelva', NULL, 959561188, 0, NULL, NULL),
(751, 'ANISADOS MARTIN RIVAS, S.L.', 1, NULL, 'POLIGONO EL TEJAREJO, 70', 'Zalamea la Real', 21640, NULL, NULL, 'Alimentacion', NULL, NULL, NULL, NULL, 3, 'Huelva', NULL, 959561254, 0, NULL, NULL),
(752, 'RAICES SERRANAS DE JABUGO. S.L.', 1, NULL, 'POLIGONO INDUSTRIAL EL TEJAREJO, S/N', 'Zalamea la Real', 21640, NULL, NULL, 'Alimentacion', NULL, NULL, NULL, NULL, 3, 'Huelva', NULL, 959561174, 0, NULL, NULL),
(753, 'ALMAZARA COOP.NTRA.SRA.PUERTO', 1, NULL, 'LINARES, 15', 'Zufre', 21210, NULL, NULL, 'Alimentacion', NULL, NULL, NULL, NULL, 3, 'Huelva', NULL, 959198042, 0, NULL, NULL),
(754, 'AGROPECUARIA VIRGEN DE GRACIA, S.L.', 1, NULL, 'EN ZUFRE', 'Zufre', 21210, NULL, NULL, 'Alimentacion', NULL, NULL, NULL, NULL, 3, 'Huelva', NULL, 959198037, 0, NULL, NULL),
(755, 'PESCADOS Y MARISCOS GONZALEZ LÓPEZ, S.L.', 1, NULL, 'VARADEROS, 18', 'PUNTA UMBRIA', 21120, NULL, NULL, 'MAYOR MARISCOS', NULL, NULL, NULL, NULL, 3, 'HUELVA', NULL, 609127387, 0, NULL, NULL),
(756, 'AGROFRESAS, S.A.', 1, NULL, 'P.I. ALGARROBITOS, 49-50', 'MOGUER', 21800, NULL, NULL, 'QUIMICO', NULL, NULL, NULL, NULL, 5, 'HUELVA', NULL, 959372443, 0, NULL, NULL),
(757, 'NAUTICA AVANTE', 1, NULL, 'ALONSO DE OJEDA, 17', 'HUELVA', 21002, NULL, NULL, 'NAUTICO', NULL, NULL, NULL, NULL, 1, 'HUELVA', NULL, 959541306, 0, NULL, NULL),
(758, 'PESCADOS Y MARISCOS HUELVA, S.A.', 1, NULL, 'POLIRROSA, NAVE 262', 'HUELVA', 21007, NULL, NULL, 'MAYOR MARISCOS', NULL, NULL, NULL, NULL, 3, 'HUELVA', NULL, 959236782, 0, NULL, NULL),
(759, 'GRANJA MARTIN, S.L.', 1, NULL, 'CRA LEPE-LA ANTILLA, KM 2', 'LEPE', 21440, 4, NULL, 'ALIMENTACION', NULL, NULL, NULL, NULL, 3, 'HUELVA', NULL, 959504314, 0, NULL, NULL),
(760, 'CEE ONUSOL, S.L.U.', 2, 'B21389275', 'AVDA CIRCUNVALACION EXT, 31', 'HUELVA', 21005, 23, 'WWW.ONUSOL.ES', 'LIMPIEZA', NULL, NULL, '9001+14001', 1200, 1, 'HUELVA', NULL, 959816930, 0, NULL, NULL),
(761, 'FRUTAS CURI, S.L.', 2, 'B21200662', NULL, 'CARTAYA', 21450, 83, NULL, 'ALIMENTACION', NULL, NULL, NULL, NULL, 3, 'HUELVA', NULL, 608545983, 0, NULL, NULL),
(762, 'FRESSAN DE LEPE, S.L.', 2, 'B21485255', NULL, 'LEPE', 21440, 48, NULL, 'ALIMENTACION', NULL, NULL, NULL, NULL, 3, 'HUELVA', NULL, 959380156, 0, NULL, NULL),
(763, 'FRUTAS MORTESOL, S.L.', 1, NULL, 'VALLETARAY, 1', 'LEPE', 21440, NULL, NULL, 'ALIMENTACION', NULL, NULL, NULL, NULL, 3, 'HUELVA', NULL, 959384048, 0, NULL, NULL),
(764, 'SAT COOPERATIVA LA REDONDELA. TARAY', 1, 'V21021696', 'C/ ANTONIO MACHADO, S/N', 'LA REDONDELA. ISLA CRISTINA', 21430, NULL, NULL, 'ALIMENTACION', NULL, NULL, NULL, NULL, 3, 'HUELVA', NULL, 959341268, 0, NULL, NULL),
(765, 'LAS BEATAS DE LEPE', 1, NULL, 'CRA CIRCUNVALACION, SN', 'LEPE', 21440, NULL, NULL, 'ALIMENTACION', NULL, NULL, NULL, NULL, 3, 'HUELVA', NULL, 959383579, 0, NULL, NULL),
(766, 'FRESCITRUS', 1, NULL, NULL, 'CARTAYA', 21450, NULL, NULL, 'ALIMENTACION', NULL, NULL, NULL, NULL, 3, 'HUELVA', NULL, 959393700, 0, NULL, NULL),
(767, 'HOSTAL TOSCANO', 1, NULL, 'REAL, 10-12', 'SAN JUAN DEL PUERTO', 21610, NULL, NULL, 'HOSTELERIA', NULL, NULL, NULL, NULL, 1, 'HUELVA', NULL, 959356027, 0, NULL, NULL),
(768, 'FRUTAS ESTHER, S.A.', 1, NULL, NULL, 'CARTAYA', 21450, NULL, NULL, 'ALIMENTACION', NULL, NULL, NULL, NULL, 3, 'HUELVA', NULL, 959392456, 0, NULL, NULL),
(769, 'MOGALLA SAT', 1, NULL, 'FINCA LA MOGAYUELA, S/N', 'CARTAYA', 21450, NULL, NULL, 'ALIMENTACION', NULL, NULL, NULL, NULL, 3, 'HUELVA', NULL, 959390283, 0, NULL, NULL),
(770, 'FRUTAS HERMANOS MILLÁN, S.L.', 1, NULL, 'POLIGONO LOS ARROYOS, S/N', 'MOGUER', 21800, NULL, NULL, 'ALIMENTACION', NULL, NULL, NULL, NULL, 3, 'HUELVA', NULL, 959370505, 0, NULL, NULL),
(771, 'PUERTO ANTILLA GRAND HOTEL', 1, NULL, 'AVDA ISLANTILLA, S/N', 'ISLANTILLA', 21449, NULL, NULL, 'HOTEL', NULL, NULL, NULL, NULL, 1, 'HUELVA', NULL, 959625100, 0, NULL, NULL),
(772, 'PIENSOS VILLEGAS DE LEPE, S.L.', 1, NULL, 'P.I. LA ESTACION, S/N', 'CARTAYA', 21450, NULL, NULL, 'ALIMENTACION', NULL, NULL, NULL, NULL, 1, 'HUELVA', NULL, 959392255, 0, NULL, NULL),
(773, 'LOS ANTONIOS', 1, 'B21006796', 'RAFAEL DE LA HABA, 28', 'BOLLULLOS DEL CONDADO', 21710, 54, NULL, 'ALIMENTACION', NULL, NULL, NULL, NULL, 3, 'HUELVA', NULL, 959412121, 0, NULL, NULL),
(774, 'FRUTAS KIKO HUELVA', 2, NULL, 'CRA A 472 SEVILLA HUELVA, KM 77.5', 'SAN JUAN DEL PUERTO', 21610, NULL, NULL, 'ALIMENTACION', NULL, NULL, NULL, NULL, 3, 'HUELVA', NULL, 959356269, 0, NULL, NULL),
(775, 'AGROQUIMICO HUELVA', 1, NULL, 'PI HUERTA MARQUEZ, 27', 'LEPE', 21440, NULL, NULL, 'FITOSANITARIO', NULL, NULL, NULL, NULL, 1, 'HUELVA', NULL, 959382843, 0, NULL, NULL),
(776, 'FRUTAS HERMANOS ESTUDILLO, S.L.', 1, NULL, 'POL. LOS ARROYOS, C/CRUZ DE ARPA, 16-18', 'MOGUER', 21800, NULL, NULL, 'ALIMENTACION', NULL, NULL, NULL, NULL, 3, 'HUELVA', NULL, 959373452, 0, NULL, NULL),
(777, 'ASOCIACIÓN DE CITRICULTORES DE LA PROVINCIA DE HUELVA', 1, NULL, 'CRA NACIONAL, 431. KM 111', 'CARTAYA', 21450, NULL, NULL, 'ALIMENTACION', NULL, NULL, NULL, NULL, 3, 'HUELVA', NULL, 959390752, 0, NULL, NULL),
(778, 'SAT GOLDFINGER', 1, NULL, 'CRA CARTAYA TARIQUEJO, KM 6.3', 'CARTAYA', 21540, NULL, NULL, 'ALIMENTACION', NULL, NULL, NULL, NULL, 3, 'HUELVA', NULL, 959504242, 0, NULL, NULL),
(779, 'COOL SERVICES, S.L.', 2, 'B91580068', 'C/ INNOVACION 6. PISA', 'MAIRENA ALJARAFE', 41927, NULL, NULL, 'CLIMATIZACION', NULL, NULL, NULL, NULL, 1, 'SEVILLA', NULL, 955541727, 0, NULL, NULL),
(780, 'FRUTAS MICHEL', 2, '29486571L', 'CRA TARIQUEJO, S/N FTE', 'CARTAYA', 21450, 6, NULL, 'ALIMENTACION', NULL, NULL, NULL, NULL, 3, 'HUELVA', NULL, 959392388, 0, NULL, NULL),
(781, 'MORA MORALES, S.L.', 2, 'B21190863', 'P.I.ALGARROBITO, 73-74', 'MOGUER', 21800, NULL, NULL, 'ALIMENTACION', NULL, NULL, NULL, NULL, 3, 'HUELVA', NULL, 959373058, 0, NULL, NULL),
(782, 'ENVASES HERMANOS ORTEGA-HUELVA, S.L.L.', 1, 'B21295787', 'ARQUITECTO PINTO, 2', 'HUELVA', 21003, NULL, NULL, 'ENVASES', NULL, NULL, NULL, NULL, 1, 'HUELVA', NULL, 959000000, 0, NULL, NULL),
(783, 'FRESGONZALEZ SAT', 1, 'F21029343', 'PI SAN JORGE, PARC 11-12', 'PALOS DE LA FRONTERA', 21810, 80, NULL, 'ALIMENTACION', NULL, NULL, NULL, NULL, 3, 'HUELVA', NULL, 959350012, 0, NULL, NULL),
(784, 'ONUBERRY', 1, NULL, 'PI EL ALGARROBITO', 'MOGUER', 21800, NULL, NULL, 'ALIMENTACION', NULL, NULL, NULL, NULL, 3, 'HUELVA', NULL, 620609849, 0, NULL, NULL),
(785, 'FRESANGUIRI SL', 1, NULL, 'MARTIN ALONSO PINZON', 'PALOS DE LA FRONTERA', 21001, NULL, NULL, 'AGROALIMENTARIA', NULL, NULL, NULL, NULL, 3, 'HUELVA', NULL, 675639995, 0, NULL, NULL),
(786, 'HIJOS DE JOSE GARCIA-ARIAS MUÑOZ,S.A.', 1, NULL, NULL, 'ARACENA', 21200, NULL, NULL, 'ALIMENTACION', NULL, NULL, NULL, 700, 1, 'HUELVA', NULL, 959127127, 0, NULL, NULL),
(787, 'ELECTROMECANICA PINZON,S.L.', 1, NULL, 'P.I. SAN JORGE', 'PALOS DE LA FRONTERA', 21810, NULL, NULL, 'ELECTROMECANICA', NULL, NULL, NULL, NULL, 1, 'HUELVA', NULL, 959656164, 0, NULL, NULL),
(788, 'FRUTAS EL VIEJO, S.L.', 1, 'B21490214', 'PI ALGARROBITO, 43', 'MOGUER', 21800, 80, NULL, 'ALIMENTACION', NULL, NULL, NULL, NULL, 1, 'HUELVA', NULL, 959370543, 0, NULL, NULL),
(789, 'SPECIAL FRUIT', 1, NULL, 'PI EL ALGARROBITO', 'MOGUER', 21800, NULL, NULL, 'ALIMENTACION', NULL, NULL, NULL, NULL, 3, 'HUELVA', NULL, 959371899, 0, NULL, NULL),
(790, 'PABLO RADA COMBUSTIBLES, S.L.', 1, 'B21252804', 'AVDA ANDALUCIA, S/N', 'HUELVA', 21005, NULL, NULL, 'GASOLINERAS', NULL, NULL, NULL, NULL, 1, 'HUELVA', NULL, 636956616, 0, NULL, NULL),
(791, 'VALOTTON JARDINERIA Y PAISAJISMO, S.L.', 1, 'B21464169', 'CAMINO DEL RINCON, S/N', 'ALJARAQUE', 21100, NULL, NULL, 'JARDINERIA', NULL, NULL, NULL, NULL, 1, 'HUELVA', NULL, 959318407, 0, NULL, NULL),
(792, 'HOTEL VALSEQUILLO', 1, 'B21324967', 'CRA LEPE-LA ANTILLA, KM 2', 'LEPE', 21440, NULL, NULL, 'HOSTELERIA', NULL, NULL, NULL, NULL, 1, 'HUELVA', NULL, 959000000, 0, NULL, NULL),
(793, 'RGM HUELVA SOLAR', 1, NULL, 'C/REAL, 45', 'SAN JUAN DEL PUERTO', 21610, NULL, NULL, 'CLIMATIZACION', NULL, NULL, NULL, NULL, 1, 'HUELVA', NULL, 959367329, 0, NULL, NULL),
(794, 'ASESUR', 1, NULL, 'PI CORTES DAZA, 1', 'LEPE', 21440, NULL, NULL, 'INSTALADORES', NULL, NULL, NULL, NULL, 1, 'HUELVA', NULL, 959645190, 0, NULL, NULL),
(795, 'JALSE DECORACIÓN, S.L.', 1, NULL, 'C/ RIBERA DEL GUADIANA, PARC 5', 'AYAMONTE', 21400, NULL, NULL, 'DECORACION', NULL, NULL, NULL, NULL, 1, 'HUELVA', NULL, 959641047, 0, NULL, NULL),
(796, 'NUEVAS TECNICAS DE RIEGO, S.A.', 1, NULL, 'CRA NACIONAL, 431. KM 115', 'LEPE', 21440, 12, NULL, 'INSTALADORES', NULL, NULL, NULL, NULL, 1, 'HUELVA', NULL, 959645020, 0, NULL, NULL),
(797, 'RIA DEL CARRERAS, S.L.', 1, NULL, 'C/RIBERA DEL GUADIANA, 107', 'AYAMONTE', 21400, 2, NULL, 'ALIMENTACION', NULL, NULL, NULL, NULL, 1, 'HUELVA', NULL, 959327020, 0, NULL, NULL),
(798, 'ASOCIACION DE CULTIVADORES DE ISLACRISTINA', 1, NULL, NULL, 'AYAMONTE', 21400, NULL, NULL, 'AGROALIMENTARIA', NULL, NULL, NULL, NULL, 3, 'HUELVA', NULL, 959327020, 0, NULL, NULL),
(799, 'BODEGAS DIAZ', 1, 'B21211883', 'P.I. EL LIRIO, C/TONELEROS, 6', 'BOLLULLOS DEL CONDADO', 21710, NULL, NULL, 'ALIMENTACION', NULL, NULL, NULL, NULL, 1, 'HUELVA', NULL, 959410340, 0, NULL, NULL),
(800, 'CENTRO DE ATENCION A PERSONAS MAYORES Y DEPENDIENTES DE CARTAYA, S.C.A.', 1, NULL, 'AVDA GIBRALEON, 81', 'CARTAYA', 21450, NULL, NULL, 'RESIDENCIAS', NULL, NULL, NULL, NULL, 1, 'HUELVA', NULL, 959392756, 0, NULL, NULL),
(801, 'EDIA, S.L.', 1, NULL, NULL, 'VILLANUEVA CASTILLEJOS', 21540, NULL, NULL, 'RESIDENCIAS', NULL, NULL, NULL, NULL, 1, 'HUELVA', NULL, 608058499, 0, NULL, NULL),
(802, 'UTILCAMPO, S.L.', 1, NULL, 'PI LA ESTACION, 17', 'CARTAYA', 21450, NULL, NULL, 'FITOSANITARIO', NULL, NULL, NULL, NULL, 1, 'HUELVA', NULL, 959393047, 0, NULL, NULL),
(803, 'AGRONEW', 1, NULL, NULL, 'CARTAYA', 21450, NULL, NULL, 'FITOSANITARIO', NULL, NULL, NULL, NULL, 1, 'HUELVA', NULL, 959393047, 0, NULL, NULL),
(804, 'AGRICOLA E INDUSTRIAL UTILCAMPO, S.L.', 1, NULL, 'PI LA ESTACION, 3', 'CARTAYA', 21450, NULL, NULL, 'MAQUINARIA AGRICOLA', NULL, NULL, NULL, NULL, 1, 'HUELVA', NULL, 959392535, 0, NULL, NULL),
(805, 'EL PICOTE', 1, NULL, 'P.I. LA ESTACION, 116', 'CARTAYA', 21450, NULL, NULL, 'INSTALADORES', NULL, NULL, NULL, NULL, 1, 'HUELVA', NULL, 959391614, 0, NULL, NULL),
(806, 'NUESTRA SEÑORA DE LAS MERCEDES', 1, 'B21022355', 'C/LABRADORES, 78', 'LEPE', 21440, NULL, NULL, 'ALIMENTACION', NULL, NULL, NULL, NULL, 3, 'HUELVA', NULL, 670313397, 0, NULL, NULL),
(807, 'RESIDENCIA DE ANCIANOS SAN JOAQUIN Y SANTA ANA', 1, NULL, 'HUELVA, 8', 'SAN JUAN DEL PUERTO', 21610, NULL, NULL, 'RESIDENCIAS', NULL, NULL, NULL, NULL, 1, 'HUELVA', NULL, 959367069, 0, NULL, NULL),
(808, 'FRUTAS JOSEMA DE LEPE, S.L.', 1, NULL, 'MANIJEROS, 21', 'LEPE', 21440, 9, NULL, 'AGROALIMENTARIA', NULL, NULL, NULL, NULL, 1, 'HUELVA', NULL, 959383489, 0, NULL, NULL),
(809, 'FAMIDAN', 1, NULL, 'CRA TARIQUEJOS, KM 0.6', 'CARTAYA', 21450, NULL, NULL, 'INSTALADORES', NULL, NULL, NULL, NULL, 1, 'HUELVA', NULL, 959392272, 0, NULL, NULL),
(810, 'AUTO DESGUACES EL CASTILLO', 1, NULL, 'CRA NAVCIONAL 431', 'CARTAYA', 21440, NULL, NULL, 'DESGUACES', NULL, NULL, NULL, NULL, 1, 'HUELVA', NULL, 959393707, 0, NULL, NULL),
(811, 'TALLER DE ARQUITECTURA ARCADIA,S.L.', 1, 'B21215009', 'VAZQUEZ LOPEZ, 10.', 'HUELVA', 21001, 6, NULL, 'ARQUITECTURA', NULL, NULL, NULL, NULL, 1, 'HUELVA', NULL, 959280167, 0, NULL, NULL),
(812, 'ADS SISTEMAS ELECTRONICOS SOCIEDAD LIMITADA', 1, NULL, 'AV SAN ANTONIO 0 EDIFICIO LA MORANA L', 'HUELVA', 21006, 23, NULL, 'Instaladores', NULL, NULL, NULL, NULL, 1, 'Huelva', 959234003, 959282084, 0, NULL, NULL),
(813, 'AIR SEXT HUELVA S.L.', 1, NULL, 'PS GLORIETA, 6', 'HUELVA', 21002, 19, NULL, 'Instaladores', NULL, NULL, NULL, NULL, 1, 'Huelva', NULL, 959228813, 0, NULL, NULL),
(814, 'AIRSEXT HUELVA SEGURIDAD S.L.', 1, NULL, 'PS GLORIETA, 6', 'HUELVA', 21002, 5, NULL, 'Instaladores', NULL, NULL, NULL, NULL, 1, 'Huelva', 959540787, 959541087, 0, NULL, NULL),
(815, 'ARQUIPARK FORESTACIONES Y CONTRATAS S.L.', 1, NULL, 'CR NACIONAL 431, km 115', 'LEPE', 21440, NULL, NULL, 'Instaladores', NULL, NULL, NULL, NULL, 1, 'Huelva', 959645104, 959645042, 0, NULL, NULL),
(816, 'ASCENSORES HUELVA SL', 1, NULL, 'CL RUI-VELEZ, 5', 'HUELVA', 21002, 14, NULL, 'Instaladores', NULL, NULL, NULL, NULL, 1, 'Huelva', 959245601, 959251800, 0, NULL, NULL),
(817, 'ASESUR DE LEPE SL', 1, NULL, 'CL HERMANOS MACHADO 15 2º B', 'LEPE', 21440, 37, NULL, 'Instaladores', NULL, NULL, NULL, NULL, 1, 'Huelva', NULL, 959480871, 0, NULL, NULL),
(818, 'ASTESAL SEGURIDAD Y PREVENCION SL', 1, NULL, 'PLG LA ESPERANZA 0 NAVE 20.', 'HUELVA', 21001, 15, NULL, 'Instaladores', NULL, NULL, NULL, NULL, 1, 'Huelva', NULL, 959543641, 0, NULL, NULL),
(819, 'BIONIA ENERGIA SL', 1, NULL, 'P. º NORTE 1', 'HUELVA', 21003, 22, NULL, 'Instaladores', NULL, NULL, NULL, NULL, 1, 'Huelva', NULL, 959286077, 0, NULL, NULL),
(820, 'BRICOHOGAR HUELVA S.L.', 1, NULL, 'PG INDUSTRIAL MIRAVAL, 17', 'HUELVA', 21007, 22, NULL, 'Instaladores', NULL, NULL, NULL, NULL, 1, 'Huelva', NULL, 959260389, 0, NULL, NULL),
(821, 'CLIMAVIP CLIMATIZACION S.L.', 1, NULL, 'AV SANTA MARTA, 39', 'HUELVA', 21005, 10, NULL, 'Instaladores', NULL, NULL, NULL, NULL, 1, 'Huelva', 959545100, 959157570, 0, NULL, NULL),
(822, 'COINFASA SA', 1, NULL, 'CR HUELVA-SEVILLA 1', 'HUELVA', 21007, 27, NULL, 'Instaladores', NULL, NULL, NULL, NULL, 1, 'Huelva', 959227136, 959227246, 0, NULL, NULL),
(823, 'CRISTALERIA DIAZ Y DIAZ S.L.', 1, NULL, 'CL SANTA ANA, 135', 'ALMONTE', 21730, 12, NULL, 'Instaladores', NULL, NULL, NULL, NULL, 1, 'Huelva', 959406456, 959406456, 0, NULL, NULL),
(824, 'DOÑANA FORESTAL SERVICIOS SL', 1, NULL, 'PG EL TOMILLAR 0 NAVE 40.', 'ALMONTE', 21730, 21, NULL, 'Instaladores', NULL, NULL, NULL, NULL, 1, 'Huelva', NULL, 959407336, 0, NULL, NULL),
(825, 'ELECTRICA VALVERDEÑA S.L', 1, NULL, 'CR NACIONAL 435', 'VALVERDE DEL CAMINO', 21600, NULL, NULL, 'Instaladores', NULL, NULL, NULL, NULL, 1, 'Huelva', NULL, 959000000, 0, NULL, NULL),
(826, 'ELECTRICIDAD GIL MORENO SOCIEDAD LIMITADA', 1, NULL, 'CL ROCIANA 5', 'LA PALMA DEL CONDADO', 21700, 16, NULL, 'Instaladores', NULL, NULL, NULL, NULL, 1, 'Huelva', NULL, 959401074, 0, NULL, NULL),
(827, 'ELECTRO HUELVA SL', 1, NULL, 'CL MACIAS BELMONTE 48', 'HUELVA', 21002, 31, NULL, 'Instaladores', NULL, NULL, NULL, NULL, 1, 'Huelva', NULL, 959250398, 0, NULL, NULL),
(828, 'ELECTROPUNTA SOCIEDAD LIMITADA.', 1, NULL, 'PS RIA', 'PUNTA UMBRIA', 21100, 36, NULL, 'Instaladores', NULL, NULL, NULL, NULL, 1, 'Huelva', 959315190, 959312211, 0, NULL, NULL),
(829, 'ELECTROSIERRA ARACENA S.L.', 1, NULL, 'AV PORTUGAL, 4', 'ARACENA', 21200, 8, NULL, 'Instaladores', NULL, NULL, NULL, NULL, 1, 'Huelva', 959126353, 959128135, 0, NULL, NULL),
(830, 'ESTUDIOS Y APLICACIONES ELECTRONICAS SOCIEDAD ANONIMA', 1, NULL, 'CL ALONSO DE OJEDA 1', 'HUELVA', 21003, 15, NULL, 'Instaladores', NULL, NULL, NULL, NULL, 1, 'Huelva', 959284691, 959251418, 0, NULL, NULL),
(831, 'FONLEPE S.L.', 1, NULL, 'CR CIRCUNVALACION', 'LEPE', 21440, 2, NULL, 'Instaladores', NULL, NULL, NULL, NULL, 1, 'Huelva', NULL, 959645040, 0, NULL, NULL),
(832, 'FONTANERIA ANTONIO MORA S.L.', 1, NULL, 'CL CORONEL SOUSA, 13', 'MOGUER', 21800, NULL, NULL, 'Instaladores', NULL, NULL, NULL, NULL, 1, 'Huelva', NULL, 959371613, 0, NULL, NULL),
(833, 'FONTANERIA COSTALUZ SL', 1, NULL, 'CL ARQUEOLOGO GARAY ANDUAGA 9', 'HUELVA', 21004, 32, NULL, 'Instaladores', NULL, NULL, NULL, NULL, 1, 'Huelva', NULL, 959263105, 0, NULL, NULL),
(834, 'FONTANERIA JARO S.L.', 1, NULL, 'CL VILLANUEVA DE CASTILLEJOS, 10', 'HUELVA', 21006, 5, NULL, 'Instaladores', NULL, NULL, NULL, NULL, 1, 'Huelva', 959228207, 959228207, 0, NULL, NULL),
(835, 'FONTANERIA LOS MILAGROS S.L.', 1, NULL, 'CL PANAMA, 40', 'PALOS DE LA FRONTERA', 21810, 12, NULL, 'Instaladores', NULL, NULL, NULL, NULL, 1, 'Huelva', NULL, 959531186, 0, NULL, NULL),
(836, 'FONTANERIA PUNTA SOL S.L.', 1, NULL, 'CL SARGO', 'PUNTA UMBRIA', 21100, 8, NULL, 'Instaladores', NULL, NULL, NULL, NULL, 1, 'Huelva', 959721312, 959721312, 0, NULL, NULL),
(837, 'FONTARIEGOS ALMONTE SL', 1, NULL, 'CR DEL ROCIO, 170', 'ALMONTE', 21730, 3, NULL, 'Instaladores', NULL, NULL, NULL, NULL, 1, 'Huelva', 959406812, 959406812, 0, NULL, NULL),
(838, 'FRANCISCO LOPEZ ROMERO ELECTRICIDAD INDUSTRIAL SL', 1, NULL, 'PG SAN DIEGO 1', 'HUELVA', 21007, 20, NULL, 'Instaladores', NULL, NULL, NULL, NULL, 1, 'Huelva', NULL, 959541276, 0, NULL, NULL),
(839, 'GENERAL ELECTRICA ONUBENSE SA', 1, NULL, 'AV NORTE 1', 'HUELVA', 21002, 16, NULL, 'Instaladores', NULL, NULL, NULL, NULL, 1, 'Huelva', NULL, 959541154, 0, NULL, NULL),
(840, 'GRUPO GESTION EUROFRIO 2000 SL', 1, NULL, 'CL EMILIO MOLERO, 9', 'HUELVA', 21004, 11, NULL, 'Instaladores', NULL, NULL, NULL, NULL, 1, 'Huelva', 959253885, 959253885, 0, NULL, NULL),
(841, 'HUELVA INMOBILIARIA SOCIEDAD LIMITADA.', 1, NULL, 'AV PALOS DE LA FRONTERA, 9', 'HUELVA', 21004, NULL, NULL, 'Instaladores', NULL, NULL, NULL, NULL, 1, 'Huelva', 959284503, 959284160, 0, NULL, NULL),
(842, 'ILUMINACIONES GOMEZ SLL.', 1, NULL, 'CL FUENTEHERIDOS, 10', 'HUELVA', 21002, 13, NULL, 'Instaladores', NULL, NULL, NULL, NULL, 1, 'Huelva', NULL, 959363517, 0, NULL, NULL),
(843, 'INSTALACIONES CORUMBEL SL', 1, NULL, 'AV DE LA PALMA CLUB DE FUTBOL, 1', 'LA PALMA DEL CONDADO', 21700, 12, NULL, 'Instaladores', NULL, NULL, NULL, NULL, 1, 'Huelva', NULL, 959401600, 0, NULL, NULL),
(844, 'INSTALACIONES HISPALOBUNENSE DE ESINOR S.L.', 1, NULL, 'CL INDUSTRIAL - PG INDUSTRIAL LA RAYA, 4', 'ALJARAQUE', 21110, NULL, NULL, 'Instaladores', NULL, NULL, NULL, NULL, 1, 'Huelva', NULL, 959000000, 0, NULL, NULL),
(845, 'INSTALACIONES ROSALONSO SL.', 1, NULL, 'CL FEDERICO GARCIA LORCA, 18', 'TRIGUEROS', 21620, 17, NULL, 'Instaladores', NULL, NULL, NULL, NULL, 1, 'Huelva', NULL, 959305857, 0, NULL, NULL),
(846, 'INSTALACIONES VAZQUEZ-VILLEGAS S.L.', 1, NULL, 'CL LAZO REAL, 32', 'HUELVA', 21003, 8, NULL, 'Instaladores', NULL, NULL, NULL, NULL, 1, 'Huelva', NULL, 959810266, 0, NULL, NULL),
(847, 'INSTALACIONES Y MONTAJES ELECTRICOS DEL SUR SL', 1, NULL, 'CR DEL ROCIO 126 128', 'ALMONTE', 21730, 15, NULL, 'Instaladores', NULL, NULL, NULL, NULL, 1, 'Huelva', 959407178, 959450713, 0, NULL, NULL),
(848, 'INSTALACIONES Y MONTAJES ELECTRICOS ROCIO SL', 1, NULL, 'CL SEVILLA 7', 'ALMONTE', 21730, 17, NULL, 'Instaladores', NULL, NULL, NULL, NULL, 1, 'Huelva', NULL, 959450001, 0, NULL, NULL),
(849, 'INTEGRACION DE APLICACIONES ELECTRO TECNICAS SL', 1, NULL, 'PK INDUSTRIAL LA GRAVERA 0 PARC. 106', 'LEPE', 21440, 23, NULL, 'Instaladores', NULL, NULL, NULL, NULL, 1, 'Huelva', NULL, 959649003, 0, NULL, NULL),
(850, 'ISABELINO MARTIN GOMEZ SL', 1, NULL, 'CL NOGAL 2', 'EL ALMENDRO', 21593, 10, NULL, 'Instaladores', NULL, NULL, NULL, NULL, 1, 'Huelva', NULL, 959000000, 0, NULL, NULL),
(851, 'J PEREZ ALONSO SL', 1, NULL, 'CL ALONSO OJEDA 7', 'HUELVA', 21002, 9, NULL, 'Instaladores', NULL, NULL, NULL, NULL, 1, 'Huelva', NULL, 959256947, 0, NULL, NULL),
(852, 'LEPTIS 97 S.L.', 1, NULL, 'CL CRUZ, 3', 'LEPE', 21440, NULL, NULL, 'Instaladores', NULL, NULL, NULL, NULL, 1, 'Huelva', NULL, 959481423, 0, NULL, NULL),
(853, 'MARELEC SL', 1, NULL, 'PLG PAVIPRESA 0 NAVE 23', 'HUELVA', 21007, 13, NULL, 'Instaladores', NULL, NULL, NULL, NULL, 1, 'Huelva', 959271938, 959271908, 0, NULL, NULL),
(854, 'MONCISUR S.L.', 1, NULL, 'PG RINCON, 44', 'HUELVA', 21007, 38, NULL, 'Instaladores', NULL, NULL, NULL, NULL, 1, 'Huelva', NULL, 959000000, 0, NULL, NULL),
(855, 'MONTAJES ELECTRICOS JOSE MARTIN CONEJO S.L.', 1, NULL, 'CL ESPERANZA, 47', 'BONARES', 21830, 2, NULL, 'Instaladores', NULL, NULL, NULL, NULL, 1, 'Huelva', 959366305, 959366305, 0, NULL, NULL),
(856, 'MONTAJES ELECTRICOS LA RIVERA SL', 1, NULL, 'PLG LA BARCA 1', 'CARTAYA', 21450, 32, NULL, 'Instaladores', NULL, NULL, NULL, NULL, 1, 'Huelva', 959391152, 959391152, 0, NULL, NULL),
(857, 'MONTAJES ELECTROSUR SL', 1, NULL, 'CL LOPEZ RUBIO 18', 'ARACENA', 21200, 14, NULL, 'Instaladores', NULL, NULL, NULL, NULL, 1, 'Huelva', NULL, 959128194, 0, NULL, NULL),
(858, 'MONTAJES HIDRAULICOS AGRICOLAS E INDUSTRIALES SA', 1, NULL, 'CL CAMINO MOLINO NUEVO', 'LA PALMA DEL CONDADO', 21700, 3, NULL, 'Instaladores', NULL, NULL, NULL, NULL, 1, 'Huelva', 959402117, 959402034, 0, NULL, NULL),
(859, 'ONUBENSE DE INSTRUMENTACION Y ELECTRICIDAD SOCIEDAD DE RESPONSABILIDAD LIMITADA LABORAL', 1, NULL, 'PG POLIRROSA 1', 'HUELVA', 21007, 35, NULL, 'Instaladores', NULL, NULL, NULL, NULL, 1, 'Huelva', NULL, 959236519, 0, NULL, NULL),
(860, 'ONUFONTA S.L.', 1, NULL, 'CL ANTONIO MACHADO', 'ISLA CRISTINA', 21430, 35, NULL, 'Instaladores', NULL, NULL, NULL, NULL, 1, 'Huelva', NULL, 959341008, 0, NULL, NULL),
(861, 'POCITOS DEL ROCIO S.L.', 1, NULL, 'CL PADRE JOSE ANTONIO RODRIGUEZ BEJERANO, 127', 'ALMONTE', 21730, 5, NULL, 'Instaladores', NULL, NULL, NULL, NULL, 1, 'Huelva', NULL, 959000000, 0, NULL, NULL),
(862, 'PROYECTOS ELECTRIFICACIONES Y MONTAJES DEL SUR SL', 1, NULL, 'CL LEPE 29', 'VILLANUEVA DE LOS CASTILLEJOS', 21540, 29, NULL, 'Instaladores', NULL, NULL, NULL, NULL, 1, 'Huelva', NULL, 959385125, 0, NULL, NULL),
(863, 'REFRIGERACION ODIEL SLL.', 1, NULL, 'PG EMPRESARIAL LA RAYA CALLE INDUSTRIA, 33', 'ALJARAQUE', 21110, 16, NULL, 'Instaladores', NULL, NULL, NULL, NULL, 1, 'Huelva', NULL, 959543628, 0, NULL, NULL),
(864, 'REPARACIONES VAZQUEZ MOJARRO HUELVA S.L.', 1, NULL, 'AV ITALIA, 31', 'HUELVA', 21001, 4, NULL, 'Instaladores', NULL, NULL, NULL, NULL, 1, 'Huelva', 959262838, 959285137, 0, NULL, NULL),
(865, 'SERONUBA SA', 1, NULL, 'AV SANTA MARTA 10', 'HUELVA', 21005, 42, NULL, 'Instaladores', NULL, NULL, NULL, NULL, 1, 'Huelva', NULL, 959150976, 0, NULL, NULL),
(866, 'SOCIEDAD ANDALUZA DE INSTALACIONES RELACIONADAS CON LA ELECTRICIDAD SL', 1, NULL, 'CL NICOLAS ORTA 50 -52.', 'HUELVA', 21006, 11, NULL, 'Instaladores', NULL, NULL, NULL, NULL, 1, 'Huelva', NULL, 959234660, 0, NULL, NULL),
(867, 'SUMINISTROS E INSTALACIONES AGRICOLAS SAN JORGE SL', 1, NULL, 'PG SAN JORGE 66 68', 'PALOS DE LA FRONTERA', 21810, 10, NULL, 'Instaladores', NULL, NULL, NULL, NULL, 1, 'Huelva', NULL, 959350852, 0, NULL, NULL),
(868, 'TECNICAS FRIGORIFICAS ONUBENSES S.L.', 1, NULL, 'ZONA INDUSTRIAL. COSTA DE LA LUZ, 4', 'PUNTA UMBRIA', 21100, 10, NULL, 'Instaladores', NULL, NULL, NULL, NULL, 1, 'Huelva', 959312919, 959312919, 0, NULL, NULL),
(869, 'TECNICAS INDUSTRIALES DE AISLAMIENTOS SL', 1, NULL, 'AV FRANCISCO MONGTENEGRO 1', 'HUELVA', 21001, 29, NULL, 'Instaladores', NULL, NULL, NULL, NULL, 1, 'Huelva', 959351415, 959540756, 0, NULL, NULL),
(870, 'TECNICAS INDUSTRIALES Y SERVICIOS TMS SL', 1, NULL, 'PG SAN JORGE 0 NAVE 19', 'PALOS DE LA FRONTERA', 21810, 27, NULL, 'Instaladores', NULL, NULL, NULL, NULL, 1, 'Huelva', 959530359, 959530571, 0, NULL, NULL),
(872, 'SALTES METAL SOCIEDAD LIMITADA', 1, NULL, 'PG EL RINCON 0 NAVE 16', 'HUELVA', 21007, 15, NULL, 'Instaladores', NULL, NULL, NULL, NULL, 1, 'Huelva', NULL, 959271068, 0, NULL, NULL),
(873, 'CENTRO COMERCIAL CIUDAD DE AYAMONTE SL', 1, NULL, 'AV LA CONSTITUCION 78', 'AYAMONTE', 21400, 4, NULL, 'Instaladores', NULL, NULL, NULL, NULL, 1, 'Huelva', NULL, 959322472, 0, NULL, NULL),
(874, 'CONSTRUCCIONES J. A. VAZQUEZ LUCENA SL', 1, NULL, 'CL BATALLA DE LEPANTO 1', 'LUCENA DEL PUERTO', 21820, 5, NULL, 'Instaladores', NULL, NULL, NULL, NULL, 1, 'Huelva', NULL, 959281142, 0, NULL, NULL),
(875, 'CONSTRUCTORA Y SERVICIOS IGUBAMON SL', 1, NULL, 'CL ANTONIO MACHADO 8 1º', 'ALMONTE', 21730, 8, NULL, 'Instaladores', NULL, NULL, NULL, NULL, 1, 'Huelva', NULL, 959406755, 0, NULL, NULL),
(876, 'EXCAVACIONES Y TRANSPORTES OJEDA BAENA SA', 1, NULL, 'CL MANZANILLA 24', 'HUELVA', 21005, 14, NULL, 'Instaladores', NULL, NULL, NULL, NULL, 1, 'Huelva', NULL, 959000000, 0, NULL, NULL),
(877, 'GESTION DE SUELO DE ALJARAQUE S.L.', 1, NULL, 'PZ ANDALUCIA, 1', 'ALJARAQUE', 21110, 46, NULL, 'Instaladores', NULL, NULL, NULL, NULL, 1, 'Huelva', NULL, 959317452, 0, NULL, NULL),
(878, 'HIERROS Y CONSTRUCCIONES SAN JUAN DEL PUERTO SOCIEDAD ANONIMA', 1, NULL, 'CL TRIGUEROS 100', 'SAN JUAN DEL PUERTO', 21610, 153, NULL, 'Instaladores', NULL, NULL, NULL, NULL, 1, 'Huelva', 959356376, 959356376, 0, NULL, NULL),
(879, 'PROMOCIONES ARC DOME 6000 SL', 1, NULL, 'PG LOS PINOS 89', 'MOGUER', 21130, 86, NULL, 'Instaladores', NULL, NULL, NULL, NULL, 1, 'Huelva', NULL, 959377442, 0, NULL, NULL),
(880, 'TERRACIVIL SA', 1, NULL, 'PG LA PAZ 77', 'HUELVA', 21007, 46, NULL, 'Instaladores', NULL, NULL, NULL, NULL, 1, 'Huelva', NULL, 959271452, 0, NULL, NULL);

-- --------------------------------------------------------

--
-- Estructura de tabla para la tabla `clientes_rel_contactos`
--

CREATE TABLE IF NOT EXISTS `clientes_rel_contactos` (
  `fk_cliente` int(11) NOT NULL,
  `fk_contacto` int(11) NOT NULL,
  PRIMARY KEY (`fk_cliente`,`fk_contacto`)
) ENGINE=InnoDB DEFAULT CHARSET=utf8;

--
-- Volcar la base de datos para la tabla `clientes_rel_contactos`
--

INSERT INTO `clientes_rel_contactos` (`fk_cliente`, `fk_contacto`) VALUES
(1, 0),
(1, 1),
(2, 2),
(3, 2),
(4, 3),
(5, 2),
(6, 4),
(7, 3),
(8, 2),
(9, 4),
(10, 3),
(11, 2),
(12, 4),
(13, 3),
(14, 0),
(15, 0),
(16, 0),
(17, 0),
(18, 0),
(19, 0),
(20, 0),
(21, 0),
(22, 0),
(23, 0),
(24, 0),
(25, 0),
(26, 0),
(27, 0),
(28, 0),
(29, 0),
(30, 0),
(31, 0),
(32, 0),
(33, 0),
(34, 0),
(35, 0),
(36, 0),
(37, 0),
(38, 0),
(39, 0),
(40, 0),
(41, 0),
(42, 0),
(43, 0),
(44, 0),
(45, 0),
(46, 0),
(47, 0),
(48, 0),
(49, 0),
(50, 0),
(51, 0),
(52, 0),
(53, 0),
(54, 0),
(55, 0),
(56, 0),
(57, 0),
(58, 0),
(59, 0),
(60, 0),
(61, 0),
(62, 0),
(63, 0),
(64, 0),
(65, 0),
(66, 0),
(67, 0),
(68, 0),
(69, 0),
(70, 0),
(71, 0),
(72, 0),
(73, 0),
(74, 0),
(75, 0),
(76, 0),
(77, 0),
(78, 0),
(79, 0),
(80, 0),
(81, 0),
(82, 0),
(83, 0),
(84, 0),
(85, 0),
(86, 0),
(87, 0),
(88, 0),
(89, 0),
(90, 0),
(91, 0),
(92, 0),
(93, 0),
(94, 0),
(95, 0),
(96, 0),
(97, 0),
(98, 0),
(99, 0),
(100, 0),
(101, 0),
(102, 0),
(103, 0),
(104, 0),
(105, 0),
(106, 0),
(107, 0),
(108, 0),
(109, 0),
(110, 0),
(111, 0),
(112, 0),
(113, 0),
(114, 0),
(115, 0),
(116, 0),
(117, 0),
(118, 0),
(119, 0),
(120, 0),
(121, 0),
(122, 0),
(123, 0),
(124, 0),
(125, 0),
(125, 19),
(126, 0),
(126, 22),
(127, 0),
(128, 0),
(129, 0),
(130, 0),
(130, 20),
(131, 0),
(132, 0),
(132, 21),
(133, 0),
(134, 0),
(135, 0),
(136, 0),
(137, 0),
(138, 0),
(139, 0),
(140, 0),
(141, 0),
(142, 0),
(143, 0),
(144, 0),
(145, 0),
(146, 0),
(147, 0),
(148, 0),
(149, 0),
(150, 0),
(151, 0),
(152, 0),
(153, 0),
(154, 0),
(155, 0),
(156, 0),
(157, 0),
(158, 0),
(159, 0),
(161, 0),
(162, 0),
(163, 0),
(164, 0),
(165, 0),
(166, 0),
(167, 0),
(168, 0),
(169, 0),
(170, 0),
(171, 0),
(172, 0),
(173, 0),
(174, 0),
(175, 0),
(176, 0),
(177, 0),
(178, 0),
(179, 0),
(180, 0),
(181, 0),
(182, 0),
(184, 0),
(185, 0),
(186, 0),
(187, 0),
(188, 0),
(189, 0),
(190, 0),
(191, 0),
(192, 0),
(193, 0),
(194, 0),
(195, 0),
(196, 0),
(197, 0),
(198, 0),
(199, 0),
(200, 0),
(201, 0),
(202, 0),
(203, 0),
(205, 0),
(206, 0),
(207, 0),
(208, 0),
(209, 0),
(210, 0),
(211, 0),
(212, 0),
(213, 0),
(214, 0),
(215, 0),
(216, 0),
(217, 0),
(218, 0),
(219, 0),
(220, 0),
(221, 0),
(222, 0),
(223, 0),
(224, 0),
(226, 0),
(227, 0),
(228, 0),
(229, 0),
(230, 0),
(231, 0),
(232, 0),
(233, 0),
(234, 0),
(235, 0),
(236, 0),
(237, 0),
(238, 0),
(239, 0),
(240, 0),
(241, 0),
(242, 0),
(247, 3),
(248, 5),
(249, 6),
(250, 7),
(251, 8),
(252, 9),
(253, 10),
(254, 11),
(255, 12),
(256, 13),
(257, 14),
(258, 15),
(259, 16),
(260, 17),
(261, 18),
(265, 2),
(273, 0),
(274, 0),
(275, 0),
(276, 0),
(277, 0),
(278, 0),
(279, 0),
(280, 0),
(281, 0),
(283, 0),
(284, 0),
(285, 0),
(286, 0),
(288, 0),
(289, 0),
(290, 0),
(291, 0),
(292, 0),
(293, 0),
(294, 0),
(295, 0),
(296, 0),
(297, 0),
(298, 0),
(299, 0),
(300, 0),
(301, 0),
(302, 0),
(303, 0),
(304, 0),
(305, 0),
(306, 0),
(307, 0),
(308, 0),
(309, 0),
(310, 0),
(311, 0),
(311, 69),
(312, 0),
(313, 0),
(314, 0),
(315, 0),
(316, 0),
(317, 0),
(318, 0),
(319, 0),
(320, 0),
(321, 0),
(322, 0),
(323, 0),
(324, 0),
(325, 0),
(326, 0),
(327, 0),
(328, 0),
(328, 70),
(329, 0),
(330, 0),
(331, 0),
(332, 0),
(333, 0),
(334, 0),
(335, 0),
(336, 0),
(337, 0),
(338, 0),
(339, 0),
(340, 0),
(341, 0),
(342, 0),
(343, 0),
(344, 0),
(345, 0),
(346, 0),
(347, 0),
(348, 0),
(349, 0),
(350, 0),
(351, 0),
(352, 0),
(353, 0),
(354, 0),
(355, 0),
(356, 0),
(357, 0),
(358, 0),
(359, 0),
(360, 0),
(361, 0),
(362, 0),
(363, 0),
(364, 0),
(365, 0),
(366, 0),
(367, 0),
(368, 0),
(369, 0),
(370, 0),
(371, 0),
(372, 0),
(373, 0),
(375, 0),
(376, 0),
(377, 0),
(378, 0),
(380, 0),
(381, 0),
(382, 0),
(383, 0),
(384, 0),
(385, 0),
(386, 0),
(387, 0),
(388, 0),
(389, 0),
(390, 0),
(391, 0),
(392, 0),
(393, 0),
(394, 0),
(395, 0),
(396, 0),
(397, 0),
(398, 0),
(399, 0),
(400, 0),
(401, 0),
(402, 0),
(403, 0),
(404, 0),
(405, 0),
(406, 0),
(407, 0),
(408, 0),
(409, 0),
(410, 0),
(411, 0),
(412, 0),
(413, 0),
(414, 0),
(415, 0),
(416, 0),
(417, 0),
(418, 0),
(419, 0),
(420, 0),
(421, 0),
(422, 0),
(423, 0),
(424, 0),
(425, 0),
(426, 0),
(427, 0),
(428, 0),
(429, 0),
(430, 0),
(431, 0),
(432, 0),
(433, 0),
(434, 0),
(435, 0),
(436, 0),
(437, 0),
(438, 0),
(439, 0),
(440, 0),
(441, 0),
(442, 0),
(443, 0),
(444, 0),
(445, 0),
(446, 0),
(447, 0),
(448, 0),
(449, 0),
(450, 0),
(451, 0),
(452, 0),
(454, 0),
(455, 0),
(456, 0),
(458, 0),
(460, 23),
(461, 0),
(462, 0),
(463, 0),
(464, 0),
(465, 0),
(467, 0),
(468, 0),
(469, 0),
(470, 0),
(471, 0),
(472, 0),
(473, 0),
(474, 0),
(475, 0),
(476, 0),
(477, 0),
(478, 0),
(479, 0),
(480, 0),
(481, 0),
(482, 0),
(483, 0),
(484, 0),
(485, 0),
(486, 0),
(487, 0),
(488, 0),
(489, 0),
(490, 0),
(491, 0),
(492, 0),
(493, 0),
(494, 0),
(495, 0),
(496, 0),
(497, 0),
(499, 0),
(500, 0),
(501, 0),
(502, 0),
(503, 0),
(504, 0),
(505, 0),
(506, 0),
(507, 0),
(508, 0),
(509, 0),
(510, 0),
(511, 0),
(512, 0),
(513, 0),
(514, 0),
(515, 0),
(516, 0),
(517, 0),
(518, 0),
(519, 0),
(520, 0),
(521, 0),
(522, 0),
(523, 0),
(524, 0),
(525, 0),
(526, 0),
(527, 0),
(528, 0),
(529, 0),
(530, 0),
(531, 0),
(532, 0),
(533, 0),
(534, 0),
(535, 0),
(536, 0),
(537, 0),
(538, 0),
(539, 0),
(540, 0),
(541, 0),
(542, 0),
(543, 0),
(544, 0),
(545, 0),
(546, 0),
(547, 0),
(548, 0),
(549, 0),
(550, 0),
(551, 0),
(552, 0),
(553, 0),
(554, 0),
(556, 0),
(557, 0),
(558, 0),
(559, 0),
(560, 0),
(561, 0),
(562, 0),
(563, 0),
(564, 0),
(565, 0),
(566, 0),
(567, 0),
(568, 0),
(569, 0),
(570, 0),
(571, 0),
(572, 0),
(573, 0),
(574, 0),
(575, 0),
(576, 0),
(577, 0),
(578, 0),
(579, 0),
(580, 0),
(581, 0),
(581, 53),
(582, 0),
(583, 0),
(584, 0),
(585, 0),
(586, 0),
(587, 0),
(588, 0),
(589, 0),
(590, 0),
(591, 0),
(592, 0),
(593, 0),
(594, 0),
(595, 0),
(596, 0),
(597, 0),
(598, 0),
(599, 0),
(600, 0),
(601, 0),
(602, 0),
(603, 0),
(604, 0),
(605, 0),
(608, 0),
(609, 0),
(609, 85),
(610, 0),
(610, 87),
(611, 0),
(612, 0),
(613, 0),
(614, 0),
(615, 0),
(616, 0),
(617, 0),
(618, 0),
(619, 0),
(620, 0),
(621, 0),
(622, 0),
(623, 0),
(624, 0),
(625, 0),
(626, 0),
(627, 0),
(628, 0),
(630, 0),
(631, 0),
(632, 0),
(633, 0),
(634, 0),
(635, 0),
(636, 0),
(637, 0),
(637, 61),
(637, 62),
(638, 0),
(638, 56),
(638, 57),
(638, 58),
(639, 0),
(639, 55),
(640, 0),
(641, 0),
(641, 59),
(642, 0),
(643, 0),
(644, 0),
(645, 0),
(646, 0),
(646, 68),
(647, 0),
(647, 54),
(648, 0),
(649, 0),
(650, 0),
(651, 0),
(652, 0),
(653, 0),
(654, 0),
(655, 0),
(656, 0),
(657, 0),
(658, 0),
(659, 0),
(660, 0),
(661, 0),
(662, 0),
(663, 0),
(664, 0),
(665, 0),
(666, 0),
(667, 0),
(668, 0),
(669, 0),
(670, 0),
(671, 0),
(672, 0),
(673, 0),
(674, 0),
(675, 0),
(676, 0),
(677, 0),
(678, 0),
(679, 0),
(680, 0),
(681, 0),
(682, 0),
(683, 0),
(684, 0),
(685, 0),
(686, 0),
(687, 0),
(688, 0),
(689, 0),
(690, 0),
(691, 0),
(692, 0),
(694, 0),
(695, 0),
(696, 0),
(697, 0),
(697, 63),
(697, 64),
(698, 0),
(699, 0),
(700, 0),
(701, 0),
(702, 0),
(703, 0),
(704, 0),
(705, 0),
(706, 0),
(707, 0),
(708, 0),
(709, 0),
(710, 0),
(711, 0),
(712, 0),
(713, 0),
(714, 0),
(715, 0),
(716, 0),
(717, 0),
(718, 0),
(719, 0),
(720, 0),
(721, 0),
(722, 0),
(723, 0),
(724, 0),
(725, 0),
(726, 0),
(727, 0),
(728, 0),
(729, 0),
(730, 0),
(731, 0),
(732, 0),
(733, 0),
(734, 0),
(735, 0),
(736, 0),
(737, 0),
(738, 0),
(739, 0),
(740, 0),
(741, 0),
(742, 0),
(743, 0),
(744, 0),
(745, 0),
(746, 0),
(747, 0),
(748, 0),
(749, 0),
(750, 0),
(751, 0),
(752, 0),
(753, 0),
(754, 0),
(755, 24),
(756, 25),
(757, 26),
(758, 27),
(759, 28),
(760, 29),
(761, 30),
(762, 31),
(763, 32),
(764, 0),
(764, 33),
(764, 65),
(766, 34),
(767, 35),
(768, 36),
(769, 37),
(770, 38),
(771, 39),
(773, 40),
(774, 41),
(775, 42),
(776, 43),
(777, 44),
(778, 45),
(779, 46),
(780, 47),
(781, 48),
(781, 49),
(782, 50),
(783, 51),
(784, 52),
(785, 60),
(788, 66),
(789, 67),
(790, 71),
(791, 73),
(793, 72),
(794, 74),
(796, 75),
(797, 76),
(798, 77),
(799, 78),
(800, 79),
(802, 80),
(803, 81),
(804, 82),
(805, 83),
(805, 84),
(806, 86),
(807, 88),
(809, 89),
(810, 90),
(811, 91),
(812, 0),
(813, 0),
(814, 0),
(815, 0),
(816, 0),
(817, 0),
(818, 0),
(819, 0),
(820, 0),
(821, 0),
(822, 0),
(823, 0),
(824, 0),
(825, 0),
(826, 0),
(827, 0),
(828, 0),
(829, 0),
(830, 0),
(831, 0),
(832, 0),
(833, 0),
(834, 0),
(835, 0),
(836, 0),
(837, 0),
(838, 0),
(839, 0),
(840, 0),
(841, 0),
(842, 0),
(843, 0),
(844, 0),
(845, 0),
(846, 0),
(847, 0),
(848, 0),
(849, 0),
(850, 0),
(851, 0),
(852, 0),
(853, 0),
(854, 0),
(855, 0),
(856, 0),
(857, 0),
(858, 0),
(859, 0),
(860, 0),
(861, 0),
(862, 0),
(863, 0),
(864, 0),
(865, 0),
(866, 0),
(867, 0),
(868, 0),
(869, 0),
(870, 0),
(872, 0),
(873, 0),
(874, 0),
(875, 0),
(876, 0),
(877, 0),
(878, 0),
(879, 0),
(880, 0);

-- --------------------------------------------------------

--
-- Estructura de tabla para la tabla `clientes_rel_usuarios`
--

CREATE TABLE IF NOT EXISTS `clientes_rel_usuarios` (
  `fk_cliente` int(11) NOT NULL,
  `fk_usuario` varchar(15) NOT NULL,
  `ha_insertado` tinyint(1) NOT NULL DEFAULT '0',
  PRIMARY KEY (`fk_cliente`,`fk_usuario`)
) ENGINE=InnoDB DEFAULT CHARSET=utf8;

--
-- Volcar la base de datos para la tabla `clientes_rel_usuarios`
--

INSERT INTO `clientes_rel_usuarios` (`fk_cliente`, `fk_usuario`, `ha_insertado`) VALUES
(2, 'jose.sanchez', 1),
(3, 'jose.sanchez', 1),
(4, 'admin', 1),
(4, 'jose.sanchez', 1),
(5, 'jose.sanchez', 1),
(6, 'jose.sanchez', 1),
(7, 'jose.sanchez', 1),
(8, 'jose.sanchez', 1),
(9, 'jose.sanchez', 1),
(10, 'jose.sanchez', 1),
(11, 'jose.sanchez', 1),
(12, 'jose.sanchez', 1),
(13, 'jose.sanchez', 1),
(14, 'jose.sanchez', 1),
(15, 'jose.sanchez', 1),
(16, 'jose.sanchez', 1),
(17, 'jose.sanchez', 1),
(18, 'jose.sanchez', 1),
(19, 'jose.sanchez', 1),
(20, 'jose.sanchez', 1),
(21, 'jose.sanchez', 1),
(22, 'jose.sanchez', 1),
(23, 'jose.sanchez', 1),
(24, 'jose.sanchez', 1),
(25, 'jose.sanchez', 1),
(26, 'jose.sanchez', 1),
(27, 'jose.sanchez', 1),
(28, 'jose.sanchez', 1),
(29, 'jose.sanchez', 1),
(30, 'jose.sanchez', 1),
(31, 'jose.sanchez', 1),
(32, 'jose.sanchez', 1),
(33, 'jose.sanchez', 1),
(34, 'jose.sanchez', 1),
(35, 'jose.sanchez', 1),
(36, 'jose.sanchez', 1),
(37, 'jose.sanchez', 1),
(38, 'jose.sanchez', 1),
(39, 'jose.sanchez', 1),
(40, 'jose.sanchez', 1),
(41, 'jose.sanchez', 1),
(42, 'jose.sanchez', 1),
(43, 'jose.sanchez', 1),
(44, 'jose.sanchez', 1),
(45, 'jose.sanchez', 1),
(46, 'jose.sanchez', 1),
(47, 'jose.sanchez', 1),
(48, 'jose.sanchez', 1),
(49, 'jose.sanchez', 1),
(50, 'jose.sanchez', 1),
(51, 'jose.sanchez', 1),
(52, 'jose.sanchez', 1),
(53, 'jose.sanchez', 1),
(54, 'jose.sanchez', 1),
(55, 'jose.sanchez', 1),
(56, 'jose.sanchez', 1),
(57, 'jose.sanchez', 1),
(58, 'jose.sanchez', 1),
(59, 'jose.sanchez', 1),
(60, 'jose.sanchez', 1),
(61, 'jose.sanchez', 1),
(62, 'jose.sanchez', 1),
(63, 'jose.sanchez', 1),
(64, 'jose.sanchez', 1),
(65, 'jose.sanchez', 1),
(66, 'jose.sanchez', 1),
(67, 'jose.sanchez', 1),
(68, 'jose.sanchez', 1),
(69, 'jose.sanchez', 1),
(70, 'jose.sanchez', 1),
(71, 'jose.sanchez', 1),
(72, 'jose.sanchez', 1),
(73, 'jose.sanchez', 1),
(74, 'jose.sanchez', 1),
(75, 'jose.sanchez', 1),
(76, 'jose.sanchez', 1),
(77, 'jose.sanchez', 1),
(78, 'jose.sanchez', 1),
(79, 'jose.sanchez', 1),
(80, 'jose.sanchez', 1),
(81, 'jose.sanchez', 1),
(82, 'jose.sanchez', 1),
(83, 'jose.sanchez', 1),
(84, 'jose.sanchez', 1),
(85, 'jose.sanchez', 1),
(86, 'jose.sanchez', 1),
(87, 'jose.sanchez', 1),
(88, 'jose.sanchez', 1),
(89, 'jose.sanchez', 1),
(90, 'jose.sanchez', 1),
(91, 'jose.sanchez', 1),
(92, 'jose.sanchez', 1),
(93, 'jose.sanchez', 1),
(94, 'jose.sanchez', 1),
(95, 'jose.sanchez', 1),
(96, 'jose.sanchez', 1),
(97, 'jose.sanchez', 1),
(98, 'jose.sanchez', 1),
(99, 'jose.sanchez', 1),
(100, 'jose.sanchez', 1),
(101, 'jose.sanchez', 1),
(102, 'jose.sanchez', 1),
(103, 'jose.sanchez', 1),
(104, 'jose.sanchez', 1),
(105, 'jose.sanchez', 1),
(106, 'jose.sanchez', 1),
(107, 'jose.sanchez', 1),
(108, 'jose.sanchez', 1),
(109, 'jose.sanchez', 1),
(110, 'jose.sanchez', 1),
(111, 'jose.sanchez', 1),
(112, 'jose.sanchez', 1),
(113, 'jose.sanchez', 1),
(114, 'jose.sanchez', 1),
(115, 'jose.sanchez', 1),
(116, 'jose.sanchez', 1),
(117, 'jose.sanchez', 1),
(118, 'jose.sanchez', 1),
(119, 'jose.sanchez', 1),
(120, 'jose.sanchez', 1),
(121, 'jose.sanchez', 1),
(122, 'esther.martin', 0),
(122, 'jose.sanchez', 1),
(123, 'esther.martin', 0),
(123, 'jose.sanchez', 1),
(124, 'esther.martin', 0),
(124, 'jose.sanchez', 1),
(125, 'esther.martin', 0),
(125, 'jose.sanchez', 1),
(126, 'esther.martin', 0),
(126, 'jose.sanchez', 1),
(127, 'esther.martin', 0),
(127, 'jose.sanchez', 1),
(128, 'esther.martin', 0),
(128, 'jose.sanchez', 1),
(129, 'esther.martin', 0),
(129, 'jose.sanchez', 1),
(130, 'esther.martin', 0),
(130, 'jose.sanchez', 1),
(131, 'esther.martin', 0),
(131, 'jose.sanchez', 1),
(132, 'esther.martin', 0),
(132, 'jose.sanchez', 1),
(133, 'esther.martin', 0),
(133, 'jose.sanchez', 1),
(134, 'esther.martin', 0),
(134, 'jose.sanchez', 1),
(135, 'esther.martin', 0),
(135, 'jose.sanchez', 1),
(136, 'esther.martin', 0),
(136, 'jose.sanchez', 1),
(137, 'esther.martin', 0),
(137, 'jose.sanchez', 1),
(138, 'esther.martin', 0),
(138, 'jose.sanchez', 1),
(139, 'esther.martin', 0),
(139, 'jose.sanchez', 1),
(140, 'esther.martin', 0),
(140, 'jose.sanchez', 1),
(141, 'esther.martin', 0),
(141, 'jose.sanchez', 1),
(142, 'esther.martin', 0),
(142, 'jose.sanchez', 1),
(143, 'esther.martin', 0),
(143, 'jose.sanchez', 1),
(144, 'esther.martin', 0),
(144, 'jose.sanchez', 1),
(145, 'esther.martin', 0),
(145, 'jose.sanchez', 1),
(146, 'esther.martin', 0),
(146, 'jose.sanchez', 1),
(147, 'esther.martin', 0),
(147, 'jose.sanchez', 1),
(148, 'esther.martin', 0),
(148, 'jose.sanchez', 1),
(149, 'esther.martin', 0),
(149, 'jose.sanchez', 1),
(150, 'esther.martin', 0),
(150, 'jose.sanchez', 1),
(151, 'esther.martin', 0),
(151, 'jose.sanchez', 1),
(152, 'esther.martin', 0),
(152, 'jose.sanchez', 1),
(153, 'esther.martin', 0),
(153, 'jose.sanchez', 1),
(154, 'esther.martin', 0),
(154, 'jose.sanchez', 1),
(155, 'esther.martin', 0),
(155, 'jose.sanchez', 1),
(156, 'esther.martin', 0),
(156, 'jose.sanchez', 1),
(157, 'esther.martin', 0),
(157, 'jose.sanchez', 1),
(158, 'esther.martin', 0),
(158, 'jose.sanchez', 1),
(159, 'esther.martin', 0),
(159, 'jose.sanchez', 1),
(161, 'esther.martin', 0),
(161, 'jose.sanchez', 1),
(162, 'esther.martin', 0),
(162, 'jose.sanchez', 1),
(163, 'esther.martin', 0),
(163, 'jose.sanchez', 1),
(164, 'esther.martin', 0),
(164, 'jose.sanchez', 1),
(165, 'esther.martin', 0),
(165, 'jose.sanchez', 1),
(166, 'esther.martin', 0),
(166, 'jose.sanchez', 1),
(167, 'esther.martin', 0),
(167, 'jose.sanchez', 1),
(168, 'esther.martin', 0),
(168, 'jose.sanchez', 1),
(169, 'esther.martin', 0),
(169, 'jose.sanchez', 1),
(170, 'esther.martin', 0),
(170, 'jose.sanchez', 1),
(171, 'esther.martin', 0),
(171, 'jose.sanchez', 1),
(172, 'esther.martin', 0),
(172, 'jose.sanchez', 1),
(173, 'esther.martin', 0),
(173, 'jose.sanchez', 1),
(174, 'esther.martin', 0),
(174, 'jose.sanchez', 1),
(175, 'esther.martin', 0),
(175, 'jose.sanchez', 1),
(176, 'esther.martin', 0),
(176, 'jose.sanchez', 1),
(177, 'esther.martin', 0),
(177, 'jose.sanchez', 1),
(178, 'esther.martin', 0),
(178, 'jose.sanchez', 1),
(179, 'esther.martin', 0),
(179, 'jose.sanchez', 1),
(180, 'esther.martin', 0),
(180, 'jose.sanchez', 1),
(181, 'esther.martin', 0),
(181, 'jose.sanchez', 1),
(182, 'esther.martin', 0),
(182, 'jose.sanchez', 1),
(184, 'esther.martin', 0),
(184, 'jose.sanchez', 1),
(185, 'esther.martin', 0),
(185, 'jose.sanchez', 1),
(186, 'esther.martin', 0),
(186, 'jose.sanchez', 1),
(187, 'esther.martin', 0),
(187, 'jose.sanchez', 1),
(188, 'esther.martin', 0),
(188, 'jose.sanchez', 1),
(189, 'esther.martin', 0),
(189, 'jose.sanchez', 1),
(190, 'esther.martin', 0),
(190, 'jose.sanchez', 1),
(191, 'esther.martin', 0),
(191, 'jose.sanchez', 1),
(192, 'esther.martin', 0),
(192, 'jose.sanchez', 1),
(193, 'esther.martin', 0),
(193, 'jose.sanchez', 1),
(194, 'esther.martin', 0),
(194, 'jose.sanchez', 1),
(195, 'esther.martin', 0),
(195, 'jose.sanchez', 1),
(196, 'esther.martin', 0),
(196, 'jose.sanchez', 1),
(197, 'esther.martin', 0),
(197, 'jose.sanchez', 1),
(198, 'esther.martin', 0),
(198, 'jose.sanchez', 1),
(199, 'esther.martin', 0),
(199, 'jose.sanchez', 1),
(200, 'esther.martin', 0),
(200, 'jose.sanchez', 1),
(201, 'esther.martin', 0),
(201, 'jose.sanchez', 1),
(202, 'esther.martin', 0),
(202, 'jose.sanchez', 1),
(203, 'esther.martin', 0),
(203, 'jose.sanchez', 1),
(205, 'esther.martin', 0),
(205, 'jose.sanchez', 1),
(206, 'esther.martin', 0),
(206, 'jose.sanchez', 1),
(207, 'esther.martin', 0),
(207, 'jose.sanchez', 1),
(208, 'esther.martin', 0),
(208, 'jose.sanchez', 1),
(209, 'esther.martin', 0),
(209, 'jose.sanchez', 1),
(210, 'esther.martin', 0),
(210, 'jose.sanchez', 1),
(211, 'esther.martin', 0),
(211, 'jose.sanchez', 1),
(212, 'esther.martin', 0),
(212, 'jose.sanchez', 1),
(213, 'esther.martin', 0),
(213, 'jose.sanchez', 1),
(214, 'esther.martin', 0),
(214, 'jose.sanchez', 1),
(215, 'esther.martin', 0),
(215, 'jose.sanchez', 1),
(216, 'esther.martin', 0),
(216, 'jose.sanchez', 1),
(217, 'esther.martin', 0),
(217, 'jose.sanchez', 1),
(218, 'esther.martin', 0),
(218, 'jose.sanchez', 1),
(219, 'esther.martin', 0),
(219, 'jose.sanchez', 1),
(220, 'esther.martin', 0),
(220, 'jose.sanchez', 1),
(221, 'esther.martin', 0),
(221, 'jose.sanchez', 1),
(222, 'esther.martin', 0),
(222, 'jose.sanchez', 1),
(223, 'esther.martin', 0),
(223, 'jose.sanchez', 1),
(224, 'esther.martin', 0),
(224, 'jose.sanchez', 1),
(226, 'esther.martin', 0),
(226, 'jose.sanchez', 1),
(227, 'esther.martin', 0),
(227, 'jose.sanchez', 1),
(228, 'esther.martin', 0),
(228, 'jose.sanchez', 1),
(229, 'esther.martin', 0),
(229, 'jose.sanchez', 1),
(230, 'esther.martin', 0),
(230, 'jose.sanchez', 1),
(231, 'esther.martin', 0),
(231, 'jose.sanchez', 1),
(232, 'esther.martin', 0),
(232, 'jose.sanchez', 1),
(233, 'esther.martin', 0),
(233, 'jose.sanchez', 1),
(234, 'esther.martin', 0),
(234, 'jose.sanchez', 1),
(235, 'esther.martin', 0),
(235, 'jose.sanchez', 1),
(236, 'esther.martin', 0),
(236, 'jose.sanchez', 1),
(237, 'esther.martin', 0),
(237, 'jose.sanchez', 1),
(238, 'esther.martin', 0),
(238, 'jose.sanchez', 1),
(239, 'esther.martin', 0),
(239, 'jose.sanchez', 1),
(240, 'esther.martin', 0),
(240, 'jose.sanchez', 1),
(241, 'esther.martin', 0),
(241, 'jose.sanchez', 1),
(242, 'esther.martin', 0),
(242, 'jose.sanchez', 1),
(247, 'jose.sanchez', 1),
(248, 'esther.martin', 1),
(249, 'esther.martin', 1),
(250, 'esther.martin', 1),
(251, 'esther.martin', 1),
(252, 'esther.martin', 1),
(253, 'esther.martin', 1),
(254, 'esther.martin', 1),
(255, 'esther.martin', 1),
(256, 'esther.martin', 1),
(257, 'esther.martin', 1),
(258, 'esther.martin', 1),
(259, 'esther.martin', 1),
(260, 'esther.martin', 1),
(261, 'esther.martin', 1),
(265, 'jose.sanchez', 1),
(273, 'esther.martin', 1),
(274, 'esther.martin', 1),
(275, 'esther.martin', 1),
(276, 'esther.martin', 1),
(277, 'esther.martin', 1),
(278, 'esther.martin', 1),
(279, 'esther.martin', 1),
(280, 'esther.martin', 1),
(281, 'esther.martin', 1),
(283, 'esther.martin', 1),
(284, 'esther.martin', 1),
(285, 'esther.martin', 1),
(286, 'esther.martin', 1),
(288, 'esther.martin', 1),
(289, 'esther.martin', 1),
(290, 'esther.martin', 1),
(291, 'esther.martin', 1),
(292, 'esther.martin', 1),
(293, 'esther.martin', 1),
(294, 'esther.martin', 1),
(295, 'esther.martin', 1),
(296, 'esther.martin', 1),
(297, 'esther.martin', 1),
(298, 'esther.martin', 1),
(299, 'esther.martin', 1),
(300, 'esther.martin', 1),
(301, 'esther.martin', 1),
(302, 'esther.martin', 1),
(303, 'esther.martin', 1),
(304, 'esther.martin', 1),
(305, 'esther.martin', 1),
(306, 'esther.martin', 1),
(307, 'esther.martin', 1),
(308, 'esther.martin', 1),
(309, 'esther.martin', 1),
(310, 'esther.martin', 1),
(311, 'esther.martin', 1),
(312, 'esther.martin', 1),
(313, 'esther.martin', 1),
(314, 'esther.martin', 1),
(315, 'esther.martin', 1),
(316, 'esther.martin', 1),
(317, 'esther.martin', 1),
(318, 'esther.martin', 1),
(319, 'esther.martin', 1),
(320, 'esther.martin', 1),
(321, 'esther.martin', 1),
(322, 'esther.martin', 1),
(323, 'esther.martin', 1),
(324, 'esther.martin', 1),
(325, 'esther.martin', 1),
(326, 'esther.martin', 1),
(327, 'esther.martin', 1),
(328, 'esther.martin', 1),
(329, 'esther.martin', 1),
(330, 'esther.martin', 1),
(331, 'esther.martin', 1),
(332, 'esther.martin', 1),
(333, 'esther.martin', 1),
(334, 'esther.martin', 1),
(335, 'esther.martin', 1),
(336, 'esther.martin', 1),
(337, 'esther.martin', 1),
(338, 'esther.martin', 1),
(339, 'esther.martin', 1),
(340, 'esther.martin', 1),
(341, 'esther.martin', 1),
(342, 'esther.martin', 1),
(343, 'esther.martin', 1),
(344, 'esther.martin', 1),
(345, 'esther.martin', 1),
(346, 'esther.martin', 1),
(347, 'esther.martin', 1),
(348, 'esther.martin', 1),
(349, 'esther.martin', 1),
(350, 'esther.martin', 1),
(351, 'esther.martin', 1),
(352, 'esther.martin', 1),
(353, 'esther.martin', 1),
(354, 'esther.martin', 1),
(355, 'esther.martin', 1),
(356, 'esther.martin', 1),
(357, 'esther.martin', 1),
(358, 'esther.martin', 1),
(359, 'esther.martin', 1),
(360, 'esther.martin', 1),
(361, 'esther.martin', 1),
(362, 'esther.martin', 1),
(363, 'esther.martin', 1),
(364, 'esther.martin', 1),
(365, 'esther.martin', 1),
(366, 'esther.martin', 1),
(367, 'esther.martin', 1),
(368, 'esther.martin', 1),
(369, 'esther.martin', 1),
(370, 'esther.martin', 1),
(371, 'esther.martin', 1),
(372, 'esther.martin', 1),
(373, 'esther.martin', 1),
(375, 'esther.martin', 1),
(376, 'esther.martin', 1),
(377, 'esther.martin', 1),
(378, 'esther.martin', 1),
(380, 'esther.martin', 1),
(381, 'esther.martin', 1),
(382, 'esther.martin', 1),
(383, 'esther.martin', 1),
(384, 'esther.martin', 1),
(385, 'esther.martin', 1),
(386, 'esther.martin', 1),
(387, 'esther.martin', 1),
(388, 'esther.martin', 1),
(389, 'esther.martin', 1),
(390, 'esther.martin', 1),
(391, 'esther.martin', 1),
(392, 'esther.martin', 1),
(393, 'esther.martin', 1),
(394, 'esther.martin', 1),
(395, 'esther.martin', 1),
(396, 'esther.martin', 1),
(397, 'esther.martin', 1),
(398, 'esther.martin', 1),
(399, 'esther.martin', 1),
(400, 'esther.martin', 1),
(401, 'esther.martin', 1),
(402, 'esther.martin', 1),
(403, 'esther.martin', 1),
(404, 'esther.martin', 1),
(405, 'esther.martin', 1),
(406, 'esther.martin', 1),
(407, 'esther.martin', 1),
(408, 'esther.martin', 1),
(409, 'esther.martin', 1),
(410, 'esther.martin', 1),
(411, 'esther.martin', 1),
(412, 'esther.martin', 1),
(413, 'esther.martin', 1),
(414, 'esther.martin', 1),
(415, 'esther.martin', 1),
(416, 'esther.martin', 1),
(417, 'esther.martin', 1),
(418, 'esther.martin', 1),
(419, 'esther.martin', 1),
(420, 'esther.martin', 1),
(421, 'esther.martin', 1),
(422, 'esther.martin', 1),
(423, 'esther.martin', 1),
(424, 'esther.martin', 1),
(425, 'esther.martin', 1),
(426, 'esther.martin', 1),
(427, 'esther.martin', 1),
(428, 'esther.martin', 1),
(429, 'esther.martin', 1),
(430, 'esther.martin', 1),
(431, 'esther.martin', 1),
(432, 'esther.martin', 1),
(433, 'esther.martin', 1),
(434, 'esther.martin', 1),
(435, 'esther.martin', 1),
(436, 'esther.martin', 1),
(437, 'esther.martin', 1),
(438, 'esther.martin', 1),
(439, 'esther.martin', 1),
(440, 'esther.martin', 1),
(441, 'esther.martin', 1),
(442, 'esther.martin', 1),
(443, 'esther.martin', 1),
(444, 'esther.martin', 1),
(445, 'esther.martin', 1),
(446, 'esther.martin', 1),
(447, 'esther.martin', 1),
(448, 'esther.martin', 1),
(449, 'esther.martin', 1),
(450, 'esther.martin', 1),
(451, 'esther.martin', 1),
(452, 'esther.martin', 1),
(454, 'esther.martin', 1),
(455, 'esther.martin', 1),
(456, 'esther.martin', 1),
(458, 'esther.martin', 1),
(460, 'esther.martin', 1),
(461, 'esther.martin', 1),
(462, 'esther.martin', 1),
(463, 'esther.martin', 1),
(464, 'esther.martin', 1),
(465, 'esther.martin', 1),
(467, 'esther.martin', 1),
(468, 'esther.martin', 1),
(469, 'esther.martin', 1),
(470, 'esther.martin', 1),
(471, 'esther.martin', 1),
(472, 'esther.martin', 1),
(473, 'esther.martin', 1),
(474, 'esther.martin', 1),
(475, 'esther.martin', 1),
(476, 'esther.martin', 1),
(477, 'esther.martin', 1),
(478, 'esther.martin', 1),
(479, 'esther.martin', 1),
(480, 'esther.martin', 1),
(481, 'esther.martin', 1),
(482, 'esther.martin', 1),
(483, 'esther.martin', 1),
(484, 'esther.martin', 1),
(485, 'esther.martin', 1),
(486, 'esther.martin', 1),
(487, 'esther.martin', 1),
(488, 'esther.martin', 1),
(489, 'esther.martin', 1),
(490, 'esther.martin', 1),
(491, 'esther.martin', 1),
(492, 'esther.martin', 1),
(493, 'esther.martin', 1),
(494, 'esther.martin', 1),
(495, 'esther.martin', 1),
(496, 'esther.martin', 1),
(497, 'esther.martin', 1),
(499, 'esther.martin', 1),
(500, 'esther.martin', 1),
(501, 'esther.martin', 1),
(502, 'esther.martin', 1),
(503, 'esther.martin', 1),
(504, 'esther.martin', 1),
(505, 'esther.martin', 1),
(506, 'esther.martin', 1),
(507, 'esther.martin', 1),
(508, 'esther.martin', 1),
(509, 'esther.martin', 1),
(510, 'esther.martin', 1),
(511, 'esther.martin', 1),
(512, 'esther.martin', 1),
(513, 'esther.martin', 1),
(514, 'esther.martin', 1),
(515, 'esther.martin', 1),
(516, 'esther.martin', 1),
(517, 'esther.martin', 1),
(518, 'esther.martin', 1),
(519, 'esther.martin', 1),
(520, 'esther.martin', 1),
(521, 'esther.martin', 1),
(522, 'esther.martin', 1),
(523, 'esther.martin', 1),
(524, 'esther.martin', 1),
(525, 'esther.martin', 1),
(526, 'esther.martin', 1),
(527, 'esther.martin', 1),
(528, 'esther.martin', 1),
(529, 'esther.martin', 1),
(530, 'esther.martin', 1),
(531, 'esther.martin', 1),
(532, 'esther.martin', 1),
(533, 'esther.martin', 1),
(534, 'esther.martin', 1),
(535, 'esther.martin', 1),
(536, 'esther.martin', 1),
(537, 'esther.martin', 1),
(538, 'esther.martin', 1),
(539, 'esther.martin', 1),
(540, 'esther.martin', 1),
(541, 'esther.martin', 1),
(542, 'esther.martin', 1),
(543, 'esther.martin', 1),
(544, 'esther.martin', 1),
(545, 'esther.martin', 1),
(546, 'esther.martin', 1),
(547, 'esther.martin', 1),
(548, 'esther.martin', 1),
(549, 'esther.martin', 1),
(550, 'esther.martin', 1),
(551, 'esther.martin', 1),
(552, 'esther.martin', 1),
(553, 'esther.martin', 1),
(554, 'esther.martin', 1),
(556, 'esther.martin', 1),
(557, 'esther.martin', 1),
(558, 'esther.martin', 1),
(559, 'esther.martin', 1),
(560, 'esther.martin', 1),
(561, 'esther.martin', 1),
(562, 'esther.martin', 1),
(563, 'esther.martin', 1),
(564, 'esther.martin', 1),
(565, 'esther.martin', 1),
(566, 'esther.martin', 1),
(567, 'esther.martin', 1),
(568, 'esther.martin', 1),
(569, 'esther.martin', 1),
(570, 'esther.martin', 1),
(571, 'esther.martin', 1),
(572, 'esther.martin', 1),
(573, 'esther.martin', 1),
(574, 'esther.martin', 1),
(575, 'esther.martin', 1),
(576, 'esther.martin', 1),
(577, 'esther.martin', 1),
(578, 'esther.martin', 1),
(579, 'esther.martin', 1),
(580, 'esther.martin', 1),
(581, 'esther.martin', 1),
(582, 'esther.martin', 1),
(583, 'esther.martin', 1),
(584, 'esther.martin', 1),
(585, 'esther.martin', 1),
(586, 'esther.martin', 1),
(587, 'esther.martin', 1),
(588, 'esther.martin', 1),
(589, 'esther.martin', 1),
(590, 'esther.martin', 1),
(591, 'esther.martin', 1),
(592, 'esther.martin', 1),
(593, 'esther.martin', 1),
(594, 'esther.martin', 1),
(595, 'esther.martin', 1),
(596, 'esther.martin', 1),
(597, 'esther.martin', 1),
(598, 'esther.martin', 1),
(599, 'esther.martin', 1),
(600, 'esther.martin', 1),
(601, 'esther.martin', 1),
(602, 'esther.martin', 1),
(603, 'esther.martin', 1),
(604, 'esther.martin', 1),
(605, 'esther.martin', 1),
(608, 'esther.martin', 1),
(609, 'esther.martin', 1),
(610, 'esther.martin', 1),
(611, 'esther.martin', 1),
(612, 'esther.martin', 1),
(613, 'esther.martin', 1),
(614, 'esther.martin', 1),
(615, 'esther.martin', 1),
(616, 'esther.martin', 1),
(617, 'esther.martin', 1),
(618, 'esther.martin', 1),
(619, 'esther.martin', 1),
(620, 'esther.martin', 1),
(621, 'esther.martin', 1),
(622, 'esther.martin', 1),
(623, 'esther.martin', 1),
(624, 'esther.martin', 1),
(625, 'esther.martin', 1),
(626, 'esther.martin', 1),
(627, 'esther.martin', 1),
(628, 'esther.martin', 1),
(630, 'esther.martin', 1),
(631, 'esther.martin', 1),
(632, 'esther.martin', 1),
(633, 'esther.martin', 1),
(634, 'esther.martin', 1),
(635, 'esther.martin', 1),
(636, 'esther.martin', 1),
(637, 'esther.martin', 1),
(638, 'esther.martin', 1),
(639, 'esther.martin', 1),
(640, 'esther.martin', 1),
(641, 'esther.martin', 1),
(642, 'esther.martin', 1),
(643, 'esther.martin', 1),
(644, 'esther.martin', 1),
(645, 'esther.martin', 1),
(646, 'esther.martin', 1),
(647, 'esther.martin', 1),
(648, 'esther.martin', 1),
(649, 'esther.martin', 1),
(650, 'esther.martin', 1),
(651, 'esther.martin', 1),
(652, 'esther.martin', 1),
(653, 'esther.martin', 1),
(654, 'esther.martin', 1),
(655, 'esther.martin', 1),
(656, 'esther.martin', 1),
(657, 'esther.martin', 1),
(658, 'esther.martin', 1),
(659, 'esther.martin', 1),
(660, 'esther.martin', 1),
(661, 'esther.martin', 1),
(662, 'esther.martin', 1),
(663, 'esther.martin', 1),
(664, 'esther.martin', 1),
(665, 'esther.martin', 1),
(666, 'esther.martin', 1),
(667, 'esther.martin', 1),
(668, 'esther.martin', 1),
(669, 'esther.martin', 1),
(670, 'esther.martin', 1),
(671, 'esther.martin', 1),
(672, 'esther.martin', 1),
(673, 'esther.martin', 1),
(674, 'esther.martin', 1),
(675, 'esther.martin', 1),
(676, 'esther.martin', 1),
(677, 'esther.martin', 1),
(678, 'esther.martin', 1),
(679, 'esther.martin', 1),
(680, 'esther.martin', 1),
(681, 'esther.martin', 1),
(682, 'esther.martin', 1),
(683, 'esther.martin', 1),
(684, 'esther.martin', 1),
(685, 'esther.martin', 1),
(686, 'esther.martin', 1),
(687, 'esther.martin', 1),
(688, 'esther.martin', 1),
(689, 'esther.martin', 1),
(690, 'esther.martin', 1),
(691, 'esther.martin', 1),
(692, 'esther.martin', 1),
(694, 'esther.martin', 1),
(695, 'esther.martin', 1),
(696, 'esther.martin', 1),
(697, 'esther.martin', 1),
(698, 'esther.martin', 1),
(699, 'esther.martin', 1),
(700, 'esther.martin', 1),
(701, 'esther.martin', 1),
(702, 'esther.martin', 1),
(703, 'esther.martin', 1),
(704, 'esther.martin', 1),
(705, 'esther.martin', 1),
(706, 'esther.martin', 1),
(707, 'esther.martin', 1),
(708, 'esther.martin', 1),
(709, 'esther.martin', 1),
(710, 'esther.martin', 1),
(711, 'esther.martin', 1),
(712, 'esther.martin', 1),
(713, 'esther.martin', 1),
(714, 'esther.martin', 1),
(715, 'esther.martin', 1),
(716, 'esther.martin', 1),
(717, 'esther.martin', 1),
(718, 'esther.martin', 1),
(719, 'esther.martin', 1),
(720, 'esther.martin', 1),
(721, 'esther.martin', 1),
(722, 'esther.martin', 1),
(723, 'esther.martin', 1),
(724, 'esther.martin', 1),
(725, 'esther.martin', 1),
(726, 'esther.martin', 1),
(727, 'esther.martin', 1),
(728, 'esther.martin', 1),
(729, 'esther.martin', 1),
(730, 'esther.martin', 1),
(731, 'esther.martin', 1),
(732, 'esther.martin', 1),
(733, 'esther.martin', 1),
(734, 'esther.martin', 1),
(735, 'esther.martin', 1),
(736, 'esther.martin', 1),
(737, 'esther.martin', 1),
(738, 'esther.martin', 1),
(739, 'esther.martin', 1),
(740, 'esther.martin', 1),
(741, 'esther.martin', 1),
(742, 'esther.martin', 1),
(743, 'esther.martin', 1),
(744, 'esther.martin', 1),
(745, 'esther.martin', 1),
(746, 'esther.martin', 1),
(747, 'esther.martin', 1),
(748, 'esther.martin', 1),
(749, 'esther.martin', 1),
(750, 'esther.martin', 1),
(751, 'esther.martin', 1),
(752, 'esther.martin', 1),
(753, 'esther.martin', 1),
(754, 'esther.martin', 1),
(755, 'esther.martin', 1),
(756, 'esther.martin', 1),
(757, 'esther.martin', 1),
(758, 'esther.martin', 1),
(759, 'esther.martin', 1),
(760, 'esther.martin', 1),
(761, 'esther.martin', 1),
(762, 'esther.martin', 1),
(763, 'esther.martin', 1),
(764, 'esther.martin', 1),
(765, 'esther.martin', 1),
(766, 'esther.martin', 1),
(767, 'esther.martin', 1),
(768, 'esther.martin', 1),
(769, 'esther.martin', 1),
(770, 'esther.martin', 1),
(771, 'esther.martin', 1),
(772, 'esther.martin', 1),
(773, 'esther.martin', 1),
(774, 'esther.martin', 1),
(775, 'esther.martin', 1),
(776, 'esther.martin', 1),
(777, 'esther.martin', 1),
(778, 'esther.martin', 1),
(779, 'esther.martin', 1),
(780, 'esther.martin', 1),
(781, 'esther.martin', 1),
(782, 'esther.martin', 1),
(783, 'esther.martin', 1),
(784, 'esther.martin', 1),
(785, 'esther.martin', 1),
(786, 'esther.martin', 1),
(787, 'esther.martin', 1),
(788, 'esther.martin', 1),
(789, 'esther.martin', 1),
(790, 'esther.martin', 1),
(791, 'esther.martin', 1),
(792, 'esther.martin', 1),
(793, 'esther.martin', 1),
(794, 'esther.martin', 1),
(795, 'esther.martin', 1),
(796, 'esther.martin', 1),
(797, 'esther.martin', 1),
(798, 'esther.martin', 1),
(799, 'esther.martin', 1),
(800, 'esther.martin', 1),
(801, 'esther.martin', 1),
(802, 'esther.martin', 1),
(803, 'esther.martin', 1),
(804, 'esther.martin', 1),
(805, 'esther.martin', 1),
(806, 'esther.martin', 1),
(807, 'esther.martin', 1),
(808, 'esther.martin', 1),
(809, 'esther.martin', 1),
(810, 'esther.martin', 1),
(811, 'esther.martin', 1),
(812, 'esther.martin', 1),
(813, 'esther.martin', 1),
(814, 'esther.martin', 1),
(815, 'esther.martin', 1),
(816, 'esther.martin', 1),
(817, 'esther.martin', 1),
(818, 'esther.martin', 1),
(819, 'esther.martin', 1),
(820, 'esther.martin', 1),
(821, 'esther.martin', 1),
(822, 'esther.martin', 1),
(823, 'esther.martin', 1),
(824, 'esther.martin', 1),
(825, 'esther.martin', 1),
(826, 'esther.martin', 1),
(827, 'esther.martin', 1),
(828, 'esther.martin', 1),
(829, 'esther.martin', 1),
(830, 'esther.martin', 1),
(831, 'esther.martin', 1),
(832, 'esther.martin', 1),
(833, 'esther.martin', 1),
(834, 'esther.martin', 1),
(835, 'esther.martin', 1),
(836, 'esther.martin', 1),
(837, 'esther.martin', 1),
(838, 'esther.martin', 1),
(839, 'esther.martin', 1),
(840, 'esther.martin', 1),
(841, 'esther.martin', 1),
(842, 'esther.martin', 1),
(843, 'esther.martin', 1),
(844, 'esther.martin', 1),
(845, 'esther.martin', 1),
(846, 'esther.martin', 1),
(847, 'esther.martin', 1),
(848, 'esther.martin', 1),
(849, 'esther.martin', 1),
(850, 'esther.martin', 1),
(851, 'esther.martin', 1),
(852, 'esther.martin', 1),
(853, 'esther.martin', 1),
(854, 'esther.martin', 1),
(855, 'esther.martin', 1),
(856, 'esther.martin', 1),
(857, 'esther.martin', 1),
(858, 'esther.martin', 1),
(859, 'esther.martin', 1),
(860, 'esther.martin', 1),
(861, 'esther.martin', 1),
(862, 'esther.martin', 1),
(863, 'esther.martin', 1),
(864, 'esther.martin', 1),
(865, 'esther.martin', 1),
(866, 'esther.martin', 1),
(867, 'esther.martin', 1),
(868, 'esther.martin', 1),
(869, 'esther.martin', 1),
(870, 'esther.martin', 1),
(872, 'esther.martin', 1),
(873, 'esther.martin', 1),
(874, 'esther.martin', 1),
(875, 'esther.martin', 1),
(876, 'esther.martin', 1),
(877, 'esther.martin', 1),
(878, 'esther.martin', 1),
(879, 'esther.martin', 1),
(880, 'esther.martin', 1);

-- --------------------------------------------------------

--
-- Estructura de tabla para la tabla `clientes_sedes`
--

CREATE TABLE IF NOT EXISTS `clientes_sedes` (
  `id` int(11) NOT NULL AUTO_INCREMENT,
  `localidad` varchar(45) NOT NULL,
  `CP` int(11) DEFAULT NULL,
  `provincia` varchar(15) DEFAULT NULL,
  `direccion` varchar(400) DEFAULT NULL,
  `fk_cliente` int(11) NOT NULL,
  `es_sede_principal` tinyint(1) NOT NULL DEFAULT '0',
  PRIMARY KEY (`id`)
) ENGINE=InnoDB  DEFAULT CHARSET=utf8 AUTO_INCREMENT=1024 ;

--
-- Volcar la base de datos para la tabla `clientes_sedes`
--

INSERT INTO `clientes_sedes` (`id`, `localidad`, `CP`, `provincia`, `direccion`, `fk_cliente`, `es_sede_principal`) VALUES
(1, 'Aguadulce', 41550, 'Sevilla', 'AVD. ANDALUCIA, S/N', 5, 1),
(2, 'Aguadulce', 41550, 'Sevilla', 'CRT. GILENA AGUADULCE KM 1,6', 6, 1),
(3, 'Aguadulce', 41550, 'Sevilla', 'PROLONGACION CALLE SANTA ANA, S/N', 7, 1),
(4, 'sevilla', 41006, 'sevilla', 'domicilio', 9, 1),
(5, 'Almonte', 21730, 'Huelva', 'PARAJE LA PEQUEÑA HOLANDA', 122, 1),
(6, 'Almonte', 21730, 'Huelva', 'ROSALÍA DE CASTRO 34', 123, 1),
(7, 'Almonte', 21730, 'Huelva', 'PARQUE INDUSTRIAL EL TOMILLAR PARC- 63-64 NAVE 4', 124, 1),
(8, 'Almonte', 21730, 'Huelva', 'CL FLORENTINO PEREZ EMBID 14', 125, 1),
(9, 'Almonte', 21730, 'Huelva', 'SR H PARCELA 59 60 MATALASCAÑAS', 126, 1),
(10, 'Almonte', 21730, 'Huelva', 'HOTEL FLAMERO MATALASCANAS', 127, 1),
(11, 'Almonte', 21730, 'Huelva', 'SECT JAGUARZO 0 BAJO', 128, 1),
(12, 'Almonte', 21730, 'Huelva', 'CL ANTONIO MACHADO 15', 129, 1),
(13, 'Almonte', 21730, 'Huelva', 'CR DEL ROCIO', 130, 1),
(14, 'Sevilla', 41000, 'Sevilla', 'c/ Amante Laffon nº 20', 131, 1),
(15, 'Almonte', 21730, 'Huelva', 'ZO SEC. E 1 (MATALASCAÑAS)', 132, 1),
(16, 'Almonte', 21730, 'Huelva', 'CL MUNDO NUEVO, 16', 133, 1),
(17, 'Almonte', 21730, 'Huelva', 'RDA MAESTRO ALONSO 1', 134, 1),
(18, 'Almonte', 21730, 'Huelva', 'ZO SEC. S 0 PARC.19-27 (MATALASC', 135, 1),
(19, 'Almonte', 21730, 'Huelva', 'Polígono Los Pinos, 48 , ALMONTE (HUELVA)', 136, 1),
(20, 'Almonte', 21730, 'Huelva', 'AV RAFAEL ALBERTI, 15', 137, 1),
(21, 'Almonte', 21730, 'Huelva', 'CR DEL ROCIO KM 234', 138, 1),
(22, 'Almonte', 21730, 'Huelva', 'CL SANTIAGO, 15', 139, 1),
(23, 'Almonte', 21730, 'Huelva', 'AVDA. DE LOS CABEZUDOS, Nº 1', 140, 1),
(24, 'Almonte', 21730, 'Huelva', 'VENIDA DE LA VIRGEN 20 (ROCÍO -MATALASCAÑAS)', 141, 1),
(25, 'Almonte', 21730, 'Huelva', 'CL PQUE 0 PARQUE INDUSTRIAL E', 142, 1),
(26, 'Almonte', 21730, 'Huelva', 'Infanta María Luisa, 26', 143, 1),
(27, 'Almonte', 21730, 'Huelva', 'CR EL ROCIO 172', 144, 1),
(28, 'Almonte', 21730, 'Huelva', 'CL FERIA, 100', 145, 1),
(29, 'Almonte', 21730, 'Huelva', 'CM LLANOS 1', 146, 1),
(30, 'Almonte', 21730, 'Huelva', 'CL SANTA ANA, 135', 147, 1),
(31, 'Almonte', 21730, 'Huelva', 'CR DEL ROCIO, 95', 148, 1),
(32, 'Almonte', 21730, 'Huelva', 'CL ANTONIO MACHADO 8 1º', 149, 1),
(33, 'Almonte', 21730, 'Huelva', 'CR DEL ROCIO, 170', 150, 1),
(34, 'Almonte', 21730, 'Huelva', 'CL EL POCITO 1', 151, 1),
(35, 'Almonte', 21730, 'Huelva', 'CL LA DEHESA', 152, 1),
(36, 'Almonte', 21730, 'Huelva', 'PARCELA Nº 56 POLIGONO INDUSTRIAL MATALAGRANA', 153, 1),
(37, 'Almonte', 21730, 'Huelva', 'CL ALGAIDA 26', 154, 1),
(38, 'Almonte', 21730, 'Huelva', 'CL RAMON Y CAJAL, 44', 155, 1),
(39, 'Almonte', 21730, 'Huelva', 'CL PICASSO 17', 156, 1),
(40, 'Almonte', 21730, 'Huelva', 'CM DE LOS LLANOS, 48', 157, 1),
(41, 'Almonte', 21730, 'Huelva', 'PZ ESPAÑA, 12', 158, 1),
(42, 'Almonte', 21730, 'Huelva', 'PG EL TOMILLAR 0 NAVE 40.', 159, 1),
(43, 'Almonte', 21730, 'Huelva', 'CL LA PALMOSA, 27', 161, 1),
(44, 'Almonte', 21730, 'Huelva', 'La Verdeja, 2', 162, 1),
(45, 'Almonte', 21730, 'Huelva', 'CR EL ROCIO 151', 163, 1),
(46, 'Almonte', 21730, 'Huelva', 'CR DEL ROCIO 131', 164, 1),
(47, 'Almonte', 21730, 'Huelva', 'AV DE LOS CABEZUDOS, 29', 165, 1),
(48, 'Almonte', 21730, 'Huelva', 'CL PADRE JOSE ANTONIO RODRIGUEZ BEJERANO, 4', 166, 1),
(49, 'Almonte', 21730, 'Huelva', 'PG MATALAGRANA 0 PARCELA 102-105.', 167, 1),
(50, 'Almonte', 21730, 'Huelva', 'CR DEL ROCIO 95', 168, 1),
(51, 'Almonte', 21730, 'Huelva', 'CL EL ROCIO 0 PL. DEL COMERCIO.', 169, 1),
(52, 'Almonte', 21730, 'Huelva', 'PZ PUEBLO - MATALASCANAS', 170, 1),
(53, 'Almonte', 21730, 'Huelva', 'URB PLAYA DE MATALASCANAS. EDIF EL QUIJOTE L', 171, 1),
(54, 'Almonte', 21730, 'Huelva', 'MATALASCANAS. CR MATALASCANAS-EL ROCIO', 172, 1),
(55, 'Almonte', 21730, 'Huelva', 'CL MATALASCAÑAS SECTOR D 2 FASE. EDIF HOTEL COT', 173, 1),
(56, 'Almonte', 21730, 'Huelva', 'LG SECTOR INGLESILLO', 174, 1),
(57, 'Almonte', 21730, 'Huelva', 'SEC. M 73', 175, 1),
(58, 'Almonte', 21730, 'Huelva', 'C. Com. Caño Guerrero, LOCAL 5-7-8', 176, 1),
(59, 'Almonte', 21730, 'Huelva', 'CL COTOMAR IV, 4', 177, 1),
(60, 'Almonte', 21730, 'Huelva', 'SECT M 1', 178, 1),
(61, 'Almonte', 21730, 'Huelva', 'PG MATALASCANAS SECTOR N, 50', 179, 1),
(62, 'Almonte', 21730, 'Huelva', 'UR PLAYA DE MATALASCANAS.PARCELA 2', 180, 1),
(63, 'Almonte', 21730, 'Huelva', 'ZO SEC. S 0 PARC.29 (MATALASCAÑA', 181, 1),
(64, 'Almonte', 21730, 'Huelva', 'LG CAMPO DE GOLF(SECTOR J)', 182, 1),
(65, 'Almonte', 21730, 'Huelva', 'CL REYNOLDS, 45', 184, 1),
(66, 'Almonte', 21730, 'Huelva', 'CR DEL ROCIO', 185, 1),
(67, 'Almonte', 21730, 'Huelva', 'CR DEL ROCIO 130', 186, 1),
(68, 'Almonte', 21730, 'Huelva', 'Baltasar Tercero, 8', 187, 1),
(69, 'Almonte', 21730, 'Huelva', 'Ctra. Matalascañas, KM 31''9', 188, 1),
(70, 'Almonte', 21730, 'Huelva', 'Ctra. Almonte-Matalascañas, 22.5 KM', 189, 1),
(71, 'Almonte', 21730, 'Huelva', 'LG PLAN ALMONTE MARISMA SUBSECTOR 2 16 LOTE, 2', 190, 1),
(72, 'Almonte', 21730, 'Huelva', 'PZ EL ACEBUCHAL 22 Y 23 EL ROCIO', 191, 1),
(73, 'Almonte', 21730, 'Huelva', 'AV CANALIEGA, 1', 192, 1),
(74, 'Almonte', 21730, 'Huelva', NULL, 193, 1),
(75, 'Almonte', 21730, 'Huelva', 'Sec. Cerceta (Fase I), S/N-BL 3', 194, 1),
(76, 'Almonte', 21730, 'Huelva', 'LG PARQUE DUNAR DONANA', 195, 1),
(77, 'Almonte', 21730, 'Huelva', 'CEREZO 25', 196, 1),
(78, 'Almonte', 21730, 'Huelva', 'CL BLAS INFANTE, 9', 197, 1),
(79, 'Almonte', 21730, 'Huelva', 'PLG MATALAGRANA 0 PARCELAS 90-91.', 198, 1),
(80, 'Almonte', 21730, 'Huelva', 'Av. las Adelfas, S/N ', 199, 1),
(81, 'Almonte', 21730, 'Huelva', 'Av. Pintor Rafael, 37', 200, 1),
(82, 'Almonte', 21730, 'Huelva', 'CL SEVILLA 7', 201, 1),
(83, 'Almonte', 21730, 'Huelva', 'PZ FUENTE DE LAS DAMAS 1', 202, 1),
(84, 'Almonte', 21730, 'Huelva', 'CTRA. ALMONTE A EL ROCIO, KM. 9,500', 203, 1),
(85, 'Almonte', 21730, 'Huelva', 'Carretera del Rocío, 25 - bajo', 205, 1),
(86, 'Almonte', 21730, 'Huelva', 'CL LA MARMOLEJA, 22', 206, 1),
(87, 'Almonte', 21730, 'Huelva', 'CR EL ROCIO 228', 207, 1),
(88, 'Almonte', 21730, 'Huelva', 'Ctra. el Rocío, 103', 208, 1),
(89, 'Almonte', 21730, 'Huelva', 'CTRA ALMONTE-EL ROCIO, KM 9, POL. IND. MATALAGRANA', 209, 1),
(90, 'Almonte', 21730, 'Huelva', 'CR ROCIO 30', 210, 1),
(91, 'Almonte', 21730, 'Huelva', 'CL CONCEPCION, 22', 211, 1),
(92, 'Almonte', 21730, 'Huelva', 'CR DEL ROCIO, 114', 212, 1),
(93, 'Almonte', 21730, 'Huelva', 'PG POLIGONO INDUSTRIAL TOMILLAR, 22', 213, 1),
(94, 'Almonte', 21730, 'Huelva', 'AV DE LA JUVENTUD 7', 214, 1),
(95, 'Almonte', 21730, 'Huelva', 'PG DE ALMONTE 0 CRTA. DEL ROCI.', 215, 1),
(96, 'Almonte', 21730, 'Huelva', 'P. I. MATALGRANA CRT. ALMONTE- EL ROCIO, KM 9', 216, 1),
(97, 'Almonte', 21730, 'Huelva', 'CL ALTOZANO 8', 217, 1),
(98, 'Almonte', 21730, 'Huelva', 'CL CONCEPCION ARENAL, 7', 218, 1),
(99, 'Almonte', 21730, 'Huelva', 'CR DEL ROCIO 126 128', 219, 1),
(100, 'Almonte', 21730, 'Huelva', 'CR DEL ROCIO 14 1º', 220, 1),
(101, 'Almonte', 21730, 'Huelva', 'AV DE LA CONSTITUCION, 50', 221, 1),
(102, 'Almonte', 21730, 'Huelva', 'CL LA PARRILLA, 12', 222, 1),
(103, 'Almonte', 21730, 'Huelva', 'CL LA ROCINA, 4', 223, 1),
(104, 'Almonte', 21730, 'Huelva', 'Ctra. el Rocío, KM 1', 224, 1),
(105, 'Almonte', 21730, 'Huelva', 'POL. IND. EL TOMILLAR NAVE 54', 226, 1),
(106, 'Almonte', 21730, 'Huelva', 'Pol. Ind. El Tomillar, 27', 227, 1),
(107, 'Almonte', 21730, 'Huelva', 'CR ROCIO 1', 228, 1),
(108, 'Almonte', 21730, 'Huelva', 'CRTA. ALMONTE - ROCIO, KM 9,5', 229, 1),
(109, 'Almonte', 21730, 'Huelva', 'CR DEL ROCIO 450 BAJO.', 230, 1),
(110, 'Almonte', 21730, 'Huelva', 'P I MATALAGRANA, SN. CTRA ALMONTE-EL ROCIO', 231, 1),
(111, 'Almonte', 21730, 'Huelva', 'CR DEL ROCIO 190', 232, 1),
(112, 'Almonte', 21730, 'Huelva', 'CR DEL ROCIO, 88', 233, 1),
(113, 'Almonte', 21730, 'Huelva', 'CR EL ROCIO 95', 234, 1),
(114, 'Almonte', 21730, 'Huelva', 'CL LA FLAMENCA 14', 235, 1),
(115, 'Almonte', 21730, 'Huelva', 'CR DEL ROCIO, 33', 236, 1),
(116, 'Almonte', 21730, 'Huelva', 'PG INDUSTRIAL TOMILLAR - 52 PAR, 36', 237, 1),
(117, 'Almonte', 21730, 'Huelva', 'CL POCITO 32 1 A.', 238, 1),
(118, 'Almonte', 21730, 'Huelva', 'CL JUAN RAMON JIMENEZ 51', 239, 1),
(119, 'Almonte', 21730, 'Huelva', 'CTRA ALMONTE-HINOJOS SN', 240, 1),
(120, 'Almonte', 21730, 'Huelva', 'CL REGAJO DE LAS PENILLAS 10', 241, 1),
(121, 'Almonte', 21730, 'Huelva', 'CL ROCIANA 15', 242, 1),
(122, 'HUELVA', 21007, 'HUELVA', 'PI TARTESSOS, C/B 40-41', 248, 1),
(123, 'HUELVA', 21002, 'HUELVA', 'ALONSO DE OJEDA, S/N', 249, 1),
(124, 'HUELVA', 21002, 'HUELVA', 'POLIGONO PESQUERO NORTE', 251, 1),
(125, 'HUELVA', 21002, 'HUELVA', 'POLIGONO PESQUERO NORTE, S/N', 252, 1),
(126, 'HUELVA', 21002, 'HUELVA', 'POLIGONO PESQUERO NORTE', 253, 1),
(127, 'HUELVA', 21002, 'HUELVA', 'POLIGONO PESQUERO NORTE', 254, 1),
(128, 'HUELVA', 21002, 'HUELVA', 'P.I. LAS YUCAS, S/N', 255, 1),
(129, 'HUELVA', 21002, 'HUELVA', 'PI LAS YUCAS, NAVES 2-4', 256, 1),
(130, 'HUELVA', 21002, 'HUELVA', NULL, 257, 1),
(131, 'HUELVA', 21007, 'HUELVA', 'P.I. TARTESSOS, C/C. 11', 258, 1),
(132, 'AYAMONTE', 21400, 'HUELVA', 'C/GIBRALEON,61', 259, 1),
(133, 'PUNTA UMBRIA', 21120, 'HUELVA', 'C/VARADERO, 2.', 260, 1),
(134, 'PUNTA UMBRIA', 21120, 'HUELVA', 'AVDA VARADERO, S/N', 261, 1),
(135, 'Aljaraque', 21110, 'Huelva', 'URB. LA DEHESA GOLF C/ CALPE PARCELA 103', 273, 1),
(136, 'Aljaraque', 21110, 'Huelva', 'POLIGONO INDUSTRIAL LAS GAVIAS, S/N', 274, 1),
(137, 'Aljaraque', 21110, 'Huelva', '"POLIGONO INDUSTRIAL ""LA RAYA"" PARCELA Nº 17"', 275, 1),
(138, 'Almendro (El)', 21593, 'Huelva', 'C/NOGAL, Nº 12', 276, 1),
(139, 'Almonaster la Real', 21350, 'Huelva', 'EL ARROYO, 30', 277, 1),
(140, 'Almonaster la Real', 21350, 'Huelva', 'BARRIADA DE LA ESTACION', 278, 1),
(141, 'Almonaster la Real', 21350, 'Huelva', 'ALDEA EL PATRAS, 10', 279, 1),
(142, 'Almonte', 21730, 'Huelva', 'AVDA. DE LOS CABEZUDOS, Nº 1', 280, 1),
(143, 'Almonte', 21730, 'Huelva', 'CTRA. A-483 KM.30', 281, 1),
(144, 'Almonte', 21730, 'Huelva', 'CTRA ALMONTE-EL ROCIO, KM 9, POL. IND. MATALAGRANA', 283, 1),
(145, 'Almonte', 21730, 'Huelva', 'CRT. EL ROCIO - VILLAMANRIQUE KM 0,5', 284, 1),
(146, 'Almonte', 21730, 'Huelva', 'P. I. MATALGRANA CRT. ALMONTE- EL ROCIO, KM 9', 285, 1),
(147, 'Almonte', 21730, 'Huelva', 'CTRA ALMONTE-HINOJOS SN', 286, 1),
(148, 'Almonte', 21730, 'Huelva', 'CRTA. ALMONTE - ROCIO, KM 9,5', 288, 1),
(149, 'Almonte', 21730, 'Huelva', 'C/SEVILLA, 2', 289, 1),
(150, 'Almonte', 21730, 'Huelva', 'C/ MORERA, 15', 290, 1),
(151, 'Almonte', 21700, 'Huelva', 'CTRA. EL ROCIO-MATALASCAÑAS, S/N', 291, 1),
(152, 'Almonte', 21710, 'Huelva', 'PARAJE LA PEQUEÑA HOLANDA', 292, 1),
(153, 'Almonte', 21730, 'Huelva', 'PARQUE INDUSTRIAL EL TOMILLAR PARC- 63-64 NAVE 4', 293, 1),
(154, 'Almonte', 21730, 'Huelva', '`PARCELA Nº 56 POLIGONO INDUSTRIAL MATALAGRANA', 294, 1),
(155, 'Almonte', 21730, 'Huelva', 'SUBSECTOR II-17, POLIGONO 57, PARCELA 54 - PLAN ALMONTE MARISMA', 295, 1),
(156, 'Almonte', 21730, 'Huelva', 'CRT. ALMONTE- EL ROCIO, KM 11 paraje TIERRAS TIESAS', 296, 1),
(157, 'Almonte', 21730, 'Huelva', 'CRT. EL ROCIO - VILLAMANRIQUE KM 0,5', 297, 1),
(158, 'Almonte', 21730, 'Huelva', 'POL. IND. EL TOMILLAR NAVE 54', 298, 1),
(159, 'Almonte', 21730, 'Huelva', 'POLIGONO 49 PARCELA 4 PARAJE EL LOTE SUBSECTOR 2', 299, 1),
(160, 'Almonte', 21730, 'Huelva', 'SUBSECTOR II-9, PLAN ALMONTE-MARISMAS, PARCELA Nº 9', 300, 1),
(161, 'Almonte', 21730, 'Huelva', 'POLIGONO INDUSTRIAL MATALAGRANA, PARCELA 78 Y 79', 301, 1),
(162, 'Almonte', 21730, 'Huelva', 'C/ PADRE JOSE ANTONIO RODRIGUEZ BEJERANO Nº 1', 302, 1),
(163, 'Alosno', 21520, 'Huelva', 'CTRA ALOSNO-THARSIS SN', 303, 1),
(164, 'Alosno', 21520, 'Huelva', 'C/HUMILLADERO, 43', 304, 1),
(165, 'Alosno', 21520, 'Huelva', 'CRUCE CRT. P. GUZMAN - SAN BARTOLOME DE LA TORRE', 305, 1),
(166, 'Alosno', 21520, 'Huelva', 'CARRETERA DE ALOSNO-THARSIS, S/N', 306, 1),
(167, 'Aracena', 21200, 'Huelva', 'CTRA SEVILLA-LISBOA, KM 91', 307, 1),
(168, 'Aracena', 21200, 'Huelva', 'POLIGONO INDUSTRIAL CANTALGALLO, NAVE 6', 308, 1),
(169, 'Aracena', 21200, 'Huelva', 'CTRA ARACENA-HUELVA, KM 1', 309, 1),
(170, 'Aracena', 21200, 'Huelva', 'PASEO DE LA MOLINILLA, S/N', 310, 1),
(171, 'Aracena', 21200, 'Huelva', 'FINCA LOS ROBLEDOS', 311, 1),
(172, 'Aracena', 21200, 'Huelva', 'CRT. SEVILLA - LISBOA, S/N', 312, 1),
(173, 'Aracena', 21200, 'Huelva', 'POLIGONO INDUSTRIAL CANTALGALLO Z13-6', 313, 1),
(174, 'Aracena', 21200, 'Huelva', 'CRT. NUEVA, 1', 314, 1),
(175, 'Aracena', 21200, 'Huelva', 'PASEO DE LA MOLINILLA, S/N', 315, 1),
(176, 'Aracena', 21200, 'Huelva', 'POLIGONO CANTALGALLO C/ LA JULIANITA NAVE 7-9', 316, 1),
(177, 'Aracena', 21200, 'Huelva', 'POL. IND. CANTALGALLO PARC. 1,3,5,7 Y 9', 317, 1),
(178, 'Aracena', 21200, 'Huelva', 'CTRA. SEVILLA-LISBOA, KM. 89', 318, 1),
(179, 'Aracena', 21200, 'Huelva', 'POLIGONO IND. CANTALGALLO, C/I NAVE 3', 319, 1),
(180, 'Aracena', 21200, 'Huelva', 'FINCA LOS GARRIDOS S/N', 320, 1),
(181, 'Aracena', 21200, 'Huelva', 'C/RITA PEREIRA, 7', 321, 1),
(182, 'Aroche', 21000, 'Huelva', 'PASEO ORDOÑEZ VALDEZ S/N', 322, 1),
(183, 'Aroche', 21240, 'Huelva', 'FINCA LA BELLEZA', 323, 1),
(184, 'Aroche', 41003, 'Huelva', 'LA CONTIENDA', 324, 1),
(185, 'Ayamonte', 21400, 'Huelva', 'MUELLE NORTE, Nº 2', 325, 1),
(186, 'Ayamonte', 21400, 'Huelva', 'C/ GRANADO, Nº 12', 326, 1),
(187, 'Ayamonte', 21400, 'Huelva', 'C/ SAN MATEO, 40', 327, 1),
(188, 'Ayamonte', 21400, 'Huelva', 'ACTUACION INDUSTRIAL DE AYAMONTE NAVES E-F', 328, 1),
(189, 'Ayamonte', 21400, 'Huelva', 'P.I. AYAMONTE. C/RIBERA DEL GUADIANA, 107', 329, 1),
(190, 'Ayamonte', 21400, 'Huelva', 'POLIGONO INDUSTRIAL SEPES PARCELAS, 2-3', 330, 1),
(191, 'Ayamonte', 21400, 'Huelva', 'POLIGONO INDUSTRIAL AYAMONTE ,PARCELA', 331, 1),
(192, 'Ayamonte', 21400, 'Huelva', 'POLIGONO INDUSTRIAL SANTA GADEA, C/GIBRALEON, Nº 16', 332, 1),
(193, 'Ayamonte', 21400, 'Huelva', 'C/GIBRALEON, Nº 61', 333, 1),
(194, 'Ayamonte', 21400, 'Huelva', 'P.I. LA ESCARBADA, C/RIBERA DEL GUADIANA, PARCELA 1', 334, 1),
(195, 'Ayamonte', 21400, 'Huelva', 'C/PUNTA UMBRIA, 36', 335, 1),
(196, 'Beas', 21639, 'Huelva', 'CANDÓN, 1', 336, 1),
(197, 'Beas', 21630, 'Huelva', 'CRT. CLARINES, S/N', 337, 1),
(198, 'Beas', 21630, 'Huelva', 'CTRA. SAN JUAN PTO-CACERES, S/N', 338, 1),
(199, 'Beas', 21630, 'Huelva', 'AVD. ANDALUCIA, 61', 339, 1),
(200, 'Beas', 21003, 'Huelva', 'CRT. NACIONAL N - 345, KM 205 PARAJE LOS LLANOS', 340, 1),
(201, 'Beas', 21630, 'Huelva', 'CARRETERA BEAS-CANDON, KM 8', 341, 1),
(202, 'Beas', 21630, 'Huelva', 'POLIGONO INDUSTRIAL LOS MOLINOS, NAVE Nº 4', 342, 1),
(203, 'Berrocal', 21647, 'Huelva', 'C/LA FUENTE, 15', 343, 1),
(204, 'Bollullos Par del Condado', 21710, 'Huelva', 'CRUZ DE MONTAÑINA, 2', 344, 1),
(205, 'Bollullos Par del Condado', 21710, 'Huelva', 'ALMARAZ, 36', 345, 1),
(206, 'Bollullos Par del Condado', 21710, 'Huelva', 'TRES DE ABRIL, 7', 346, 1),
(207, 'Bollullos Par del Condado', 21710, 'Huelva', 'ALMARAZ, 36', 347, 1),
(208, 'Bollullos Par del Condado', 21710, 'Huelva', 'AVDA. DE LA PAZ Nº 43', 348, 1),
(209, 'Bollullos Par del Condado', 21710, 'Huelva', 'ALMARAZ, 28', 349, 1),
(210, 'Bollullos Par del Condado', 21710, 'Huelva', 'C/ ANDALUCIA, Nº 14', 350, 1),
(211, 'Bollullos Par del Condado', 21710, 'Huelva', 'MIGUEL HERNANDEZ 37', 351, 1),
(212, 'Bollullos Par del Condado', 21710, 'Huelva', 'AVDA. DE LA PAZ, Nº 41.', 352, 1),
(213, 'Bollullos Par del Condado', 21710, 'Huelva', 'SAN JOSE 2', 353, 1),
(214, 'Bollullos Par del Condado', 21710, 'Huelva', 'DR FELMING 1', 354, 1),
(215, 'Bollullos Par del Condado', 21710, 'Huelva', 'RABIDA 12', 355, 1),
(216, 'Bollullos Par del Condado', 21710, 'Huelva', 'TENIENTE MERCHANTE 2', 356, 1),
(217, 'Bollullos Par del Condado', 21710, 'Huelva', 'MIGUEL HERNANDEZ, Nº 74', 357, 1),
(218, 'Bollullos Par del Condado', 21710, 'Huelva', 'POL EL LIRIO S/N', 358, 1),
(219, 'Bollullos Par del Condado', 21710, 'Huelva', 'C/ PENDIQUE, 1', 359, 1),
(220, 'Bollullos Par del Condado', 21710, 'Huelva', 'SAGASTA N0 3', 360, 1),
(221, 'Bollullos Par del Condado', 21710, 'Huelva', 'C/GUADALQUIVIR, 7', 361, 1),
(222, 'Bollullos Par del Condado', 21710, 'Huelva', 'POL IND. EL LIRIO - C/ LABRADORES, 2', 362, 1),
(223, 'Bollullos Par del Condado', 21710, 'Huelva', 'POLIGONO EL LIRIO, 14', 363, 1),
(224, 'Bollullos Par del Condado', 21710, 'Huelva', 'POL EL LIRIO, NAVE 4', 364, 1),
(225, 'Bollullos Par del Condado', 21710, 'Huelva', 'AVD. CORONACION, 35', 365, 1),
(226, 'Bollullos Par del Condado', 21710, 'Huelva', 'C/TONELEROS, 6', 366, 1),
(227, 'Bollullos Par del Condado', 21710, 'Huelva', 'c/freseros', 367, 1),
(228, 'Bollullos Par del Condado', 21710, 'Huelva', 'C/ FRESEROS S/N', 368, 1),
(229, 'Bollullos Par del Condado', 21710, 'Huelva', 'C/MIGUEL HERNANDEZ, 47', 369, 1),
(230, 'Bollullos Par del Condado', 21710, 'Huelva', 'PARCELA IA1-1 POLIGONO INDUSTRIAL EL LIRIO', 370, 1),
(231, 'Bollullos Par del Condado', 21710, 'Huelva', 'VELAZQUEZ, 6', 371, 1),
(232, 'Bollullos Par del Condado', 21710, 'Huelva', 'POLIGONO EL LIRIO NAVE 15-16', 372, 1),
(233, 'Bonares', 21830, 'Huelva', 'AVD. DE ROCiANA, Nº 18', 373, 1),
(234, 'Bonares', 21830, 'Huelva', 'PARAJE CAÑADA DEL AGUA-TORVISCO', 375, 1),
(235, 'Bonares', 21830, 'Huelva', 'POL. IND. EL CORCHITO, PARC.3 Y 7', 376, 1),
(236, 'Bonares', 21830, 'Huelva', 'POL. IND. EL CORCHITO, 2ª FASE', 377, 1),
(237, 'Bonares', 21083, 'Huelva', 'PAREJE LAS PALOMERAS', 378, 1),
(238, 'Bonares', 21830, 'Huelva', 'POL. IND. EL CORCHITO PARCELA 18-19', 380, 1),
(239, 'Bonares', 21830, 'Huelva', 'CAÑADA DEL HORNITO', 381, 1),
(240, 'Bonares', 21830, 'Huelva', 'POLIGONO INDUSTRIAL EL CORCHITO, PARCELA 60', 382, 1),
(241, 'Cabezas Rubias', 21580, 'Huelva', 'C/ Santo 37', 383, 1),
(242, 'Cala', 21270, 'Huelva', 'PASEO DE LA ERMITA, S/N', 384, 1),
(243, 'Cala', 21270, 'Huelva', 'POLIG. IND. JUAN DEL CID CALONGE, PARCELA 14.', 385, 1),
(244, 'Cala', 21270, 'Huelva', 'C/MALAGA, 9', 386, 1),
(245, 'Cala', 21270, 'Huelva', 'POLIGONO INDUSTRIAL JUAN EL CID CALONGE, PARCELAS 1, 2, 3 Y 4', 387, 1),
(246, 'Cala', 21270, 'Huelva', 'POLIGONO INDUSTRIAL JUAN DEL CID CALONGE 1-2-3', 388, 1),
(247, 'Cala', 21270, 'Huelva', 'CARRETERA CALA-MINAS DE CALA, S/N', 389, 1),
(248, 'Cala', 21270, 'Huelva', 'POLIGONO INDUSTRIAL JUAN DEL CID CALONGE 15-NAVE 14', 390, 1),
(249, 'Calañas', 21300, 'Huelva', 'CARRETERA LAVADERO, S/N', 391, 1),
(250, 'Calañas', 21300, 'Huelva', 'C/EXTRAMUROS, S/N', 392, 1),
(251, 'Cartaya', 21450, 'Huelva', 'C/SAN PEDRO, 91', 393, 1),
(252, 'Cartaya', 21450, 'Huelva', 'CTRA CARTAYA-TARIQUEJO, KM 0,4', 394, 1),
(253, 'Cartaya', 21450, 'Huelva', 'FINCA LA MOGAYUELA, S/N', 395, 1),
(254, 'Cartaya', 21450, 'Huelva', 'FINCA VALDEFLORES, CRT. DE TARIQUEJO', 396, 1),
(255, 'Cartaya', 21450, 'Huelva', 'CTRA. CARTAYA-TARIQUEJO, S/N', 397, 1),
(256, 'Cartaya', 21450, 'Huelva', 'CTRA SEVILLA-AYAMONTE KM 103.5', 398, 1),
(257, 'Cartaya', 21450, 'Huelva', 'CTRA. CARTAYA-TARIQUEJO, KM 6,3', 399, 1),
(258, 'Cartaya', 21450, 'Huelva', 'C/TRAS CAMPANAS, 10', 400, 1),
(259, 'Cartaya', 21450, 'Huelva', 'CRT. TARIQUEJO, KM 3', 401, 1),
(260, 'Cartaya', 21450, 'Huelva', 'CTRA. HUELVA-AYAMONTE S/N LA BARCA', 402, 1),
(261, 'Cartaya', 21002, 'Huelva', '"POL. INDUSTRIAS ""LA VIÑA"" NAVES B5 Y B6."', 403, 1),
(262, 'Cartaya', 21450, 'Huelva', 'CRT. DE TARIQUEJOS, KM 4,5', 404, 1),
(263, 'Cartaya', 21450, 'Huelva', 'C/FAISAN, 8', 405, 1),
(264, 'Cartaya', 21450, 'Huelva', 'POL. INDUSTRIAL LA PAJARITA, CTRA. N-431, HUELVA-AYAMONTE KM. 110', 406, 1),
(265, 'Cartaya', 21450, 'Huelva', 'POLIG. INDUSTRIAL LA BARCA NAVE 22 BD', 407, 1),
(266, 'Castaño del Robledo', 21290, 'Huelva', 'PLAZA MUÑIZ PABLO Nº 3-4', 408, 1),
(267, 'Castaño del Robledo', 21290, 'Huelva', 'CTRA. FUENTEHERIDOS, S/N', 409, 1),
(268, 'Castaño del Robledo', 41012, 'Huelva', 'AVD. DE LA PALMERA, 48', 410, 1),
(269, 'Castaño del Robledo', 21369, 'Huelva', 'CTRA. FUENTEHERIDOS, S/N', 411, 1),
(270, 'Castaño del Robledo', 21290, 'Huelva', 'C/IGLESIA NUEVA, S/N', 412, 1),
(271, 'Corteconcepción', 21209, 'Huelva', 'C/ PABLO BEJARANO, 43', 413, 1),
(272, 'Corteconcepción', 21209, 'Huelva', 'AVDA. JUAN RAMON JIMENEZ, 3', 414, 1),
(273, 'Corteconcepción', 21209, 'Huelva', 'JUAN RAMON JIMENEZ, 4', 415, 1),
(274, 'Corteconcepción', 21209, 'Huelva', 'AVDA JUAN RAMON JIMENEZ SN', 416, 1),
(275, 'Cortegana', 21230, 'Huelva', 'CRUZ 11', 417, 1),
(276, 'Cortegana', 21230, 'Huelva', 'AVDA PORTUGAL 6', 418, 1),
(277, 'Cortegana', 21230, 'Huelva', 'C/SARGENTO BENITEZ CORONADO, 28', 419, 1),
(278, 'Cortegana', 21230, 'Huelva', 'CRUZ 11', 420, 1),
(279, 'Cortegana', 21230, 'Huelva', 'AVD. DE PORTUGAL, 5-B', 421, 1),
(280, 'Cortegana', 21230, 'Huelva', 'PLAZA DEL PRADO, C/CARMEN, S/N', 422, 1),
(281, 'Cortegana', 21230, 'Huelva', 'POLIGONO INDUSTRIAL EL PONTON,PARCELAS 131,132,133', 423, 1),
(282, 'Cortegana', 21230, 'Huelva', 'CTRA. CORTEGANA-MONTEPUERTO KM. 1,8 (FINCA LA VIÑA LA AMERICANA)', 424, 1),
(283, 'Cortegana', 21230, 'Huelva', 'POLIG. IND. EL PONTON, PARCX. 113', 425, 1),
(284, 'Cortelazor', 21208, 'Huelva', 'C/ CABEZO, 1', 426, 1),
(285, 'Cumbres de Enmedio', 21387, 'Huelva', 'C/COLON, 9', 427, 1),
(286, 'Cumbres de San Bartolomé', 21386, 'Huelva', 'C/REAL, 31', 428, 1),
(287, 'Cumbres Mayores', 21380, 'Huelva', 'BENITO MORO, 4', 429, 1),
(288, 'Cumbres Mayores', 21380, 'Huelva', 'FINCA LOS LLANOS, CTRA. CUMBRES MAYORES-HINOJALES', 430, 1),
(289, 'Cumbres Mayores', 21380, 'Huelva', 'C/RODEO, S/N', 431, 1),
(290, 'Cumbres Mayores', 21380, 'Huelva', 'C/ HUERTOS, Nº 9', 432, 1),
(291, 'Cumbres Mayores', 21380, 'Huelva', 'SANTA CLARA, S/N', 433, 1),
(292, 'Cumbres Mayores', 21380, 'Huelva', 'C/ MONTECHICO S/N', 434, 1),
(293, 'Cumbres Mayores', 21000, 'Huelva', 'RABIDA S/N', 435, 1),
(294, 'Cumbres Mayores', 21380, 'Huelva', 'C/PRADO, S/N', 436, 1),
(295, 'Cumbres Mayores', 21380, 'Huelva', 'COLON, 19-20.', 437, 1),
(296, 'Cumbres Mayores', 21380, 'Huelva', 'CTRA A FUENTES DE LEON, KM 2', 438, 1),
(297, 'Cumbres Mayores', 21380, 'Huelva', 'PLAZA NUESTRA SRA. DE LA ESPERANZA Nº 3', 439, 1),
(298, 'Cumbres Mayores', 21380, 'Huelva', 'PLAZA DE NTRA SRA DE LA ESPERANZA, 11', 440, 1),
(299, 'Cumbres Mayores', 21380, 'Huelva', 'LOS ABADES, 3', 441, 1),
(300, 'Cumbres Mayores', 21380, 'Huelva', 'C/ONUBA, 13', 442, 1),
(301, 'Cumbres Mayores', 21380, 'Huelva', 'C/ HUERTOS, Nº 8', 443, 1),
(302, 'Cumbres Mayores', 21380, 'Huelva', 'PLAZA DEL AMPARO, Nº 8', 444, 1),
(303, 'Cumbres Mayores', 21380, 'Huelva', 'FINCA LOS LLANOS, CTRA. CUMBRES MAYORES-HINOJALES', 445, 1),
(304, 'Cumbres Mayores', 21380, 'Huelva', 'C/HUERTOS, Nº 5', 446, 1),
(305, 'Cumbres Mayores', 21380, 'Huelva', 'C/SANTA CLARA, S/N', 447, 1),
(306, 'Cumbres Mayores', 21380, 'Huelva', 'TRAVESIA NARCISO SUAREZ 4', 448, 1),
(307, 'Cumbres Mayores', 21380, 'Huelva', 'TRASERAS AVDA. DE LA CONSTITUCION, S/N', 449, 1),
(308, 'Cumbres Mayores', 21380, 'Huelva', 'CTRA. CIRCUNVALACION, S/N', 450, 1),
(309, 'Cumbres Mayores', 21380, 'Huelva', 'MONTECHICO, 9 Y 11', 451, 1),
(310, 'Cumbres Mayores', 21380, 'Huelva', 'MONTECHICO, 9 Y 11', 452, 1),
(311, 'Cumbres Mayores', 21380, 'Huelva', 'COLON, 7', 454, 1),
(312, 'Cumbres Mayores', 21380, 'Huelva', 'FINCA LA SOLANA, S/N', 455, 1),
(313, 'Cumbres Mayores', 21380, 'Huelva', 'CAMINO VIEJO DE CUMBRES MAYORES A HINOJALES', 456, 1),
(314, 'Cumbres Mayores', 21380, 'Huelva', 'C/LA VERBENA, 4', 458, 1),
(315, 'Cumbres Mayores', 21004, 'Huelva', 'CTRA. CUMBRES MAYORES-HINOJALES, KM 1 PARAJE LA ESTACION', 460, 1),
(316, 'Cumbres Mayores', 21380, 'Huelva', 'CTRA. CUMBRES MAYORES-HINOJALES KM 1 FINCA LA SOLANA', 461, 1),
(317, 'Cumbres Mayores', 21380, 'Huelva', 'C/SEVILLA, 21', 462, 1),
(318, 'Cumbres Mayores', 21380, 'Huelva', 'FINCA LOS LLANOS S/N', 463, 1),
(319, 'Cumbres Mayores', 21380, 'Huelva', '"FINCA ""LA SOLANA"""', 464, 1),
(320, 'Cumbres Mayores', 21380, 'Huelva', 'C/ANTONIO MACHADO, S/N', 465, 1),
(321, 'Chucena', 21891, 'Huelva', 'LA CARTUJA, 92', 467, 1),
(322, 'Chucena', 21891, 'Huelva', 'LA COOPERATIVA, Nº 12', 468, 1),
(323, 'Encinasola', 21390, 'Huelva', 'VALENCITA, S/N', 469, 1),
(324, 'Escacena del Campo', 21870, 'Huelva', 'CTRA DE LA ESTACION S/N', 470, 1),
(325, 'Galaroza', 21290, 'Huelva', 'CTRA. HV-3112 GALAROZA-VALDELARCO, KM. 0,200', 471, 1),
(326, 'Galaroza', 21291, 'Huelva', 'GUMERSINDO MARQUEZ, 30', 472, 1),
(327, 'Galaroza', 21291, 'Huelva', 'CTRA SEVILLA-LISBOA, KM 62', 473, 1),
(328, 'Gibraleón', 21500, 'Huelva', 'CRT. NACIONAL 431, KM 91,5', 474, 1),
(329, 'Gibraleón', 21500, 'Huelva', 'CRT. GIBRALEON - TRIGUEROS KM 2', 475, 1),
(330, 'Gibraleón', 21500, 'Huelva', 'CTRA. N-431 HUELVA-AYAMONTE KM. 97', 476, 1),
(331, 'Gibraleón', 21500, 'Huelva', 'CTRA. SEVILLA-AYAMONTE, KM 87', 477, 1),
(332, 'Gibraleón', 21500, 'Huelva', 'CAMINO DEL RINCO, S/N', 478, 1),
(333, 'Granada de Río-Tinto (La)', 21668, 'Huelva', 'FINCA LOS CHARCOS LA JOYA', 479, 1),
(334, 'Granada de Río-Tinto (La)', 21668, 'Huelva', 'ANGEL BUENO, 33', 480, 1),
(335, 'Higuera de la Sierra', 21220, 'Huelva', 'C/VIRGEN DEL PRADO, 47', 481, 1),
(336, 'Higuera de la Sierra', 21200, 'Huelva', 'POL. IND. PUERTA DEL PARQUE NATURAL, PARC C1', 482, 1),
(337, 'Higuera de la Sierra', 21220, 'Huelva', 'POLIGONO PUERTA DEL PARQUE NATUAL', 483, 1),
(338, 'Higuera de la Sierra', 21220, 'Huelva', 'POLIG. IND. PUERTA PARQUE NATURAL, S/N', 484, 1),
(339, 'Higuera de la Sierra', 21220, 'Huelva', 'P.I. MOLINO DE LA FONTANILLA, NAVE - 6', 485, 1),
(340, 'Hinojos', 21740, 'Huelva', 'CTRA HINOJOS-ALMONTE, KM 4, FINCA LAS MORERAS', 486, 1),
(341, 'Hinojos', 21740, 'Huelva', 'CTRA.SEVILLA-ALMONTE, KM.- 32', 487, 1),
(342, 'Hinojos', 21740, 'Huelva', 'CRT. PILAS - ALMONTE KM 5,6', 488, 1),
(343, 'Hinojos', 21740, 'Huelva', 'PLAZA DE LA PAZ, 5', 489, 1),
(344, 'Hinojos', 21740, 'Huelva', 'C/ ALMONTE, 43', 490, 1),
(345, 'Huelva', 21080, 'Huelva', 'POL. IND. TARTESOS Nº 20-22', 491, 1),
(346, 'Huelva', 21002, 'Huelva', 'ALONSO DE OJEDA SN', 492, 1),
(347, 'Huelva', 21650, 'Huelva', 'FINCA EL ZUMAJO', 493, 1),
(348, 'Huelva', 21001, 'Huelva', 'MUELLE DE LEVANTE, S/N', 494, 1),
(349, 'Huelva', 21007, 'Huelva', 'POL. POLIRROSA CALLE I NAVE 147-A', 495, 1),
(350, 'Huelva', 21001, 'Huelva', 'POLIGONO INDUSTRIAL LAS YUCAS NAVE 5', 496, 1),
(351, 'Huelva', 21001, 'Huelva', 'AVDA. DE MEJICO, 48-49', 497, 1),
(352, 'Huelva', 21007, 'Huelva', 'POL. POLIRROSA, C/C NAVE 304', 499, 1),
(353, 'Huelva', 21002, 'Huelva', 'POL. PESQUERO NORTE, S/N', 500, 1),
(354, 'Huelva', 21001, 'Huelva', 'AVD. DE MEJICO, MODULO 30', 501, 1),
(355, 'Huelva', 21007, 'Huelva', 'POL. IND. NAVILUZ, 13', 502, 1),
(356, 'Huelva', 21001, 'Huelva', 'AVDA. FRANCISCO MONTENEGRO', 503, 1),
(357, 'Huelva', 21100, 'Huelva', 'CALLE G, NAVES 49 Y 50 POLIGONO INDUSTRIAL TARTESOS', 504, 1),
(358, 'Huelva', 21001, 'Huelva', 'JOSE NOGALES 5-3ºB', 505, 1),
(359, 'Huelva', 21001, 'Huelva', 'AVDA. FRANCISCO MONTENEGRO, S/N', 506, 1),
(360, 'Huelva', 21001, 'Huelva', 'POLG. INDUSTRIAL EL RINCON NAVE 19', 507, 1),
(361, 'Huelva', 21001, 'Huelva', 'LONJA PESCADERIA MODULOS 83-84-91', 508, 1),
(362, 'Huelva', 21007, 'Huelva', 'POLIGONO POLIRROSA, NAVE 207', 509, 1),
(363, 'Huelva', 21001, 'Huelva', 'AVDA. DE MEJICO, MODULO 26', 510, 1),
(364, 'Huelva', 21001, 'Huelva', 'AVDA. DE MEJICO, MODULO 25', 511, 1),
(365, 'Isla Cristina', 21410, 'Huelva', 'FINCA HUERTA NOBLE, CTRA. LA REDONDELA, S/N', 512, 1),
(366, 'Isla Cristina', 21430, 'Huelva', 'FINCA DEHESA EL TARAY, S/N LA REDONDELA', 513, 1),
(367, 'Isla Cristina', 21430, 'Huelva', 'POLIGONO INDUSTRIAL LA DEHESA, S/N', 514, 1),
(368, 'Isla Cristina', 21430, 'Huelva', 'CTRA. NAC. HUELVA-AYAMONTE, Km. 127,7', 515, 1),
(369, 'Isla Cristina', 21410, 'Huelva', 'MUELLE MARTINEZ CATENA, S/N', 516, 1),
(370, 'Isla Cristina', 21410, 'Huelva', 'C/ SAN ANTONIO, Nº 27', 517, 1),
(371, 'Isla Cristina', 21410, 'Huelva', 'C/ MUELLE MARTINEZ CATENA, Nº 7', 518, 1),
(372, 'Isla Cristina', 21410, 'Huelva', 'CARRETERA DE POZO DEL CAMINO A ISLA CRISTINA, S/N', 519, 1),
(373, 'Isla Cristina', 21410, 'Huelva', 'POLIGONO VISTAHERMOSA NAVE 7', 520, 1),
(374, 'Isla Cristina', 21410, 'Huelva', 'C/MACULA, Nº 23', 521, 1),
(375, 'Isla Cristina', 21410, 'Huelva', 'C/DIEGO PEREZ PASCUAL, Nº 28', 522, 1),
(376, 'Isla Cristina', 21410, 'Huelva', 'POLIG. IND. SALINAS VISTA HERMOSA Nº 1', 523, 1),
(377, 'Isla Cristina', 21410, 'Huelva', 'BARRIADA DE ROMAN PEREZ, C/18 DE JULIO Nº 12', 524, 1),
(378, 'Isla Cristina', 21410, 'Huelva', 'C/CAÑABATE, Nº 28', 525, 1),
(379, 'Isla Cristina', 21410, 'Huelva', 'C/DIEGO PEREZ PASCUAL, 22', 526, 1),
(380, 'Isla Cristina', 21410, 'Huelva', 'POLIGONO VISTA HERMOSA NAVE 18', 527, 1),
(381, 'Isla Cristina', 21410, 'Huelva', 'BARRIADA RAMON PEREZ S/N', 528, 1),
(382, 'Isla Cristina', 21410, 'Huelva', 'C/ DIEGO PEREZ PASCUAL Nº 24', 529, 1),
(383, 'Isla Cristina', 21410, 'Huelva', 'C/DIEGO PEREZ PASCUAL, Nº 37', 530, 1),
(384, 'Jabugo', 21290, 'Huelva', 'ANGEL MARQUEZ,6 - LOS ROMEROS DE JABUGO', 531, 1),
(385, 'Jabugo', 21290, 'Huelva', 'CTRA. SAN JUAN DEL PUERTO-CACERES, S/N', 532, 1),
(386, 'Jabugo', 21360, 'Huelva', 'EL REPILADO', 533, 1),
(387, 'Jabugo', 21369, 'Huelva', 'JOSE ROMERO MARQUEZ, 6', 534, 1),
(388, 'Jabugo', 21290, 'Huelva', 'BARCO , 6', 535, 1),
(389, 'Jabugo', 21360, 'Huelva', 'CALLE INDUSTRIAS Nº 2.', 536, 1),
(390, 'Jabugo', 21290, 'Huelva', 'C/VIRGEN, S/N - LOS ROMEROS -', 537, 1),
(391, 'Jabugo', 21290, 'Huelva', 'CTRA SAN JUAN-CACERES, S/N', 538, 1),
(392, 'Jabugo', 21360, 'Huelva', 'MARQUES DE ARACENA, 78', 539, 1),
(393, 'Jabugo', 21000, 'Huelva', 'F.C. MAYORAZGO CTRA SEVILLA-LISBOA', 540, 1),
(394, 'Jabugo', 21290, 'Huelva', 'PROLONG.MARQUES DE ARACENA,S/N', 541, 1),
(395, 'Jabugo', 21290, 'Huelva', 'CTRA. JABUGO-HUELVA, KM 1', 542, 1),
(396, 'Jabugo', 21360, 'Huelva', 'PLAZA DE ORIENTE, S/N EL REPILADO', 543, 1),
(397, 'Jabugo', 21360, 'Huelva', 'ROMAN TALERO, 2', 544, 1),
(398, 'Jabugo', 21360, 'Huelva', 'ROMAN TALERO, 14', 545, 1),
(399, 'Jabugo', 21290, 'Huelva', 'PLAZA DE JOSE ANTONIO ESCUDERO RAIMONDEZ S/n', 546, 1),
(400, 'Jabugo', 21290, 'Huelva', 'AVDA INFANTA MARIA LUISA SN', 547, 1),
(401, 'Jabugo', 21860, 'Huelva', 'CRT. NACIONAL SEVILLA - LISBOA, S/N', 548, 1),
(402, 'Jabugo', 21290, 'Huelva', 'ALFEREZ MANUEL ROMERO', 549, 1),
(403, 'Jabugo', 21290, 'Huelva', 'CRT. SAN JUAN - CACERES , KM 435', 550, 1),
(404, 'Jabugo', 21290, 'Huelva', 'NUEVO MUNDO, 1', 551, 1),
(405, 'Jabugo', 21360, 'Huelva', 'C/ MARQUES DE ARACENA Nº 4  (EL REPILADO)', 552, 1),
(406, 'Jabugo', 21000, 'Huelva', 'CTRA SEVILLA-LISBOA', 553, 1),
(407, 'Jabugo', 21360, 'Huelva', 'C/MARQUES DE ARACENA, Nº 1 - EL REPILADO -', 554, 1),
(408, 'Lepe', 21440, 'Huelva', 'POLIGONO EL CHORRILLO, C/ARMEROS 12-14', 556, 1),
(409, 'Lepe', 21440, 'Huelva', '"FINCA ""LAS PALMERITAS"", CTRA. LA REDONDELA, KM. 1,2"', 557, 1),
(410, 'Lepe', 21440, 'Huelva', '"FINCA ""LAS PALMERITAS"", CTRA. LA REDONDELA, KM, 1,2"', 558, 1),
(411, 'Lepe', 21440, 'Huelva', 'CRT. HUELVA - AYAMONTE KM 120,5', 559, 1),
(412, 'Lepe', 21440, 'Huelva', 'AVD. BLAS INFANTE, S/N', 560, 1),
(413, 'Lepe', 21440, 'Huelva', 'POLIGONO INDUSTRIAL EL CHORRITO', 561, 1),
(414, 'Lepe', 21440, 'Huelva', 'POLIG. INDUSTRIAL EL CHORRILLO Nº 33', 562, 1),
(415, 'Lepe', 21440, 'Huelva', 'FINCA VALDELUZ CTRA. NACIONAL 431 KM. 122,7 (APDO. CORREOS 50).', 563, 1),
(416, 'Lepe', 21440, 'Huelva', 'POL. EL PRADO, C/LATEROS, 11', 564, 1),
(417, 'Lepe', 21440, 'Huelva', 'POLIG. IND. HUERTA MARQUEZ, C/CAÑADA DEL PILAR, 2', 565, 1),
(418, 'Lepe', 21440, 'Huelva', 'AVDA. LA CONSTITUCIÓN, S/N.', 566, 1),
(419, 'Lepe', 21440, 'Huelva', 'POL. IND. HUERTA MARQUEZ C/ VALLETARAY Nº 8', 567, 1),
(420, 'Lepe', 21440, 'Huelva', 'CRT. NACIONAL 431 KM 122,2', 568, 1),
(421, 'Lepe', 21430, 'Huelva', 'POLIG.INDUSTRIAL EL CHORRILLO 24-25-26.', 569, 1),
(422, 'Lepe', 21440, 'Huelva', 'PARQUE INDUSTRIAL LA GRAVERA FASE III, S/N', 570, 1),
(423, 'Lepe', 21440, 'Huelva', 'POL. IND. EL PRADO C/ ESTIBADORES Nº 3 Y 5', 571, 1),
(424, 'Lepe', 21440, 'Huelva', 'C/ TALABARTERO, 8 POL. IND. EL CHORRILLO', 572, 1),
(425, 'Lepe', 21440, 'Huelva', 'CRT. NACIONAL 431 KM 122,2', 573, 1),
(426, 'Lepe', 21440, 'Huelva', 'POLIGONO INDUSTRIAL LA GRAVERA, PARCELA 85', 574, 1),
(427, 'Lepe', 21440, 'Huelva', 'CTRA. LEPE-LA ANTILLA, KM 2', 575, 1),
(428, 'Lepe', 21440, 'Huelva', 'LADERA DEL CABRERITO Y CORCHO, CTRA. LA ANTILLA, KM 2', 576, 1),
(429, 'Lepe', 21440, 'Huelva', 'POLIGONO INDUSTRIAL LA GRAVERA, PARCELA 46', 577, 1),
(430, 'Lucena del Puerto', 21820, 'Huelva', 'CAMINO DE LAS COLMENILLAS, S/N', 578, 1),
(431, 'Lucena del Puerto', 21820, 'Huelva', 'CRT. DE SANTA CATALINA A 0,70 KM', 579, 1),
(432, 'Lucena del Puerto', 21820, 'Huelva', 'BATALLA DE LEPANTO, 9', 580, 1),
(433, 'Lucena del Puerto', 21820, 'Huelva', 'BONARES, S/N', 581, 1),
(434, 'Lucena del Puerto', 21820, 'Huelva', 'CRT. A-486 KM 10,5', 582, 1),
(435, 'Lucena del Puerto', 21820, 'Huelva', 'CAMINO DE NIEBLA, 15', 583, 1),
(436, 'Manzanilla', 21890, 'Huelva', 'SAN ROQUE, 63', 584, 1),
(437, 'Manzanilla', 21890, 'Huelva', 'SANTA MARIA 33', 585, 1),
(438, 'Marines (Los)', 21293, 'Huelva', 'ISAAC PERAL 45', 586, 1),
(439, 'Marines (Los)', 21208, 'Huelva', 'C/ ISAAC PERAL, S/N', 587, 1),
(440, 'Moguer', 21800, 'Huelva', 'CAMINO DE LA CANORRA, S/N', 588, 1),
(441, 'Moguer', 21800, 'Huelva', 'CAMINO DE MONTEMAYOR, S/N', 589, 1),
(442, 'Moguer', 21000, 'Huelva', 'CUESTA DE LA PILA, S/N', 590, 1),
(443, 'Moguer', 21800, 'Huelva', 'FINCA EL ALVITOREJO', 591, 1),
(444, 'Moguer', 21800, 'Huelva', 'POLIGONO INDUSTRIAL LOS ARROYOS, S/N', 592, 1),
(445, 'Moguer', 21800, 'Huelva', 'CRT. SAN JUAN DEL PUERTO - LA RABIDA KM 4,7', 593, 1),
(446, 'Moguer', 21800, 'Huelva', 'CTRA. SAN JUAN DEL PTO-LA RABIDA KM. 8,1', 594, 1),
(447, 'Moguer', 21800, 'Huelva', 'FINCA LAS MADRES', 595, 1),
(448, 'Moguer', 21800, 'Huelva', 'POL. EL ALGARROBITO, C/A, S/N', 596, 1),
(449, 'Moguer', 21800, 'Huelva', 'POLIG. LOS ARROYOS, S/N', 597, 1),
(450, 'Moguer', 21800, 'Huelva', 'POLIGONO INDUSTRIAL LOS ARROYOS, S/N', 598, 1),
(451, 'Moguer', 21810, 'Huelva', 'PARAJE CUMBRES MALVINAS.', 599, 1),
(452, 'Moguer', 21800, 'Huelva', 'POL. IND. EL ALGARROBITO PARC. 55-56-57', 600, 1),
(453, 'Moguer', 21800, 'Huelva', '"POLIG. INDUSTRIAL ""EL ALGARROBITO"" PARCELAS 73 Y 74."', 601, 1),
(454, 'Moguer', 21800, 'Huelva', 'POL. IND. EL ALGARROBITO PARCELAS 71 Y 72', 602, 1),
(455, 'Moguer', 21800, 'Huelva', 'POL IND. LOS ARROYOS', 603, 1),
(456, 'Moguer', 21800, 'Huelva', 'CRT. DEL ROCIO, S/N', 604, 1),
(457, 'Moguer', 21800, 'Huelva', 'ZONA REGABLE EL AVITOREJO, PARCELA Nº 2', 605, 1),
(458, 'Moguer', 21800, 'Huelva', 'PARAJE CUMBRES MAYORES', 608, 1),
(459, 'Moguer', 21800, 'Huelva', 'POLIG. LOS ARROYOS , CTRA, EL ALGARROBITO Nº 7', 609, 1),
(460, 'Moguer', 21800, 'Huelva', 'POL. IND. EL ALGARROBITO PARCELAS 63 Y 64', 610, 1),
(461, 'Moguer', 21800, 'Huelva', 'FINCA LAS POSADILLAS S/N', 611, 1),
(462, 'Moguer', 21800, 'Huelva', 'CTRA. PALOS-MAZAGON KM. 9 FINCA LAS MADRES', 612, 1),
(463, 'Moguer', 21800, 'Huelva', 'AVDA DE LOS ALMENDROS, S/N', 613, 1),
(464, 'Moguer', 21800, 'Huelva', 'POL. IND. EL ALGARROBITO, PARCELAS 44 A 47', 614, 1),
(465, 'Moguer', 21800, 'Huelva', 'FINCA LA CERILLA, POLIG. CATASTRAL 37-PARC. 8031 LAS MALVINAS', 615, 1),
(466, 'Moguer', 21800, 'Huelva', 'PARAJE LAS MALVINAS POLIGONO CATASTRAL, 35, PARCELA 8062B', 616, 1),
(467, 'Moguer', 21800, 'Huelva', 'CRUCE CAMINO DE MONTEMAYOR, S/N', 617, 1),
(468, 'Moguer', 21800, 'Huelva', 'POL. IND. LOS ARROYOS, C/ROBLE, 5', 618, 1),
(469, 'Nerva', 21670, 'Huelva', 'CTRA. SEVILLA, S/N', 619, 1),
(470, 'Nerva', 21670, 'Huelva', 'POLIG. IND. EL PERAL, CALLE C, NAVES 6-7', 620, 1),
(471, 'Niebla', 21840, 'Huelva', 'LA PEÑUELA', 621, 1),
(472, 'Niebla', 21840, 'Huelva', 'FINCA LA JARETA CRT. NIEBLA - VALVERDE DEL CAMINO', 622, 1),
(473, 'Palma del Condado (La)', 21700, 'Huelva', 'C/ALCAZAR Y PEREZ, 3', 623, 1),
(474, 'Palma del Condado (La)', 21700, 'Huelva', 'AVD. DE CONSTITUCION, 1-3', 624, 1),
(475, 'Palma del Condado (La)', 21700, 'Huelva', 'C/PALOS DE LA FRONTERA, 14', 625, 1),
(476, 'Palma del Condado (La)', 21700, 'Huelva', 'CTRA DE ALMONTE KM 3', 626, 1),
(477, 'Palma del Condado (La)', 21700, 'Huelva', 'POL. IND. VI CENTENARIO NAVES 5,6,7 Y 8', 627, 1),
(478, 'Palma del Condado (La)', 21700, 'Huelva', 'CRT. DE BERROCAL, 1', 628, 1),
(479, 'Palma del Condado (La)', 21700, 'Huelva', 'POLIG. INDUSTRIAL VI CENTENARIO.', 630, 1),
(480, 'Palma del Condado (La)', 21700, 'Huelva', 'CALLE HINOJOS, 31-35', 631, 1),
(481, 'Palma del Condado (La)', 21700, 'Huelva', 'CAMINO VIEJO DE SEVILLA, 29', 632, 1),
(482, 'Palma del Condado (La)', 21700, 'Huelva', 'PAULINO CHAVES, 21-B', 633, 1),
(483, 'Palma del Condado (La)', 21700, 'Huelva', 'POLIGONO DEHESA BOYAL, C/BODEGAS SALAS NAVES 1-3', 634, 1),
(484, 'Palos de la Frontera', 21810, 'Huelva', 'COMINO DE COCOLA S/N, POL. IND. SAN JORGE', 635, 1),
(485, 'Palos de la Frontera', 21810, 'Huelva', 'POL IND SAN JORGE 11-12', 636, 1),
(486, 'Palos de la Frontera', 21810, 'Huelva', 'POL IND SAN JORGE 95-96', 637, 1),
(487, 'Palos de la Frontera', 21810, 'Huelva', 'PGNO. IND. SAN JORGE, 77, 78, 79, 94.', 638, 1),
(488, 'Palos de la Frontera', 21810, 'Huelva', 'POL.  IND.  SAN JORGE Nº  43.', 639, 1),
(489, 'Palos de la Frontera', 21810, 'Huelva', 'POL.IND. SAN JORGE, PARCELAS 60-61', 640, 1),
(490, 'Palos de la Frontera', 21810, 'Huelva', 'POLIGONO INDUSTRIAL SAN JORGE, PARCELAS 83 Y 84', 641, 1),
(491, 'Palos de la Frontera', 21810, 'Huelva', 'POL.IND. SAN JORGE, PARC. 242', 642, 1),
(492, 'Palos de la Frontera', 21810, 'Huelva', 'POL. IND. SAN JORGE PARCELAS 270 - 271 Y 272', 643, 1),
(493, 'Palos de la Frontera', 21810, 'Huelva', 'POL. SAN JORGE, 86', 644, 1),
(494, 'Palos de la Frontera', 21810, 'Huelva', 'CAMINO DE AGUA DEL TORO S/N', 645, 1),
(495, 'Palos de la Frontera', 21810, 'Huelva', 'AVDA. AMERICA, 13', 646, 1),
(496, 'Palos de la Frontera', 21810, 'Huelva', 'POLIG. INDUSTRIAL SAN JORGE, PARCELA Nº 284', 647, 1),
(497, 'Palos de la Frontera', 21810, 'Huelva', 'POLIG. INDUSTRIAL SAN JORGE NAVE 90', 648, 1),
(498, 'Palos de la Frontera', 21810, 'Huelva', 'POLG SAN JORGE 180-181-190-191', 649, 1),
(499, 'Palos de la Frontera', 21810, 'Huelva', 'POL. IND. NUEVO PUERTO PARCELAS 45, 45C Y 45 D', 650, 1),
(500, 'Palos de la Frontera', 21810, 'Huelva', 'AVDA. AMERICA, 6', 651, 1),
(501, 'Palos de la Frontera', 21810, 'Huelva', 'POLIGONO INDUSTRIAL SAN JORGE, 32-33', 652, 1),
(502, 'Palos de la Frontera', 21810, 'Huelva', 'CAMINO AGUAS DEL TORO, S/N', 653, 1),
(503, 'Palos de la Frontera', 21810, 'Huelva', 'POLIGONO INDUSTRIAL NUEVO PUERTO PARCELA 3', 654, 1),
(504, 'Palos de la Frontera', 21810, 'Huelva', 'MUELLE I JUAN GONZALO, TINGLADO 1 Y 4.', 655, 1),
(505, 'Palos de la Frontera', 21810, 'Huelva', 'POLIGONO INDUSTRIAL SAN JORGE NAVE 262', 656, 1),
(506, 'Palos de la Frontera', 21810, 'Huelva', 'POLG. INDUSTRIAL VILLAFRIA PARCELA 5-8', 657, 1),
(507, 'Paterna del Campo', 21880, 'Huelva', 'EL PALACIO', 658, 1),
(508, 'Paterna del Campo', 21880, 'Huelva', 'FINCA ROSALA DE VALDERA', 659, 1),
(509, 'Paymogo', 21560, 'Huelva', 'POL. POLIRROSA C/C NAVE 310, 309', 660, 1),
(510, 'Paymogo', 21260, 'Huelva', 'FINCA EL PINITO, POLIGONO 14, PARCELAS 220 .....', 661, 1),
(511, 'Puebla de Guzmán', 21550, 'Huelva', 'CARRETERA PUEBLA DE GUZMAN-CABEZAS RUBIAS K. 0,5', 662, 1),
(512, 'Puebla de Guzmán', 21550, 'Huelva', 'FINCA DEHESA PRIMERA', 663, 1),
(513, 'Puebla de Guzmán', 21550, 'Huelva', 'FINCA EL POLO POLIGONO Nº 3, PARCELA 14', 664, 1),
(514, 'Puebla de Guzmán', 21550, 'Huelva', 'C/BECERROS, Nº 1', 665, 1),
(515, 'Punta Umbría', 21100, 'Huelva', 'DTOR. PRIETO TOUBES, 9', 666, 1),
(516, 'Punta Umbría', 21100, 'Huelva', 'AVD. DE LA MARINA ESQUINA CALLE BABOR', 667, 1),
(517, 'Punta Umbría', 21100, 'Huelva', 'PUERTO PESQUERO DE PUNTA UMBRIA, S/N', 668, 1),
(518, 'Punta Umbría', 21100, 'Huelva', 'C/VARADERO, 4', 669, 1),
(519, 'Punta Umbría', 21100, 'Huelva', 'C/CUENCA MINERA, Nº 4', 670, 1),
(520, 'Punta Umbría', 21100, 'Huelva', 'C/BALIZA, S/N, NAVE B', 671, 1),
(521, 'Punta Umbría', 21100, 'Huelva', 'C/VARADERO, 11', 672, 1),
(522, 'Rociana del Condado', 21720, 'Huelva', 'CARDENAL CISNEROS 2', 673, 1),
(523, 'Rociana del Condado', 21000, 'Huelva', 'C/CARRIL DE LOS MORISCOS, 72', 674, 1),
(524, 'Rociana del Condado', 21720, 'Huelva', 'ALMONTE 5', 675, 1),
(525, 'Rociana del Condado', 21720, 'Huelva', 'CTRA. DE ALMONTE, S/N', 676, 1),
(526, 'Rociana del Condado', 21720, 'Huelva', 'CARRIL DE LOS MORISCOS Nº 111', 677, 1),
(527, 'Rociana del Condado', 21720, 'Huelva', 'CTRA DE ALMONTE S/N', 678, 1),
(528, 'Rociana del Condado', 21720, 'Huelva', 'C/ CARRIL DE LOS MORISCOS, 56', 679, 1),
(529, 'Rociana del Condado', 21720, 'Huelva', 'CARRIL DE LOS MORISCOS, 103', 680, 1),
(530, 'Rociana del Condado', 21720, 'Huelva', 'AVDA. NIEBLA Nº 11.', 681, 1),
(531, 'Rociana del Condado', 21720, 'Huelva', 'AVD. CALANCHA, S/N', 682, 1),
(532, 'Rociana del Condado', 21720, 'Huelva', 'C/ GUADALQUIVIR, S/N', 683, 1),
(533, 'Rociana del Condado', 21720, 'Huelva', 'ZALEMA, 6', 684, 1),
(534, 'Rociana del Condado', 21720, 'Huelva', 'C/ZALEMA, 14', 685, 1),
(535, 'Rociana del Condado', 21720, 'Huelva', 'C/CARRIL DE LOS MORISCOS, 62', 686, 1),
(536, 'Rociana del Condado', 21720, 'Huelva', 'POLIGONO INDUSTRIAL LAS HUERTAS, NAVE 14', 687, 1),
(537, 'Rociana del Condado', 21720, 'Huelva', 'CARRETERA ALMONTE, S/N', 688, 1),
(538, 'Rosal de la Frontera', 21250, 'Huelva', 'C/JAEN, 1', 689, 1),
(539, 'Rosal de la Frontera', 21250, 'Huelva', '"FINCA ""LOS BARREROS"" (POLIGONO 10, PARCELAS 9, 10 Y 24)"', 690, 1),
(540, 'San Bartolomé de la Torre', 21510, 'Huelva', 'AVD. DE LA AMISTAD, S/N', 691, 1),
(541, 'San Bartolomé de la Torre', 21510, 'Huelva', 'AVD. DE LA LAGUNA, S/N', 692, 1),
(542, 'San Juan del Puerto', 21610, 'Huelva', 'TOLEDO 57-59', 694, 1),
(543, 'San Juan del Puerto', 21610, 'Huelva', 'POLIGONO DOMINCANO CALLE A NAVE 44', 695, 1),
(544, 'San Juan del Puerto', 21610, 'Huelva', 'POLIGONO INDUSTRIAL DOMINCANO, NAVE 68', 696, 1),
(545, 'San Juan del Puerto', 21610, 'Huelva', 'C/PUERTO RICO Nº 1', 697, 1),
(546, 'Santa Ana la Real', 21359, 'Huelva', 'AVDA. GOMEZ PLANA, Nº 10', 698, 1),
(547, 'Lepe', 21440, 'Huelva', 'NUEVA 35', 699, 1),
(548, 'Santa Bárbara de Casa', 21570, 'Huelva', 'CRT. CABEZAS RUBIAS A STA. BARBARA  DEHESA DOS HERMANAS', 700, 1),
(549, 'Santa Bárbara de Casa', 21570, 'Huelva', 'C/PUERTO 16', 701, 1),
(550, 'Santa Bárbara de Casa', 21570, 'Huelva', 'C/ AVDA. PORTUGAL 24', 702, 1),
(551, 'Santa Bárbara de Casa', 21290, 'Huelva', 'FINCA EL CORCHITO', 703, 1),
(552, 'Santa Bárbara de Casa', 21570, 'Huelva', 'C/NUEVA, 6', 704, 1),
(553, 'Santa Olalla del Cala', 21260, 'Huelva', 'C/JUAN RAMON JIMENEZ, 69', 705, 1),
(554, 'Santa Olalla del Cala', 21260, 'Huelva', 'CHALET ESTACION, S/N', 706, 1),
(555, 'Santa Olalla del Cala', 21260, 'Huelva', 'MARINA ESPAÑOLA, S/N', 707, 1),
(556, 'Santa Olalla del Cala', 21260, 'Huelva', 'P I SANTA OLALLA DEL CALA.FINCA LAS CAÑAILLAS', 708, 1),
(557, 'Santa Olalla del Cala', 21260, 'Huelva', '"POLIGONO INDUSTRIAL ""SANTA OLALLA"", NAVE 6"', 709, 1),
(558, 'Trigueros', 21620, 'Huelva', 'JUAN RAMON JIMENEZ 48', 710, 1),
(559, 'Trigueros', 21620, 'Huelva', 'C/ZARATA, Nº 13', 711, 1),
(560, 'Trigueros', 21620, 'Huelva', 'SAN ANTONIO ABAD, 8', 712, 1),
(561, 'Trigueros', 21000, 'Huelva', 'C/ MOGUER, S/N', 713, 1),
(562, 'Trigueros', 21620, 'Huelva', 'CRTRA. SAN JUAN DEL PUERTO-CACERES, KM. 7', 714, 1),
(563, 'Trigueros', 21620, 'Huelva', 'C/ MOLINI DE VIENTO, 2', 715, 1),
(564, 'Trigueros', 21620, 'Huelva', 'C/ DEL CONCESO, 25', 716, 1),
(565, 'Valdelarco', 21291, 'Huelva', 'C/ DOCTOR DOMINGUEZ ADAME Nº 15', 717, 1),
(566, 'Valdelarco', 21291, 'Huelva', 'ALCALDE MARCELINO RUIZ, 19', 718, 1),
(567, 'Valverde del Camino', 21600, 'Huelva', 'POL.IND. EL MONETE, 107-108', 719, 1),
(568, 'Valverde del Camino', 21600, 'Huelva', 'CARRETERA DE SAN JUAN, Nº 50', 720, 1),
(569, 'Valverde del Camino', 21600, 'Huelva', 'POL. IND. EL MOTENE NAVES 75,76 Y 102', 721, 1),
(570, 'Valverde del Camino', 21600, 'Huelva', 'C/LA PALMA, 2', 722, 1),
(571, 'Villablanca', 21590, 'Huelva', 'CRT. DE AYAMONTE - ARACENA KM 7', 723, 1),
(572, 'Villalba del Alcor', 21860, 'Huelva', 'CAMINO DE BOLLULLOS, S/N', 724, 1),
(573, 'Villalba del Alcor', 21860, 'Huelva', 'C/POZO NUEVO, S/N', 725, 1),
(574, 'Villalba del Alcor', 21700, 'Huelva', 'CRT. A - 472, KM 44', 726, 1),
(575, 'Villalba del Alcor', 21700, 'Huelva', 'CTRA. A-472 KM. 25,2', 727, 1),
(576, 'Villalba del Alcor', 21700, 'Huelva', 'CRT. A - 472, KM 29', 728, 1),
(577, 'Villanueva de los Castillejos', 21540, 'Huelva', 'LEPE 33', 729, 1),
(578, 'Villanueva de los Castillejos', 21540, 'Huelva', 'LEPE 34', 730, 1),
(579, 'Villanueva de los Castillejos', 21540, 'Huelva', 'C/ARCOS, 21', 731, 1),
(580, 'Villanueva de los Castillejos', 21450, 'Huelva', 'C/ VIÑA, 9', 732, 1),
(581, 'Villanueva de los Castillejos', 21540, 'Huelva', 'C/ASPAS, Nº 5', 733, 1),
(582, 'Villanueva de los Castillejos', 21540, 'Huelva', 'C/CALLEJON DE LOS OLIVOS, S/N', 734, 1),
(583, 'Villanueva de los Castillejos', 21540, 'Huelva', 'CARRETERA HUELVA', 735, 1),
(584, 'Villanueva de los Castillejos', 21540, 'Huelva', 'C/ ARROYO DEL GALLINERO, 6', 736, 1),
(585, 'Villanueva de los Castillejos', 21540, 'Huelva', 'POL. INDUSTRIAL  CALLE A NAVE 1', 737, 1),
(586, 'Villanueva de los Castillejos', 21540, 'Huelva', 'FINCA LA DEHESILLA', 738, 1),
(587, 'Villanueva de los Castillejos', 21540, 'Huelva', 'C/LEPE, 99', 739, 1),
(588, 'Villanueva de los Castillejos', 21540, 'Huelva', 'C/FINCA LOS MANANTIALES S/N', 740, 1),
(589, 'Villanueva de los Castillejos', 21540, 'Huelva', 'LEPE 31', 741, 1),
(590, 'Villarrasa', 21850, 'Huelva', 'CTRA SEVILLA-HUELVA, S/N', 742, 1),
(591, 'Villarrasa', 21850, 'Huelva', 'CTRA SEVILLA-HUELVA, S/N', 743, 1),
(592, 'Villarrasa', 21850, 'Huelva', 'CTRA SEVILLA-HUELVA, S/N', 744, 1),
(593, 'Villarrasa', 21850, 'Huelva', 'NUEVA, S/N', 745, 1),
(594, 'Villarrasa', 21850, 'Huelva', 'C/ NUEVA 163', 746, 1),
(595, 'Zalamea la Real', 21640, 'Huelva', 'POLIGONO INDUSTRIAL EL TEJAREJO, S/N', 747, 1),
(596, 'Zalamea la Real', 21640, 'Huelva', 'CTRA. SAN JUAN DEL PUERTO - CACERES (435) KM. 50.', 748, 1),
(597, 'Zalamea la Real', 21640, 'Huelva', 'C/CUARTO CENTENARIO, S/N', 749, 1),
(598, 'Zalamea la Real', 21640, 'Huelva', 'MANUEL SERRANO, 3', 750, 1),
(599, 'Zalamea la Real', 21640, 'Huelva', 'POLIGONO EL TEJAREJO, 70', 751, 1),
(600, 'Zalamea la Real', 21640, 'Huelva', 'POLIGONO INDUSTRIAL EL TEJAREJO, S/N', 752, 1),
(601, 'Zufre', 21210, 'Huelva', 'LINARES, 15', 753, 1),
(602, 'Zufre', 21210, 'Huelva', 'EN ZUFRE', 754, 1),
(603, 'PUNTA UMBRIA', 21120, 'HUELVA', 'VARADEROS, 18', 755, 1),
(604, 'MOGUER', 21800, 'HUELVA', 'P.I. ALGARROBITOS, 49-50', 756, 1),
(605, 'HUELVA', 21002, 'HUELVA', 'ALONSO DE OJEDA, 17', 757, 1),
(606, 'HUELVA', 21007, 'HUELVA', 'POLIRROSA, NAVE 262', 758, 1),
(607, 'LEPE', 21440, 'HUELVA', 'CRA LEPE-LA ANTILLA, KM 2', 759, 1),
(608, 'HUELVA', 21005, 'HUELVA', 'AVDA CIRCUNVALACION EXT, 31', 760, 1),
(609, 'CARTAYA', 21450, 'HUELVA', NULL, 761, 1),
(610, 'LEPE', 21440, 'HUELVA', NULL, 762, 1),
(611, 'LEPE', 21440, 'HUELVA', 'VALLETARAY, 1', 763, 1),
(612, 'LA REDONDELA. ISLA CRISTINA', 21430, 'HUELVA', 'C/ ANTONIO MACHADO, S/N', 764, 1),
(613, 'LEPE', 21440, 'HUELVA', 'CRA CIRCUNVALACION, SN', 765, 1),
(614, 'CARTAYA', 21450, 'HUELVA', NULL, 766, 1),
(615, 'SAN JUAN DEL PUERTO', 21610, 'HUELVA', 'REAL, 10-12', 767, 1),
(616, 'CARTAYA', 21450, 'HUELVA', NULL, 768, 1),
(617, 'CARTAYA', 21450, 'HUELVA', 'FINCA LA MOGAYUELA, S/N', 769, 1),
(618, 'MOGUER', 21800, 'HUELVA', 'POLIGONO LOS ARROYOS, S/N', 770, 1),
(619, 'ISLANTILLA', 21449, 'HUELVA', 'AVDA ISLANTILLA, S/N', 771, 1),
(620, 'CARTAYA', 21450, 'HUELVA', 'P.I. LA ESTACION, S/N', 772, 1),
(621, 'BOLLULLOS DEL CONDADO', 21710, 'HUELVA', 'RAFAEL DE LA HABA, 28', 773, 1),
(622, 'SAN JUAN DEL PUERTO', 21610, 'HUELVA', 'CRA A 472 SEVILLA HUELVA, KM 77.5', 774, 1),
(623, 'LEPE', 21440, 'HUELVA', 'PI HUERTA MARQUEZ, 27', 775, 1),
(624, 'MOGUER', 21800, 'HUELVA', 'POL. LOS ARROYOS, C/CRUZ DE ARPA, 16-18', 776, 1),
(625, 'CARTAYA', 21450, 'HUELVA', 'CRA NACIONAL, 431. KM 111', 777, 1),
(626, 'CARTAYA', 21540, 'HUELVA', 'CRA CARTAYA TARIQUEJO, KM 6.3', 778, 1),
(627, 'MAIRENA ALJARAFE', 41927, 'SEVILLA', 'C/ INNOVACION 6. PISA', 779, 1),
(628, 'CARTAYA', 21450, 'HUELVA', 'CRA TARIQUEJO, S/N FTE', 780, 1),
(629, 'MOGUER', 21800, 'HUELVA', 'P.I.ALGARROBITO, 73-74', 781, 1),
(630, 'HUELVA', 21003, 'HUELVA', 'ARQUITECTO PINTO, 2', 782, 1),
(631, 'PALOS DE LA FRONTERA', 21810, 'HUELVA', 'PI SAN JORGE, PARC 11-12', 783, 1),
(632, 'MOGUER', 21800, 'HUELVA', 'PI EL ALGARROBITO', 784, 1),
(633, 'PALOS DE LA FRONTERA', 21001, 'HUELVA', 'MARTIN ALONSO PINZON', 785, 1),
(634, 'ARACENA', 21200, 'HUELVA', NULL, 786, 1),
(635, 'PALOS DE LA FRONTERA', 21810, 'HUELVA', 'P.I. SAN JORGE', 787, 1),
(636, 'MOGUER', 21800, 'HUELVA', 'PI ALGARROBITO, 43', 788, 1),
(637, 'MOGUER', 21800, 'HUELVA', 'PI EL ALGARROBITO', 789, 1),
(638, 'HUELVA', 21005, 'HUELVA', 'AVDA ANDALUCIA, S/N', 790, 1),
(639, 'ALJARAQUE', 21100, 'HUELVA', 'CAMINO DEL RINCON, S/N', 791, 1),
(640, 'LEPE', 21440, 'HUELVA', 'CRA LEPE-LA ANTILLA, KM 2', 792, 1),
(641, 'SAN JUAN DEL PUERTO', 21610, 'HUELVA', 'C/REAL, 45', 793, 1),
(642, 'LEPE', 21440, 'HUELVA', 'PI CORTES DAZA, 1', 794, 1),
(643, 'AYAMONTE', 21400, 'HUELVA', 'C/ RIBERA DEL GUADIANA, PARC 5', 795, 1),
(644, 'LEPE', 21440, 'HUELVA', 'CRA NACIONAL, 431. KM 115', 796, 1),
(645, 'AYAMONTE', 21400, 'HUELVA', 'C/RIBERA DEL GUADIANA, 107', 797, 1),
(646, 'AYAMONTE', 21400, 'HUELVA', NULL, 798, 1),
(647, 'BOLLULLOS DEL CONDADO', 21710, 'HUELVA', 'P.I. EL LIRIO, C/TONELEROS, 6', 799, 1),
(648, 'CARTAYA', 21450, 'HUELVA', 'AVDA GIBRALEON, 81', 800, 1),
(649, 'VILLANUEVA CASTILLEJOS', 21540, 'HUELVA', NULL, 801, 1),
(650, 'CARTAYA', 21450, 'HUELVA', 'PI LA ESTACION, 17', 802, 1),
(651, 'CARTAYA', 21450, 'HUELVA', NULL, 803, 1),
(652, 'CARTAYA', 21450, 'HUELVA', 'PI LA ESTACION, 3', 804, 1),
(653, 'CARTAYA', 21450, 'HUELVA', 'P.I. LA ESTACION, 116', 805, 1),
(654, 'LEPE', 21440, 'HUELVA', 'C/LABRADORES, 78', 806, 1),
(655, 'SAN JUAN DEL PUERTO', 21610, 'HUELVA', 'HUELVA, 8', 807, 1),
(656, 'LEPE', 21440, 'HUELVA', 'MANIJEROS, 21', 808, 1),
(657, 'CARTAYA', 21450, 'HUELVA', 'CRA TARIQUEJOS, KM 0.6', 809, 1),
(658, 'CARTAYA', 21440, 'HUELVA', 'CRA NAVCIONAL 431', 810, 1),
(659, 'HUELVA', 21001, 'HUELVA', 'VAZQUEZ LOPEZ, 10.', 811, 1),
(660, 'HUELVA', 21006, 'Huelva', 'AV SAN ANTONIO 0 EDIFICIO LA MORANA L', 812, 1),
(661, 'HUELVA', 21002, 'Huelva', 'PS GLORIETA, 6', 813, 1),
(662, 'HUELVA', 21002, 'Huelva', 'PS GLORIETA, 6', 814, 1),
(663, 'LEPE', 21440, 'Huelva', 'CR NACIONAL 431, km 115', 815, 1),
(664, 'HUELVA', 21002, 'Huelva', 'CL RUI-VELEZ, 5', 816, 1),
(665, 'LEPE', 21440, 'Huelva', 'CL HERMANOS MACHADO 15 2º B', 817, 1),
(666, 'HUELVA', 21001, 'Huelva', 'PLG LA ESPERANZA 0 NAVE 20.', 818, 1),
(667, 'HUELVA', 21003, 'Huelva', 'P. º NORTE 1', 819, 1),
(668, 'HUELVA', 21007, 'Huelva', 'PG INDUSTRIAL MIRAVAL, 17', 820, 1);
INSERT INTO `clientes_sedes` (`id`, `localidad`, `CP`, `provincia`, `direccion`, `fk_cliente`, `es_sede_principal`) VALUES
(669, 'HUELVA', 21005, 'Huelva', 'AV SANTA MARTA, 39', 821, 1),
(670, 'HUELVA', 21007, 'Huelva', 'CR HUELVA-SEVILLA 1', 822, 1),
(671, 'ALMONTE', 21730, 'Huelva', 'CL SANTA ANA, 135', 823, 1),
(672, 'ALMONTE', 21730, 'Huelva', 'PG EL TOMILLAR 0 NAVE 40.', 824, 1),
(673, 'VALVERDE DEL CAMINO', 21600, 'Huelva', 'CR NACIONAL 435', 825, 1),
(674, 'LA PALMA DEL CONDADO', 21700, 'Huelva', 'CL ROCIANA 5', 826, 1),
(675, 'HUELVA', 21002, 'Huelva', 'CL MACIAS BELMONTE 48', 827, 1),
(676, 'PUNTA UMBRIA', 21100, 'Huelva', 'PS RIA', 828, 1),
(677, 'ARACENA', 21200, 'Huelva', 'AV PORTUGAL, 4', 829, 1),
(678, 'HUELVA', 21003, 'Huelva', 'CL ALONSO DE OJEDA 1', 830, 1),
(679, 'LEPE', 21440, 'Huelva', 'CR CIRCUNVALACION', 831, 1),
(680, 'MOGUER', 21800, 'Huelva', 'CL CORONEL SOUSA, 13', 832, 1),
(681, 'HUELVA', 21004, 'Huelva', 'CL ARQUEOLOGO GARAY ANDUAGA 9', 833, 1),
(682, 'HUELVA', 21006, 'Huelva', 'CL VILLANUEVA DE CASTILLEJOS, 10', 834, 1),
(683, 'PALOS DE LA FRONTERA', 21810, 'Huelva', 'CL PANAMA, 40', 835, 1),
(684, 'PUNTA UMBRIA', 21100, 'Huelva', 'CL SARGO', 836, 1),
(685, 'ALMONTE', 21730, 'Huelva', 'CR DEL ROCIO, 170', 837, 1),
(686, 'HUELVA', 21007, 'Huelva', 'PG SAN DIEGO 1', 838, 1),
(687, 'HUELVA', 21002, 'Huelva', 'AV NORTE 1', 839, 1),
(688, 'HUELVA', 21004, 'Huelva', 'CL EMILIO MOLERO, 9', 840, 1),
(689, 'HUELVA', 21004, 'Huelva', 'AV PALOS DE LA FRONTERA, 9', 841, 1),
(690, 'HUELVA', 21002, 'Huelva', 'CL FUENTEHERIDOS, 10', 842, 1),
(691, 'LA PALMA DEL CONDADO', 21700, 'Huelva', 'AV DE LA PALMA CLUB DE FUTBOL, 1', 843, 1),
(692, 'ALJARAQUE', 21110, 'Huelva', 'CL INDUSTRIAL - PG INDUSTRIAL LA RAYA, 4', 844, 1),
(693, 'TRIGUEROS', 21620, 'Huelva', 'CL FEDERICO GARCIA LORCA, 18', 845, 1),
(694, 'HUELVA', 21003, 'Huelva', 'CL LAZO REAL, 32', 846, 1),
(695, 'ALMONTE', 21730, 'Huelva', 'CR DEL ROCIO 126 128', 847, 1),
(696, 'ALMONTE', 21730, 'Huelva', 'CL SEVILLA 7', 848, 1),
(697, 'LEPE', 21440, 'Huelva', 'PK INDUSTRIAL LA GRAVERA 0 PARC. 106', 849, 1),
(698, 'EL ALMENDRO', 21593, 'Huelva', 'CL NOGAL 2', 850, 1),
(699, 'HUELVA', 21002, 'Huelva', 'CL ALONSO OJEDA 7', 851, 1),
(700, 'LEPE', 21440, 'Huelva', 'CL CRUZ, 3', 852, 1),
(701, 'HUELVA', 21007, 'Huelva', 'PLG PAVIPRESA 0 NAVE 23', 853, 1),
(702, 'HUELVA', 21007, 'Huelva', 'PG RINCON, 44', 854, 1),
(703, 'BONARES', 21830, 'Huelva', 'CL ESPERANZA, 47', 855, 1),
(704, 'CARTAYA', 21450, 'Huelva', 'PLG LA BARCA 1', 856, 1),
(705, 'ARACENA', 21200, 'Huelva', 'CL LOPEZ RUBIO 18', 857, 1),
(706, 'LA PALMA DEL CONDADO', 21700, 'Huelva', 'CL CAMINO MOLINO NUEVO', 858, 1),
(707, 'HUELVA', 21007, 'Huelva', 'PG POLIRROSA 1', 859, 1),
(708, 'ISLA CRISTINA', 21430, 'Huelva', 'CL ANTONIO MACHADO', 860, 1),
(709, 'ALMONTE', 21730, 'Huelva', 'CL PADRE JOSE ANTONIO RODRIGUEZ BEJERANO, 127', 861, 1),
(710, 'VILLANUEVA DE LOS CASTILLEJOS', 21540, 'Huelva', 'CL LEPE 29', 862, 1),
(711, 'ALJARAQUE', 21110, 'Huelva', 'PG EMPRESARIAL LA RAYA CALLE INDUSTRIA, 33', 863, 1),
(712, 'HUELVA', 21001, 'Huelva', 'AV ITALIA, 31', 864, 1),
(713, 'HUELVA', 21005, 'Huelva', 'AV SANTA MARTA 10', 865, 1),
(714, 'HUELVA', 21006, 'Huelva', 'CL NICOLAS ORTA 50 -52.', 866, 1),
(715, 'PALOS DE LA FRONTERA', 21810, 'Huelva', 'PG SAN JORGE 66 68', 867, 1),
(716, 'PUNTA UMBRIA', 21100, 'Huelva', 'ZONA INDUSTRIAL. COSTA DE LA LUZ, 4', 868, 1),
(717, 'HUELVA', 21001, 'Huelva', 'AV FRANCISCO MONGTENEGRO 1', 869, 1),
(718, 'PALOS DE LA FRONTERA', 21810, 'Huelva', 'PG SAN JORGE 0 NAVE 19', 870, 1),
(719, 'HUELVA', 21007, 'Huelva', 'PG EL RINCON 0 NAVE 16', 872, 1),
(720, 'AYAMONTE', 21400, 'Huelva', 'AV LA CONSTITUCION 78', 873, 1),
(721, 'LUCENA DEL PUERTO', 21820, 'Huelva', 'CL BATALLA DE LEPANTO 1', 874, 1),
(722, 'ALMONTE', 21730, 'Huelva', 'CL ANTONIO MACHADO 8 1º', 875, 1),
(723, 'HUELVA', 21005, 'Huelva', 'CL MANZANILLA 24', 876, 1),
(724, 'ALJARAQUE', 21110, 'Huelva', 'PZ ANDALUCIA, 1', 877, 1),
(725, 'SAN JUAN DEL PUERTO', 21610, 'Huelva', 'CL TRIGUEROS 100', 878, 1),
(726, 'MOGUER', 21130, 'Huelva', 'PG LOS PINOS 89', 879, 1),
(727, 'HUELVA', 21007, 'Huelva', 'PG LA PAZ 77', 880, 1);

-- --------------------------------------------------------

--
-- Estructura de tabla para la tabla `clientes_sedes_rel_contactos`
--

CREATE TABLE IF NOT EXISTS `clientes_sedes_rel_contactos` (
  `fk_clientes_sede` int(11) NOT NULL,
  `fk_contacto` int(11) NOT NULL,
  PRIMARY KEY (`fk_clientes_sede`,`fk_contacto`)
) ENGINE=InnoDB DEFAULT CHARSET=utf8;

--
-- Volcar la base de datos para la tabla `clientes_sedes_rel_contactos`
--


-- --------------------------------------------------------

--
-- Estructura de tabla para la tabla `clientes_tipos`
--

CREATE TABLE IF NOT EXISTS `clientes_tipos` (
  `id` int(11) NOT NULL AUTO_INCREMENT,
  `nombre` varchar(45) NOT NULL,
  PRIMARY KEY (`id`)
) ENGINE=InnoDB  DEFAULT CHARSET=utf8 AUTO_INCREMENT=3 ;

--
-- Volcar la base de datos para la tabla `clientes_tipos`
--

INSERT INTO `clientes_tipos` (`id`, `nombre`) VALUES
(1, 'Potencial'),
(2, 'Cliente');

-- --------------------------------------------------------

--
-- Estructura de tabla para la tabla `colaboradores`
--

CREATE TABLE IF NOT EXISTS `colaboradores` (
  `id` int(11) NOT NULL AUTO_INCREMENT,
  `razon_social` varchar(100) DEFAULT NULL,
  `NIF` varchar(9) DEFAULT NULL,
  `domicilio` varchar(100) DEFAULT NULL,
  `localidad` varchar(45) DEFAULT NULL,
  `CP` int(11) DEFAULT NULL,
  `cc_pago_comisiones` varchar(45) DEFAULT NULL,
  `comision` int(11) DEFAULT NULL,
  `comision_por_renovacion` int(11) DEFAULT NULL,
  `provincia` varchar(45) NOT NULL,
  PRIMARY KEY (`id`)
) ENGINE=InnoDB  DEFAULT CHARSET=utf8 AUTO_INCREMENT=6 ;

--
-- Volcar la base de datos para la tabla `colaboradores`
--

INSERT INTO `colaboradores` (`id`, `razon_social`, `NIF`, `domicilio`, `localidad`, `CP`, `cc_pago_comisiones`, `comision`, `comision_por_renovacion`, `provincia`) VALUES
(1, 'Ninguno', '', '', '', 0, '0', 0, 0, ''),
(2, 'ddddd', NULL, NULL, 'Dos Hermanas', 41703, NULL, 55, NULL, ''),
(3, 'klshflkjsadhf', NULL, NULL, 'safjsdlk', 41012, '2147483647', 55, NULL, ''),
(4, 'ddddd', NULL, NULL, 'Dos Hermanas', 41703, '2147483647', 55, NULL, ''),
(5, 'ss', NULL, NULL, 'ss', 41703, '1234-5678-90-1234567', 55, NULL, '');

-- --------------------------------------------------------

--
-- Estructura de tabla para la tabla `colaboradores_rel_contactos`
--

CREATE TABLE IF NOT EXISTS `colaboradores_rel_contactos` (
  `fk_colaborador` int(11) NOT NULL,
  `fk_contacto` int(11) NOT NULL,
  PRIMARY KEY (`fk_colaborador`,`fk_contacto`)
) ENGINE=InnoDB DEFAULT CHARSET=utf8;

--
-- Volcar la base de datos para la tabla `colaboradores_rel_contactos`
--


-- --------------------------------------------------------

--
-- Estructura de tabla para la tabla `contactos`
--

CREATE TABLE IF NOT EXISTS `contactos` (
  `id` int(11) NOT NULL AUTO_INCREMENT,
  `nombre` varchar(150) DEFAULT NULL,
  `telefono` int(11) DEFAULT NULL,
  `fax` int(11) DEFAULT NULL,
  `movil` int(11) DEFAULT NULL,
  `email` varchar(450) DEFAULT NULL,
  `cargo` varchar(450) DEFAULT NULL,
  `comision` int(11) DEFAULT NULL,
  `comision_por_renovacion` int(11) DEFAULT NULL,
  PRIMARY KEY (`id`)
) ENGINE=InnoDB  DEFAULT CHARSET=utf8 AUTO_INCREMENT=92 ;

--
-- Volcar la base de datos para la tabla `contactos`
--

INSERT INTO `contactos` (`id`, `nombre`, `telefono`, `fax`, `movil`, `email`, `cargo`, `comision`, `comision_por_renovacion`) VALUES
(1, 'Pepe', 955000000, NULL, NULL, 'pepe1@hotmail.es', 'Gerente', NULL, NULL),
(2, 'Pepe', 955000001, NULL, NULL, 'pepe2@hotmail.es', 'Gerente', NULL, NULL),
(3, 'Pepe', 955000002, NULL, NULL, 'pepe3@hotmail.es', 'Gerente', NULL, NULL),
(4, 'Pepe', 955000001, NULL, NULL, 'pepe2@hotmail.es', 'Gerente', NULL, NULL),
(5, 'JUAN JESUS VAZQUEZ NAVARRO', NULL, NULL, NULL, NULL, NULL, NULL, NULL),
(6, 'MARIO', NULL, NULL, NULL, NULL, 'ADMINISTRACION', NULL, NULL),
(7, 'VICENTE ACUÑA', NULL, NULL, NULL, NULL, 'GERENTE', NULL, NULL),
(8, 'MIGUEL A MOLINA', 670644424, NULL, NULL, 'MOLINAH@ADASALUB.E.TELEFONICA.NET', NULL, NULL, NULL),
(9, 'PACO', 959246558, NULL, NULL, NULL, NULL, NULL, NULL),
(10, 'ISABEL RODRIGUEZ', 620015727, NULL, NULL, 'ISABEL#BGSTRANS.COM', 'ADMINISTRACION', NULL, NULL),
(11, 'MANUEL ANTONETE', NULL, NULL, NULL, NULL, 'GERENTE', NULL, NULL),
(12, 'MANUEL', NULL, NULL, NULL, NULL, 'GERENTE', NULL, NULL),
(13, 'ROCIO', NULL, NULL, NULL, NULL, NULL, NULL, NULL),
(14, 'GERARDO JIMENEZ BOIXO', NULL, NULL, NULL, NULL, 'GERENTE', NULL, NULL),
(15, 'INMACULADA', 637753238, NULL, NULL, NULL, NULL, NULL, NULL),
(16, 'ALEJANDRO', NULL, NULL, NULL, NULL, 'ADMINISTRACION', NULL, NULL),
(17, 'CRISANTO DIAZ', NULL, NULL, NULL, 'NAUTICASPUNTAUMBRIA@HOTMAIL.COM', 'GERENTE', NULL, NULL),
(18, 'JOSE LUIS BOZA', NULL, NULL, NULL, NULL, NULL, NULL, NULL),
(19, 'José Trigueros', NULL, NULL, NULL, NULL, 'Gerente (son dos gerentes)', NULL, NULL),
(20, 'Emilio Zarza', NULL, NULL, NULL, NULL, 'Rpble. Calidad', NULL, NULL),
(21, 'Pedro', 696422800, NULL, NULL, NULL, 'Gerente', NULL, NULL),
(22, 'genérico', NULL, NULL, NULL, 'reserva@hotelcarabela.com', NULL, NULL, NULL),
(23, NULL, 959710187, NULL, NULL, NULL, NULL, NULL, NULL),
(24, 'MANUEL GONZALEZ LOPEZ', 609127387, NULL, NULL, 'pescadosymariscosgonzalez@yahoo.es', 'GERENTE', NULL, NULL),
(25, 'JUAN ORTEGA', 959372443, NULL, NULL, NULL, NULL, NULL, NULL),
(26, 'VICENTE ACUÑA', 636993188, NULL, NULL, NULL, NULL, NULL, NULL),
(27, 'SEBASTIAN ESCOLASTICO VENEGAS', 654305171, NULL, NULL, NULL, 'GERENTE', NULL, NULL),
(28, 'MARIA DOLORES', 600547145, NULL, NULL, NULL, 'DUEÑA', NULL, NULL),
(29, 'JAVIER', 615455707, NULL, NULL, NULL, NULL, NULL, NULL),
(30, 'ANTONIO CURI', 608545983, NULL, NULL, NULL, NULL, NULL, NULL),
(31, 'ENCARNI', 609592867, NULL, NULL, NULL, NULL, NULL, NULL),
(32, 'ANTONIO MORTE', NULL, NULL, NULL, NULL, NULL, NULL, NULL),
(33, 'TOÑI', NULL, NULL, NULL, NULL, NULL, NULL, NULL),
(34, 'ALFONSO TOME', 650949191, NULL, NULL, NULL, 'GERENTE', NULL, NULL),
(35, 'ANTONIO', NULL, NULL, NULL, NULL, 'GERENTE', NULL, NULL),
(36, 'JESUS', NULL, NULL, NULL, NULL, NULL, NULL, NULL),
(37, 'JUAN ANTONIO BEAS', 607623089, NULL, NULL, NULL, 'JEFE DE VENTAS', NULL, NULL),
(38, 'ANGELA', NULL, NULL, NULL, NULL, 'CALIDAD', NULL, NULL),
(39, 'JAVIER MARTIN', NULL, NULL, NULL, NULL, 'DIRECCIÓN', NULL, NULL),
(40, 'MONICA IGLESIS', 615910493, NULL, NULL, NULL, NULL, NULL, NULL),
(41, 'ALONSO BARRANCO BRAVO', 600407564, NULL, NULL, NULL, 'ADMINISTRACION', NULL, NULL),
(42, 'JOSE MENDOZA BELTRÁN', 629258381, NULL, NULL, NULL, 'GERENTE', NULL, NULL),
(43, 'MIGUEL ESTUDILLO', NULL, NULL, NULL, NULL, 'DUEÑO Y DIRECTOR COMERCIAL', NULL, NULL),
(44, 'MOISES', NULL, NULL, NULL, 'REGISTRO@ACPH.ORG', NULL, NULL, NULL),
(45, 'GUADALUPE', NULL, NULL, NULL, NULL, 'RESP CALIDAD', NULL, NULL),
(46, 'MIGUEL MORENO', 609289484, NULL, NULL, NULL, NULL, NULL, NULL),
(47, 'ANA', 651338637, NULL, NULL, NULL, NULL, NULL, NULL),
(48, 'MANUEL MORA MORALES', 699428427, NULL, NULL, 'MORAMORALES@YA.COM', 'ADMINISTRADOR', NULL, NULL),
(49, 'JORGE', 699428428, NULL, NULL, NULL, 'RESP AGRO', NULL, NULL),
(50, 'BLANCA ORTEGA', NULL, NULL, NULL, NULL, NULL, NULL, NULL),
(51, 'ELVIRA', NULL, NULL, NULL, NULL, 'CALIDAD', NULL, NULL),
(52, 'AGUSTIN', 620609849, NULL, NULL, NULL, NULL, NULL, NULL),
(53, 'CONCHA', NULL, NULL, NULL, NULL, 'GERENTE', NULL, NULL),
(54, 'MILAGROS', NULL, NULL, NULL, NULL, 'GERENTE', NULL, NULL),
(55, 'LAURA', NULL, NULL, NULL, NULL, 'CALIDAD', NULL, NULL),
(56, 'JOSE LUIS BANDA RUIZ', NULL, NULL, NULL, NULL, 'GERENTE', NULL, NULL),
(57, 'RAMON', NULL, NULL, NULL, NULL, NULL, NULL, NULL),
(58, 'ESTEFANIA', NULL, NULL, NULL, NULL, NULL, NULL, NULL),
(59, 'ROGELIO HERNANDEZ BOCANEGRA', NULL, NULL, NULL, NULL, 'DIRECTOR GERENTE', NULL, NULL),
(60, 'ISMAEL', NULL, NULL, NULL, NULL, NULL, NULL, NULL),
(61, 'ROSA', 0, NULL, NULL, NULL, NULL, NULL, NULL),
(62, 'PILAR', NULL, NULL, NULL, NULL, NULL, NULL, NULL),
(63, 'JUANMI', NULL, NULL, NULL, 'JUANMI@FRUTEMSA.COM', NULL, NULL, NULL),
(64, 'FLORENCIO EMBID', NULL, NULL, NULL, NULL, NULL, NULL, NULL),
(65, 'SR.ORTA', NULL, NULL, NULL, 'TECNICO@SATLAREDONDELA.ES', NULL, NULL, NULL),
(66, 'MARIA ANGELES', 662352176, NULL, NULL, 'FRUTASELVIEJO@HOTMAIL.COM', NULL, NULL, NULL),
(67, 'BEN MAES', NULL, NULL, NULL, NULL, NULL, NULL, NULL),
(68, 'FRANCIS', 696459641, NULL, NULL, 'FRANCISCO.GONZALEZ@MARIFRANCIS.COM', 'FRANCISCO.GONZALEZ@MARIFRANCIS.COM', NULL, NULL),
(69, 'RAFAEL SANCHEZ', 658528800, NULL, NULL, NULL, NULL, NULL, NULL),
(70, 'JUAN CONCEPCION', NULL, NULL, NULL, NULL, NULL, NULL, NULL),
(71, 'EMILIO MUÑOZ', 636956616, NULL, NULL, NULL, 'ADMINISTRADOR JUDICIAL', NULL, NULL),
(72, 'RAUL GARRIDO MORA', 678427959, NULL, NULL, NULL, NULL, NULL, NULL),
(73, 'BELEN', 959318407, NULL, NULL, NULL, 'MUJER DUEÑO', NULL, NULL),
(74, 'EUSEBIO ABREU', 615899206, NULL, NULL, 'EABREU@ASESURLEPE.ES', 'ADMON', NULL, NULL),
(75, 'MARIA CARMEN', NULL, NULL, NULL, NULL, NULL, NULL, NULL),
(76, 'LUIS JAVIER GERTRUDIX ALUSTIZA', 679477670, NULL, NULL, NULL, 'GERENTE', NULL, NULL),
(77, 'LUIS JAVIER GERTRUDIX ALUSTIZA', 679477670, NULL, NULL, NULL, 'PRESIDENTE', NULL, NULL),
(78, 'JOSE MANUEL SAUCI MARTINEZ', 639314168, NULL, NULL, NULL, NULL, NULL, NULL),
(79, 'LETICIA', NULL, NULL, NULL, NULL, 'JEFA DE SERVICIOS GENERALES', NULL, NULL),
(80, 'alberto ruiz', NULL, NULL, NULL, NULL, 'resp. administracion', NULL, NULL),
(81, 'alberto ruiz', NULL, NULL, NULL, NULL, 'resp. administracion', NULL, NULL),
(82, 'MANUEL RODRIGUEZ BARBOSA', 959392535, NULL, NULL, 'UTILCAMPO@UTILCAMPO.COM', 'COMPRAS', NULL, NULL),
(83, 'RODOLFO MEDINA', 610730373, NULL, NULL, NULL, NULL, NULL, NULL),
(84, 'ENRIQUE MEDINA', 610705017, NULL, NULL, NULL, NULL, NULL, NULL),
(85, 'JESUS ESTUDILLO', NULL, NULL, NULL, NULL, NULL, NULL, NULL),
(86, 'JUAN JOSE MARTIN', 670313397, NULL, NULL, NULL, NULL, NULL, NULL),
(87, 'jose gomez cano', 607864769, NULL, NULL, NULL, NULL, NULL, NULL),
(88, 'GOYI', NULL, NULL, NULL, NULL, 'DIRECTORA', NULL, NULL),
(89, 'LUIS MATITO', 680401747, NULL, NULL, NULL, 'CALIDAD Y CONTABILIDAD', NULL, NULL),
(90, 'FELIX RODRIGUEZ', NULL, NULL, NULL, NULL, NULL, NULL, NULL),
(91, 'ALEJANDRO BARCENA', NULL, NULL, NULL, NULL, 'GERENTE', NULL, NULL);

-- --------------------------------------------------------

--
-- Estructura de tabla para la tabla `facturas`
--

CREATE TABLE IF NOT EXISTS `facturas` (
  `id` int(10) unsigned NOT NULL AUTO_INCREMENT,
  `fecha_facturacion` int(11) NOT NULL,
  `fk_cliente` int(11) NOT NULL,
  `fk_venta` int(11) NOT NULL,
  `fk_estado_factura` int(11) NOT NULL,
  `base_imponible` float NOT NULL,
  `IVA` int(11) NOT NULL,
  `fecha_pago` int(11) NOT NULL,
  `cantidad_pagada` int(11) NOT NULL,
  `numero` int(10) unsigned NOT NULL,
  `year` int(10) unsigned NOT NULL,
  `numero_factura` varchar(45) NOT NULL,
  PRIMARY KEY (`id`)
) ENGINE=InnoDB  DEFAULT CHARSET=utf8 AUTO_INCREMENT=3 ;

--
-- Volcar la base de datos para la tabla `facturas`
--

INSERT INTO `facturas` (`id`, `fecha_facturacion`, `fk_cliente`, `fk_venta`, `fk_estado_factura`, `base_imponible`, `IVA`, `fecha_pago`, `cantidad_pagada`, `numero`, `year`, `numero_factura`) VALUES
(2, 1285711200, 1, 2, 2, 555.55, 18, 1285711200, 5, 1, 2010, '2010/1');

-- --------------------------------------------------------

--
-- Estructura de tabla para la tabla `facturas_estados`
--

CREATE TABLE IF NOT EXISTS `facturas_estados` (
  `id` int(11) NOT NULL AUTO_INCREMENT,
  `nombre` varchar(45) NOT NULL,
  PRIMARY KEY (`id`)
) ENGINE=InnoDB  DEFAULT CHARSET=utf8 AUTO_INCREMENT=4 ;

--
-- Volcar la base de datos para la tabla `facturas_estados`
--

INSERT INTO `facturas_estados` (`id`, `nombre`) VALUES
(1, 'Anulado'),
(2, 'Pagado'),
(3, 'Pendiente');

-- --------------------------------------------------------

--
-- Estructura de tabla para la tabla `formas_de_pago`
--

CREATE TABLE IF NOT EXISTS `formas_de_pago` (
  `id` int(11) NOT NULL AUTO_INCREMENT,
  `nombre` varchar(45) NOT NULL,
  PRIMARY KEY (`id`)
) ENGINE=InnoDB  DEFAULT CHARSET=utf8 AUTO_INCREMENT=2 ;

--
-- Volcar la base de datos para la tabla `formas_de_pago`
--

INSERT INTO `formas_de_pago` (`id`, `nombre`) VALUES
(1, 'pago1');

-- --------------------------------------------------------

--
-- Estructura de tabla para la tabla `grupos_empresas`
--

CREATE TABLE IF NOT EXISTS `grupos_empresas` (
  `id` int(11) NOT NULL AUTO_INCREMENT,
  `nombre` varchar(45) NOT NULL,
  PRIMARY KEY (`id`)
) ENGINE=InnoDB  DEFAULT CHARSET=utf8 AUTO_INCREMENT=6 ;

--
-- Volcar la base de datos para la tabla `grupos_empresas`
--

INSERT INTO `grupos_empresas` (`id`, `nombre`) VALUES
(1, 'Ninguno'),
(3, 'RIA'),
(4, 'Restauracion'),
(5, 'QUIMICA');

-- --------------------------------------------------------

--
-- Estructura de tabla para la tabla `ofertas`
--

CREATE TABLE IF NOT EXISTS `ofertas` (
  `codigo` varchar(10) DEFAULT NULL,
  `nombre_oferta` varchar(450) NOT NULL,
  `fk_usuario` varchar(15) NOT NULL,
  `fk_estado_oferta` int(11) DEFAULT NULL,
  `fk_tipo_producto` int(11) DEFAULT NULL,
  `fk_proveedor` varchar(45) DEFAULT NULL,
  `fk_cliente` int(11) NOT NULL,
  `fk_colaborador` int(11) DEFAULT NULL,
  `fecha` int(11) NOT NULL,
  `importe` float DEFAULT NULL,
  `probabilidad_contratacion` int(11) DEFAULT NULL,
  `fecha_definicion` int(11) DEFAULT NULL,
  `es_oportunidad_de_negocio` tinyint(1) DEFAULT '0',
  `aceptado` tinyint(1) DEFAULT '0',
  `id` int(11) NOT NULL AUTO_INCREMENT,
  `leida` int(1) NOT NULL DEFAULT '0',
  PRIMARY KEY (`id`)
) ENGINE=InnoDB  DEFAULT CHARSET=utf8 AUTO_INCREMENT=63 ;

--
-- Volcar la base de datos para la tabla `ofertas`
--

INSERT INTO `ofertas` (`codigo`, `nombre_oferta`, `fk_usuario`, `fk_estado_oferta`, `fk_tipo_producto`, `fk_proveedor`, `fk_cliente`, `fk_colaborador`, `fecha`, `importe`, `probabilidad_contratacion`, `fecha_definicion`, `es_oportunidad_de_negocio`, `aceptado`, `id`, `leida`) VALUES
('4/2010', 'qwd', 'esther.martin', 2, 1, '0', 1, 1, 1288911600, 234, 1, 1288911600, 0, 1, 4, 0),
('6/2010', 'wdcedsc', 'admin', 2, 3, '0', 1, 1, 1288911600, 500, 1, 1288911600, 0, 1, 6, 0),
('190/2010', 'ISO 22000', 'admin', 2, 14, '0', 255, 1, 1289862000, 5000, 2, 1290466800, 0, 1, 8, 0),
('191/2010', '22000+14', 'esther.martin', 2, 14, '0', 255, 1, 1289862000, 7200, 1, 1290553200, 0, 1, 9, 0),
('101/2011', 'MANTENIMIENTO', 'esther.martin', 2, 9, '0', 760, 1, 1297810800, 1620, 3, 1298588400, 0, 1, 10, 0),
('102/2011', 'REGISTRO SANITARIO', 'esther.martin', 2, 15, '0', 761, 1, 1297810800, 650, 2, 1300057200, 0, 1, 11, 0),
('103/2011', 'RIA', 'esther.martin', 2, 15, '0', 761, 1, 1297810800, 450, 2, 1300057200, 0, 1, 12, 0),
('104/2011', 'GLOBAL', 'esther.martin', 2, 14, '0', 761, 1, 1297810800, 4600, 2, 1300057200, 0, 1, 13, 0),
('105/2011', 'INTEGRADO 9+14', 'esther.martin', 2, 14, '0', 779, 1, 1297810800, 4650, 3, 1301436000, 0, 1, 14, 0),
('106/2011', 'GLOBAL GAP', 'esther.martin', 2, 14, '0', 762, 1, 1297119600, 5500, 3, 1300143600, 0, 1, 15, 0),
('107/2011', 'LOPD', 'esther.martin', 2, 3, '0', 780, 1, 1298242800, 480, 2, 1300143600, 0, 1, 16, 0),
('108/2011', 'MANTENIMIENTO', 'esther.martin', 2, 9, '0', 781, 1, 1298242800, 1400, 2, 1300143600, 0, 1, 17, 0),
('109/2011', 'IFS', 'esther.martin', 2, 14, '0', 774, 1, 1299106800, 4150, 2, 1299798000, 0, 1, 18, 0),
('110/2011', 'IFS+BRS', 'esther.martin', 2, 14, '0', 774, 1, 1299106800, 5500, 2, 1299798000, 0, 1, 19, 0),
('111/2011', 'GLOBAL GAP', 'esther.martin', 1, 14, '0', 784, 1, 1299106800, 4150, 2, 1299711600, 0, 0, 20, 0),
('112/2011', 'GLOBAL GAP', 'esther.martin', 1, 14, '0', 785, 1, 1299106800, 4850, 2, 1300834800, 0, 0, 21, 0),
('113/2011', 'RIA', 'esther.martin', 1, 11, '0', 785, 1, 1299106800, 450, 2, 1299711600, 0, 0, 22, 0),
('114/2011', 'RS', 'esther.martin', 1, 10, '0', 785, 1, 1299106800, 650, 2, 1299711600, 0, 0, 23, 0),
('115/2011', 'LOPD', 'esther.martin', 1, 3, '0', 786, 1, 1299106800, 680, 2, 1299625200, 0, 0, 24, 0),
('116/2011', 'IFS', 'esther.martin', 1, 14, '0', 764, 1, 1299711600, 4150, 3, 1300143600, 0, 0, 25, 0),
('117/2011', 'LOPD', 'esther.martin', 1, 3, '0', 788, 1, 1299970800, 475, 3, 1300143600, 0, 0, 26, 0),
('118/2011', 'GLOBAL GAP', 'esther.martin', 1, 14, '0', 788, 1, 1299970800, 4450, 3, 1300143600, 0, 0, 27, 0),
('119/2011', 'RIA', 'esther.martin', 1, 11, '0', 788, 1, 1299970800, 450, 3, 1300143600, 0, 0, 28, 0),
('120/2011', 'TRAZABILIDAD', 'esther.martin', 1, 15, '0', 788, 1, 1299970800, 725, 3, 1300143600, 0, 0, 29, 0),
('121/2011', '(158/10) Q', 'esther.martin', 1, 14, '0', 771, 1, 1296514800, 9860, 3, 1300402800, 0, 0, 30, 0),
('122/2011', '(178/10) SGI 9+14', 'esther.martin', 1, 14, '0', 261, 1, 1300057200, 5150, 2, 1300402800, 0, 0, 31, 0),
('123/2011', '179/10 LOPD', 'esther.martin', 1, 3, '0', 261, 1, 1296514800, 580, 2, 1300402800, 0, 0, 32, 0),
('124/2011', '(177/10) SGI 9+14', 'esther.martin', 1, 14, '0', 260, 1, 1296514800, 6200, 2, 1300402800, 0, 0, 33, 0),
('125/2011', '174/10 14001', 'esther.martin', 1, 14, '0', 759, 1, 1296514800, 3500, 3, 1300402800, 0, 0, 34, 0),
('126/2011', '171/10 SGI 22+14', 'esther.martin', 1, 14, '0', 259, 1, 1296514800, 6200, 2, 1300402800, 0, 0, 35, 0),
('127/2011', '172/10  SGI 9+14', 'esther.martin', 1, 14, '0', 259, 1, 1296514800, 5800, 2, 1300402800, 0, 0, 36, 0),
('128/2011', '125/10 22000', 'esther.martin', 1, 14, '0', 328, 1, 1296514800, 6350, 3, 1300230000, 0, 0, 37, 0),
('129/2011', '113/10 SGI 9+14', 'esther.martin', 1, 14, '0', 258, 1, 1296514800, 4750, 2, 1300662000, 0, 0, 38, 0),
('130/2011', '139/09.', 'esther.martin', 1, 14, '0', 790, 1, 1296514800, 2750, 3, 1301263200, 0, 0, 39, 0),
('131/2011', '151/10 SGI 9+14', 'esther.martin', 1, 14, '0', 791, 1, 1296514800, 5450, 2, 1300402800, 0, 0, 40, 0),
('132/2011', '132/10 9001', 'esther.martin', 1, 14, '0', 307, 1, 1296514800, 3850, 2, 1305669600, 0, 0, 41, 0),
('133/2011', '163/10 Q', 'esther.martin', 1, 14, '0', 792, 1, 1296514800, 4600, 2, 1300402800, 0, 0, 42, 0),
('134/2011', '181/10 SGI 9+14', 'esther.martin', 1, 14, '0', 793, 1, 1296514800, 4850, 3, 1300230000, 0, 0, 43, 0),
('ON1/2011', 'CURSO TACOGRAFO', 'esther.martin', 1, 1, '0', 253, 1, 1300230000, 0, 2, 1301522400, 1, 0, 44, 0),
('135/2011', 'SGI 9+14', 'esther.martin', 1, 14, '0', 797, 1, 1300230000, 0, 3, 1300748400, 0, 0, 45, 0),
('136/2011', 'CALIDAD MEDIOAMBIENTAL', 'esther.martin', 1, 14, '0', 798, 1, 1300230000, 0, 3, 1300748400, 0, 0, 46, 0),
('137/2011', 'LOPD', 'esther.martin', 1, 3, '0', 799, 1, 1300316400, 0, 2, 1300748400, 0, 0, 47, 0),
('138/2011', 'BRC', 'esther.martin', 1, 14, '0', 784, 1, 1300402800, 4300, 2, 1300662000, 0, 0, 48, 0),
('139/2011', 'LOPD', 'esther.martin', 1, 3, '0', 609, 1, 1300748400, 600, 3, 1301263200, 0, 0, 49, 0),
('140/2011', 'APPCC', 'esther.martin', 1, 15, '0', 609, 1, 1300748400, 0, 3, 1301263200, 0, 0, 50, 0),
('141/2011', 'TRAZABILIDAD', 'esther.martin', 1, 15, '0', 609, 1, 1300748400, 0, 2, 1301263200, 0, 0, 51, 0),
('142/2011', 'TRAZABILIDAD', 'esther.martin', 1, 15, '0', 806, 1, 1300748400, 850, 3, 1301007600, 0, 0, 52, 0),
('143/2011', 'APPCC', 'esther.martin', 1, 15, '0', 806, 1, 1300748400, 0, 3, 1301007600, 0, 0, 53, 0),
('144/2011', 'SGI 9+14', 'esther.martin', 1, 14, '0', 610, 1, 1300921200, 0, 3, 1301263200, 0, 0, 54, 0),
('145/2011', 'N producto', 'esther.martin', 1, 15, '0', 610, 1, 1300921200, 0, 3, 1301263200, 0, 0, 55, 0),
('146/2011', 'LOPD', 'esther.martin', 1, 3, '0', 811, 1, 1301007600, 650, 3, 1301007600, 0, 0, 56, 0),
('147/2011', 'LOPD', 'esther.martin', 1, 3, '0', 808, 1, 1301263200, 500, 3, 1301436000, 0, 0, 57, 0),
('148/2011', 'APPCC CON AUDITORIA', 'esther.martin', 1, 15, '0', 609, 1, 1301349600, 1220, 3, 1301436000, 0, 0, 58, 0),
('149/2011', 'wwwww', 'admin', 1, 9, '0', 9, 3, 1301522400, 555.5, 1, 1300921200, 0, 0, 59, 0),
('150/2011', 'wwwwwx', 'admin', 1, 10, '0', 9, 4, 1301522400, 555.5, 1, 1300921200, 0, 0, 60, 0),
('ON2/2011', 'dd', 'admin', 1, 1, '0', 9, 2, 1301522400, 22, 2, 1306447200, 1, 0, 61, 0),
('151/2011', 'formacion', 'admin', 1, 1, '0', 9, 1, 1301522400, 222, 1, 1307138400, 0, 0, 62, 0);

-- --------------------------------------------------------

--
-- Estructura de tabla para la tabla `ofertas_codigos_patch`
--

CREATE TABLE IF NOT EXISTS `ofertas_codigos_patch` (
  `id` int(11) NOT NULL AUTO_INCREMENT,
  `year` int(11) NOT NULL,
  `numero` int(11) NOT NULL,
  `de_oportunidad` tinyint(1) NOT NULL,
  PRIMARY KEY (`id`)
) ENGINE=InnoDB  DEFAULT CHARSET=utf8 AUTO_INCREMENT=65 ;

--
-- Volcar la base de datos para la tabla `ofertas_codigos_patch`
--

INSERT INTO `ofertas_codigos_patch` (`id`, `year`, `numero`, `de_oportunidad`) VALUES
(1, 2010, 1, 0),
(2, 2010, 2, 0),
(3, 2010, 3, 0),
(4, 2010, 4, 0),
(5, 2010, 5, 0),
(6, 2010, 6, 0),
(7, 2010, 7, 0),
(8, 2010, 189, 0),
(9, 2010, 190, 0),
(10, 2010, 191, 0),
(11, 2011, 100, 0),
(12, 2011, 101, 0),
(13, 2011, 102, 0),
(14, 2011, 103, 0),
(15, 2011, 104, 0),
(16, 2011, 105, 0),
(17, 2011, 106, 0),
(18, 2011, 107, 0),
(19, 2011, 108, 0),
(20, 2011, 109, 0),
(21, 2011, 110, 0),
(22, 2011, 111, 0),
(23, 2011, 112, 0),
(24, 2011, 113, 0),
(25, 2011, 114, 0),
(26, 2011, 115, 0),
(27, 2011, 116, 0),
(28, 2011, 117, 0),
(29, 2011, 118, 0),
(30, 2011, 119, 0),
(31, 2011, 120, 0),
(32, 2011, 121, 0),
(33, 2011, 122, 0),
(34, 2011, 123, 0),
(35, 2011, 124, 0),
(36, 2011, 125, 0),
(37, 2011, 126, 0),
(38, 2011, 127, 0),
(39, 2011, 128, 0),
(40, 2011, 129, 0),
(41, 2011, 130, 0),
(42, 2011, 131, 0),
(43, 2011, 132, 0),
(44, 2011, 133, 0),
(45, 2011, 134, 0),
(46, 2011, 1, 1),
(47, 2011, 135, 0),
(48, 2011, 136, 0),
(49, 2011, 137, 0),
(50, 2011, 138, 0),
(51, 2011, 139, 0),
(52, 2011, 140, 0),
(53, 2011, 141, 0),
(54, 2011, 142, 0),
(55, 2011, 143, 0),
(56, 2011, 144, 0),
(57, 2011, 145, 0),
(58, 2011, 146, 0),
(59, 2011, 147, 0),
(60, 2011, 148, 0),
(61, 2011, 149, 0),
(62, 2011, 150, 0),
(63, 2011, 2, 1),
(64, 2011, 151, 0);

-- --------------------------------------------------------

--
-- Estructura de tabla para la tabla `ofertas_estados`
--

CREATE TABLE IF NOT EXISTS `ofertas_estados` (
  `id` int(11) NOT NULL AUTO_INCREMENT,
  `nombre` varchar(45) NOT NULL,
  PRIMARY KEY (`id`)
) ENGINE=InnoDB  DEFAULT CHARSET=utf8 AUTO_INCREMENT=5 ;

--
-- Volcar la base de datos para la tabla `ofertas_estados`
--

INSERT INTO `ofertas_estados` (`id`, `nombre`) VALUES
(1, 'Pendiente'),
(2, 'Aceptado'),
(3, 'Anulado'),
(4, 'Rechazada');

-- --------------------------------------------------------

--
-- Estructura de tabla para la tabla `ofertas_probabilidades`
--

CREATE TABLE IF NOT EXISTS `ofertas_probabilidades` (
  `id` int(11) NOT NULL AUTO_INCREMENT,
  `nombre` varchar(45) NOT NULL,
  PRIMARY KEY (`id`)
) ENGINE=InnoDB  DEFAULT CHARSET=utf8 AUTO_INCREMENT=4 ;

--
-- Volcar la base de datos para la tabla `ofertas_probabilidades`
--

INSERT INTO `ofertas_probabilidades` (`id`, `nombre`) VALUES
(1, 'baja'),
(2, 'media'),
(3, 'alta');

-- --------------------------------------------------------

--
-- Estructura de tabla para la tabla `permisos_usuarios_perfiles`
--

CREATE TABLE IF NOT EXISTS `permisos_usuarios_perfiles` (
  `fk_perfil` int(11) NOT NULL,
  `fk_proceso` int(11) NOT NULL,
  `lectura` tinyint(1) NOT NULL DEFAULT '0',
  `escritura` tinyint(1) NOT NULL DEFAULT '0',
  `administracion` tinyint(1) NOT NULL DEFAULT '0',
  PRIMARY KEY (`fk_perfil`,`fk_proceso`)
) ENGINE=InnoDB DEFAULT CHARSET=utf8;

--
-- Volcar la base de datos para la tabla `permisos_usuarios_perfiles`
--

INSERT INTO `permisos_usuarios_perfiles` (`fk_perfil`, `fk_proceso`, `lectura`, `escritura`, `administracion`) VALUES
(1, 1, 1, 0, 0),
(1, 2, 0, 0, 0),
(1, 3, 1, 1, 0),
(1, 4, 0, 0, 0),
(2, 1, 1, 0, 0),
(2, 2, 0, 0, 0),
(2, 3, 1, 1, 0),
(2, 4, 0, 0, 0),
(3, 1, 1, 0, 0),
(3, 2, 0, 0, 0),
(3, 3, 1, 0, 0),
(3, 4, 1, 1, 0),
(4, 1, 1, 0, 0),
(4, 2, 1, 1, 0),
(4, 3, 1, 1, 1),
(4, 4, 1, 1, 1),
(5, 1, 1, 1, 1),
(5, 2, 1, 1, 1),
(5, 3, 1, 1, 1),
(5, 4, 1, 1, 1),
(6, 1, 1, 0, 0),
(6, 2, 0, 0, 0),
(6, 3, 1, 0, 0),
(6, 4, 1, 1, 1),
(7, 1, 1, 0, 0),
(7, 2, 0, 0, 0),
(7, 3, 1, 1, 1),
(7, 4, 1, 0, 0);

-- --------------------------------------------------------

--
-- Estructura de tabla para la tabla `plazos_estados`
--

CREATE TABLE IF NOT EXISTS `plazos_estados` (
  `id` int(11) NOT NULL AUTO_INCREMENT,
  `nombre` varchar(45) NOT NULL,
  PRIMARY KEY (`id`)
) ENGINE=InnoDB  DEFAULT CHARSET=utf8 AUTO_INCREMENT=3 ;

--
-- Volcar la base de datos para la tabla `plazos_estados`
--

INSERT INTO `plazos_estados` (`id`, `nombre`) VALUES
(1, 'Pendiente'),
(2, 'Aceptado');

-- --------------------------------------------------------

--
-- Estructura de tabla para la tabla `procesos`
--

CREATE TABLE IF NOT EXISTS `procesos` (
  `id` int(11) NOT NULL AUTO_INCREMENT,
  `nombre` varchar(170) NOT NULL,
  `descripcion` text,
  PRIMARY KEY (`id`)
) ENGINE=InnoDB  DEFAULT CHARSET=utf8 AUTO_INCREMENT=5 ;

--
-- Volcar la base de datos para la tabla `procesos`
--

INSERT INTO `procesos` (`id`, `nombre`, `descripcion`) VALUES
(1, 'Proceso genérico', 'Proceso por defecto'),
(2, 'Administración', 'Administración de la aplicación'),
(3, 'Gestión comercial', 'Gestión comercial'),
(4, 'Gestión técnica', 'Gestión técnica');

-- --------------------------------------------------------

--
-- Estructura de tabla para la tabla `productos`
--

CREATE TABLE IF NOT EXISTS `productos` (
  `id` int(11) NOT NULL AUTO_INCREMENT,
  `fk_tipo_producto` int(11) NOT NULL,
  `denominacion` text,
  PRIMARY KEY (`id`)
) ENGINE=InnoDB DEFAULT CHARSET=utf8 AUTO_INCREMENT=1 ;

--
-- Volcar la base de datos para la tabla `productos`
--


-- --------------------------------------------------------

--
-- Estructura de tabla para la tabla `productos_tipos`
--

CREATE TABLE IF NOT EXISTS `productos_tipos` (
  `id` int(11) NOT NULL AUTO_INCREMENT,
  `nombre` varchar(45) NOT NULL,
  PRIMARY KEY (`id`)
) ENGINE=InnoDB  DEFAULT CHARSET=utf8 AUTO_INCREMENT=17 ;

--
-- Volcar la base de datos para la tabla `productos_tipos`
--

INSERT INTO `productos_tipos` (`id`, `nombre`) VALUES
(1, 'PRO'),
(3, 'LOPD'),
(9, 'MANTENIMIENTO'),
(10, 'REGISTRO SANITARIO'),
(11, 'RIA'),
(14, 'SISTEMA DE GESTION'),
(15, 'OTROS');

-- --------------------------------------------------------

--
-- Estructura de tabla para la tabla `proveedores`
--

CREATE TABLE IF NOT EXISTS `proveedores` (
  `NIF` varchar(9) NOT NULL,
  `razon_social` varchar(100) DEFAULT NULL,
  `localidad` varchar(45) DEFAULT NULL,
  `CP` int(11) DEFAULT NULL,
  `web` varchar(450) DEFAULT NULL,
  `provincia` varchar(450) DEFAULT NULL,
  `domicilio` varchar(450) DEFAULT NULL,
  PRIMARY KEY (`NIF`)
) ENGINE=InnoDB DEFAULT CHARSET=utf8;

--
-- Volcar la base de datos para la tabla `proveedores`
--


-- --------------------------------------------------------

--
-- Estructura de tabla para la tabla `proveedores_rel_contactos`
--

CREATE TABLE IF NOT EXISTS `proveedores_rel_contactos` (
  `fk_proveedor` varchar(45) NOT NULL,
  `fk_contacto` int(11) NOT NULL,
  PRIMARY KEY (`fk_proveedor`,`fk_contacto`)
) ENGINE=InnoDB DEFAULT CHARSET=utf8;

--
-- Volcar la base de datos para la tabla `proveedores_rel_contactos`
--


-- --------------------------------------------------------

--
-- Estructura de tabla para la tabla `proyectos`
--

CREATE TABLE IF NOT EXISTS `proyectos` (
  `id` int(11) NOT NULL AUTO_INCREMENT,
  `nombre` varchar(500) NOT NULL,
  `fk_venta` int(11) DEFAULT NULL,
  `fk_cliente` int(11) NOT NULL,
  `fk_estado` int(3) NOT NULL,
  `horas_documentacion` int(11) DEFAULT NULL,
  `horas_auditoria_interna` int(11) DEFAULT NULL,
  `fecha_inicio` int(11) DEFAULT NULL,
  `fecha_fin` int(11) DEFAULT NULL,
  `observaciones` text,
  `fk_usuario` int(11) DEFAULT NULL,
  `es_plantilla` tinyint(1) NOT NULL DEFAULT '0',
  `importe` float DEFAULT '0',
  `cerrar` tinyint(1) NOT NULL DEFAULT '1',
  PRIMARY KEY (`id`)
) ENGINE=InnoDB  DEFAULT CHARSET=utf8 AUTO_INCREMENT=15 ;

--
-- Volcar la base de datos para la tabla `proyectos`
--

INSERT INTO `proyectos` (`id`, `nombre`, `fk_venta`, `fk_cliente`, `fk_estado`, `horas_documentacion`, `horas_auditoria_interna`, `fecha_inicio`, `fecha_fin`, `observaciones`, `fk_usuario`, `es_plantilla`, `importe`, `cerrar`) VALUES
(1, 'prueba', 3, 5, 1, 9, 9, 1301263200, 1301522400, '', 0, 1, 0, 1),
(2, 'zxc', 4, 5, 1, NULL, NULL, 1301094000, 1301522400, 'a inicio:', NULL, 0, 0, 1),
(3, 'ISO 22000', 5, 255, 1, NULL, NULL, 1300921200, 1301522400, NULL, NULL, 0, 0, 1),
(4, '22000+14', 6, 255, 1, NULL, NULL, 1299538800, 1301522400, NULL, NULL, 0, 0, 1),
(5, 'MANTENIMIENTO', 7, 760, 1, NULL, NULL, 1299538800, 1301522400, NULL, NULL, 0, 0, 1),
(6, 'REGISTRO SANITARIO', 8, 761, 1, NULL, NULL, 1300489200, 1301522400, NULL, NULL, 0, 0, 1),
(7, 'RIA', 9, 761, 1, NULL, NULL, 1301522400, 1301522400, NULL, NULL, 0, 0, 1),
(8, 'GLOBAL', 10, 761, 1, NULL, NULL, 1301522400, 1301522400, NULL, NULL, 0, 0, 1),
(9, 'INTEGRADO 9+14', 11, 779, 1, NULL, NULL, 1301522400, 1301522400, NULL, NULL, 0, 0, 1),
(10, 'GLOBAL GAP', 12, 762, 1, NULL, NULL, 1301522400, 1301522400, NULL, NULL, 0, 0, 1),
(11, 'LOPD', 13, 780, 1, NULL, NULL, 1301522400, 1301522400, NULL, NULL, 0, 0, 1),
(12, 'MANTENIMIENTO', 14, 781, 1, NULL, NULL, 1301522400, 1301522400, NULL, NULL, 0, 0, 1),
(13, 'IFS', 15, 774, 1, NULL, NULL, 1312063200, 1324076400, NULL, NULL, 0, 0, 1),
(14, 'IFS+BRS', 16, 774, 1, NULL, NULL, 1312063200, 1325286000, NULL, NULL, 0, 0, 1);

-- --------------------------------------------------------

--
-- Estructura de tabla para la tabla `proyectos_estados`
--

CREATE TABLE IF NOT EXISTS `proyectos_estados` (
  `id` int(3) NOT NULL AUTO_INCREMENT,
  `nombre` varchar(45) NOT NULL,
  PRIMARY KEY (`id`)
) ENGINE=InnoDB  DEFAULT CHARSET=utf8 AUTO_INCREMENT=7 ;

--
-- Volcar la base de datos para la tabla `proyectos_estados`
--

INSERT INTO `proyectos_estados` (`id`, `nombre`) VALUES
(1, 'Pendiente de definición'),
(2, 'Pendiente de asignación'),
(3, 'Pendiente de planificación'),
(4, 'En curso'),
(5, 'Fuera de plazo'),
(6, 'Cerrado');

-- --------------------------------------------------------

--
-- Estructura de tabla para la tabla `proyectos_rel_sedes`
--

CREATE TABLE IF NOT EXISTS `proyectos_rel_sedes` (
  `fk_proyecto` int(11) NOT NULL,
  `fk_sede` int(11) NOT NULL,
  `horas_desplazamiento` int(11) NOT NULL,
  `numero_visitas` int(11) NOT NULL,
  `horas_cada_visita` int(11) NOT NULL,
  `gastos_incurridos` float NOT NULL,
  PRIMARY KEY (`fk_proyecto`,`fk_sede`)
) ENGINE=InnoDB DEFAULT CHARSET=utf8;

--
-- Volcar la base de datos para la tabla `proyectos_rel_sedes`
--

INSERT INTO `proyectos_rel_sedes` (`fk_proyecto`, `fk_sede`, `horas_desplazamiento`, `numero_visitas`, `horas_cada_visita`, `gastos_incurridos`) VALUES
(1, 1, 5, 5, 4, 4);

-- --------------------------------------------------------

--
-- Estructura de tabla para la tabla `scripts`
--

CREATE TABLE IF NOT EXISTS `scripts` (
  `id` int(3) NOT NULL AUTO_INCREMENT,
  `ruta` varchar(250) COLLATE utf8_spanish_ci NOT NULL,
  `menu` varchar(25) COLLATE utf8_spanish_ci NOT NULL DEFAULT 'inicio',
  `descripcion` varchar(250) COLLATE utf8_spanish_ci NOT NULL,
  `fk_proceso` int(11) NOT NULL,
  PRIMARY KEY (`id`),
  KEY `ruta` (`ruta`),
  KEY `menu` (`menu`)
) ENGINE=InnoDB  DEFAULT CHARSET=utf8 COLLATE=utf8_spanish_ci ROW_FORMAT=DYNAMIC AUTO_INCREMENT=61 ;

--
-- Volcar la base de datos para la tabla `scripts`
--

INSERT INTO `scripts` (`id`, `ruta`, `menu`, `descripcion`, `fk_proceso`) VALUES
(1, '/index.php', 'inicio', '', 1),
(3, '/Autentificacion/Logout.php', 'inicio', '', 1),
(4, '/Usuarios/infoUsuario.php', 'inicio', '', 1),
(5, '/Usuarios/AtajosUsuario.php', 'inicio', '', 1),
(6, '/Clientes/searchClientes.php', 'clientes', '', 1),
(8, '/Usuario/controlTareas.php', 'inicio', '', 1),
(9, '/Clientes/addCliente.php', 'inicio', '', 3),
(10, '/Clientes/showCliente.php', 'inicio', '', 1),
(11, '/Clientes/editCliente.php', 'inicio', '', 3),
(12, '/Clientes/busquedaHistorial.php', 'inicio', '', 1),
(13, '/Clientes/editContactos.php', 'inicio', '', 3),
(14, '/Clientes/addClientes.php', 'inicio', '', 3),
(15, '/Clientes/addGestores.php', 'inicio', '', 3),
(16, '/Llamadas/incidenciasCliente.php', 'inicio', '', 1),
(17, '/Clientes/addAccion.php', 'inicio', '', 3),
(18, '/Clientes/addOferta.php', 'inicio', '', 3),
(19, '/Clientes/showOferta.php', 'inicio', '', 1),
(20, '/Clientes/showAccion.php', 'inicio', '', 1),
(21, '/Ofertas/searchOfertas.php', 'inicio', '', 1),
(22, '/Ventas/searchVentas.php', 'inicio', '', 1),
(23, '/Acciones/searchAcciones.php', 'inicio', '', 1),
(24, '/Acciones/reportsAcciones.php', 'inicio', '', 3),
(25, '/Ofertas/reportsOfertas.php', 'inicio', '', 3),
(26, '/Colaboradores/searchColaboradores.php', 'inicio', '', 2),
(27, '/Colaboradores/addColaborador.php', 'inicio', '', 2),
(28, '/Proveedores/searchProveedores.php', 'inicio', '', 1),
(29, '/Proveedores/addProveedor.php', 'inicio', '', 2),
(30, '/Administracion/gestionUsuarios.php', 'inicio', '', 2),
(31, '/Administracion/gestionGrupos.php', 'inicio', '', 2),
(32, '/Administracion/gestionTiposProducto.php', 'inicio', '', 2),
(33, '/Administracion/gestionTiposAccion.php', 'inicio', '', 2),
(34, '/Administracion/gestionTiposFormasDePago.php', 'inicio', '', 2),
(35, '/Administracion/gestionTiposComision.php', 'inicio', '', 2),
(36, '/Facturas/searchFacturas.php', 'inicio', '', 3),
(37, '/Colaboradores/editColaborador.php', 'inicio', '', 2),
(38, '/Ofertas/addOferta.php', 'inicio', '', 3),
(39, '/Ofertas/showOferta.php', 'inicio', '', 1),
(40, '/Ventas/addVenta.php', 'inicio', '', 3),
(41, '/Ventas/showVenta.php', 'inicio', '', 1),
(42, '/Ofertas/editOferta.php', 'inicio', '', 3),
(43, '/Clientes/exportAll.php', 'inicio', '', 1),
(44, '/Facturas/addFactura.php', 'inicio', '', 3),
(45, '/Facturas/showFactura.php', 'inicio', '', 3),
(46, '/Facturas/editFactura.php', 'inicio', '', 3),
(47, '/Facturas/imprimirFacturaPDF.php', 'inicio', '', 3),
(48, '/Proyectos/searchProyectos.php', 'inicio', '', 4),
(49, '/Administracion/miEmpresa.php', 'inicio', '', 2),
(50, '/Proyectos/showProyecto.php', 'inicio', '', 4),
(51, '/Proyectos/editProyecto.php', 'inicio', '', 4),
(52, '/Tareas/addTarea.php', 'inicio', '', 4),
(53, '/Proyectos/definirProyecto.php', 'inicio', '', 4),
(54, '/Proyectos/addProyecto.php', 'inicio', '', 4),
(55, '/Acciones/addAccion.php', 'inicio', '', 3),
(56, '/Ventas/reportsVentas.php', 'inicio', '', 3),
(57, '/Administracion/editUsuario.php', 'inicio', '', 2),
(58, '/Planificacion/', 'inicio', '', 4),
(59, '/Planificacion/index.php', 'inicio', '', 4),
(60, '/Clientes/rel_Sedes_Contactos.php', 'inicio', '', 3);

-- --------------------------------------------------------

--
-- Estructura de tabla para la tabla `tareas_tecnicas`
--

CREATE TABLE IF NOT EXISTS `tareas_tecnicas` (
  `id` int(11) NOT NULL AUTO_INCREMENT,
  `fk_proyecto` int(11) NOT NULL,
  `fk_sede` int(11) NOT NULL,
  `fk_tipo` int(3) NOT NULL,
  `fecha` int(11) NOT NULL,
  `horas_desplazamiento` int(11) DEFAULT NULL,
  `horas_visita` int(11) DEFAULT NULL,
  `horas_despacho` int(11) DEFAULT NULL,
  `horas_auditoria_interna` int(11) DEFAULT NULL,
  `observaciones` text,
  `fk_usuario` int(11) DEFAULT NULL,
  `incentivable` tinyint(1) NOT NULL DEFAULT '0',
  `importe` float DEFAULT '0',
  PRIMARY KEY (`id`)
) ENGINE=InnoDB DEFAULT CHARSET=utf8 AUTO_INCREMENT=1 ;

--
-- Volcar la base de datos para la tabla `tareas_tecnicas`
--


-- --------------------------------------------------------

--
-- Estructura de tabla para la tabla `tareas_tecnicas_tipos`
--

CREATE TABLE IF NOT EXISTS `tareas_tecnicas_tipos` (
  `id` int(3) NOT NULL AUTO_INCREMENT,
  `nombre` varchar(45) NOT NULL,
  PRIMARY KEY (`id`)
) ENGINE=InnoDB  DEFAULT CHARSET=utf8 AUTO_INCREMENT=3 ;

--
-- Volcar la base de datos para la tabla `tareas_tecnicas_tipos`
--

INSERT INTO `tareas_tecnicas_tipos` (`id`, `nombre`) VALUES
(1, 'Visita'),
(2, 'Horas documentación');

-- --------------------------------------------------------

--
-- Estructura de tabla para la tabla `tipos_comision`
--

CREATE TABLE IF NOT EXISTS `tipos_comision` (
  `id` int(10) unsigned NOT NULL AUTO_INCREMENT,
  `nombre` varchar(45) NOT NULL,
  PRIMARY KEY (`id`)
) ENGINE=InnoDB  DEFAULT CHARSET=latin1 AUTO_INCREMENT=15 ;

--
-- Volcar la base de datos para la tabla `tipos_comision`
--

INSERT INTO `tipos_comision` (`id`, `nombre`) VALUES
(9, 'Consultoría objetivable'),
(10, 'Consultoría NO objetivable'),
(11, 'Formación objetivable'),
(12, 'Formació NO objetivable'),
(13, 'LOPD'),
(14, 'Otras');

-- --------------------------------------------------------

--
-- Estructura de tabla para la tabla `usuarios`
--

CREATE TABLE IF NOT EXISTS `usuarios` (
  `id` varchar(15) NOT NULL,
  `nombre` varchar(45) DEFAULT NULL,
  `password` varchar(450) DEFAULT NULL,
  `fk_perfil` int(11) DEFAULT NULL,
  `apellidos` varchar(100) DEFAULT NULL,
  `email` varchar(450) DEFAULT NULL,
  PRIMARY KEY (`id`)
) ENGINE=InnoDB DEFAULT CHARSET=utf8;

--
-- Volcar la base de datos para la tabla `usuarios`
--

INSERT INTO `usuarios` (`id`, `nombre`, `password`, `fk_perfil`, `apellidos`, `email`) VALUES
('admin', 'admin', 'admin', 5, 'admin', 'doros@doros.es'),
('alvaro.giles', 'Álvaro', 'agiles', 4, 'Giles', 'alvaro.giles@doros.es'),
('esther.martin', 'Esther', 'emartin', 1, 'Martin', 'esther.martin@doros.es'),
('jose.sanchez', 'José', 'jsanchez', 4, 'Sánchez', 'jose.sanchez@doros.es');

-- --------------------------------------------------------

--
-- Estructura de tabla para la tabla `usuarios_departamentos`
--

CREATE TABLE IF NOT EXISTS `usuarios_departamentos` (
  `id` int(11) NOT NULL AUTO_INCREMENT,
  `nombre` varchar(45) DEFAULT NULL,
  PRIMARY KEY (`id`)
) ENGINE=InnoDB  DEFAULT CHARSET=utf8 AUTO_INCREMENT=5 ;

--
-- Volcar la base de datos para la tabla `usuarios_departamentos`
--

INSERT INTO `usuarios_departamentos` (`id`, `nombre`) VALUES
(1, 'Comercial'),
(2, 'Técnico'),
(3, 'Gestión'),
(4, 'Administración');

-- --------------------------------------------------------

--
-- Estructura de tabla para la tabla `usuarios_departamentos_rel_objetivos_mensuales`
--

CREATE TABLE IF NOT EXISTS `usuarios_departamentos_rel_objetivos_mensuales` (
  `fk_departamento` int(11) NOT NULL,
  `fk_objetivo` int(10) NOT NULL,
  `comision` float NOT NULL,
  PRIMARY KEY (`fk_departamento`,`fk_objetivo`)
) ENGINE=InnoDB DEFAULT CHARSET=utf8;

--
-- Volcar la base de datos para la tabla `usuarios_departamentos_rel_objetivos_mensuales`
--


-- --------------------------------------------------------

--
-- Estructura de tabla para la tabla `usuarios_departamentos_rel_penalizaciones`
--

CREATE TABLE IF NOT EXISTS `usuarios_departamentos_rel_penalizaciones` (
  `fk_departamento` int(11) NOT NULL,
  `fk_penalizacion` int(10) NOT NULL,
  `penalizacion` float NOT NULL,
  PRIMARY KEY (`fk_departamento`,`fk_penalizacion`)
) ENGINE=InnoDB DEFAULT CHARSET=utf8;

--
-- Volcar la base de datos para la tabla `usuarios_departamentos_rel_penalizaciones`
--


-- --------------------------------------------------------

--
-- Estructura de tabla para la tabla `usuarios_departamentos_rel_tipos_comision`
--

CREATE TABLE IF NOT EXISTS `usuarios_departamentos_rel_tipos_comision` (
  `fk_departamento` int(11) NOT NULL,
  `fk_tipo_comision` int(11) NOT NULL,
  `comision` float NOT NULL,
  PRIMARY KEY (`fk_departamento`,`fk_tipo_comision`)
) ENGINE=InnoDB DEFAULT CHARSET=utf8;

--
-- Volcar la base de datos para la tabla `usuarios_departamentos_rel_tipos_comision`
--


-- --------------------------------------------------------

--
-- Estructura de tabla para la tabla `usuarios_objetivos_mensuales`
--

CREATE TABLE IF NOT EXISTS `usuarios_objetivos_mensuales` (
  `id` int(11) NOT NULL AUTO_INCREMENT,
  `mes` varchar(45) NOT NULL,
  PRIMARY KEY (`id`)
) ENGINE=InnoDB  DEFAULT CHARSET=utf8 AUTO_INCREMENT=13 ;

--
-- Volcar la base de datos para la tabla `usuarios_objetivos_mensuales`
--

INSERT INTO `usuarios_objetivos_mensuales` (`id`, `mes`) VALUES
(1, 'Enero'),
(2, 'Febrero'),
(3, 'Marzo'),
(4, 'Abril'),
(5, 'Mayo'),
(6, 'Junio'),
(7, 'Julio'),
(8, 'Agosto'),
(9, 'Septiembre'),
(10, 'Octubre'),
(11, 'Noviembre'),
(12, 'Diciembre');

-- --------------------------------------------------------

--
-- Estructura de tabla para la tabla `usuarios_penalizaciones`
--

CREATE TABLE IF NOT EXISTS `usuarios_penalizaciones` (
  `id` int(11) NOT NULL AUTO_INCREMENT,
  `nombre` varchar(45) NOT NULL,
  PRIMARY KEY (`id`)
) ENGINE=InnoDB  DEFAULT CHARSET=utf8 AUTO_INCREMENT=7 ;

--
-- Volcar la base de datos para la tabla `usuarios_penalizaciones`
--

INSERT INTO `usuarios_penalizaciones` (`id`, `nombre`) VALUES
(1, 'Menos del 50%'),
(2, '51%-75%'),
(3, '76%-100%'),
(4, '101%-120%'),
(5, '121%-150%'),
(6, 'Más del 150%');

-- --------------------------------------------------------

--
-- Estructura de tabla para la tabla `usuarios_perfiles`
--

CREATE TABLE IF NOT EXISTS `usuarios_perfiles` (
  `id` int(11) NOT NULL AUTO_INCREMENT,
  `nombre` varchar(45) NOT NULL,
  `es_director_departamento` tinyint(1) NOT NULL DEFAULT '0',
  `fk_departamento` int(11) NOT NULL,
  PRIMARY KEY (`id`)
) ENGINE=InnoDB  DEFAULT CHARSET=utf8 AUTO_INCREMENT=8 ;

--
-- Volcar la base de datos para la tabla `usuarios_perfiles`
--

INSERT INTO `usuarios_perfiles` (`id`, `nombre`, `es_director_departamento`, `fk_departamento`) VALUES
(1, 'Comercial', 0, 1),
(2, 'Televendedor', 0, 1),
(3, 'Técnico', 0, 2),
(4, 'Gerente', 0, 3),
(5, 'Administrador', 0, 4),
(6, 'Director Técnico', 1, 2),
(7, 'Director Comercial', 1, 1);

-- --------------------------------------------------------

--
-- Estructura de tabla para la tabla `usuarios_rel_atajos`
--

CREATE TABLE IF NOT EXISTS `usuarios_rel_atajos` (
  `fk_usuario` varchar(15) COLLATE utf8_spanish_ci NOT NULL,
  `fk_atajo` int(5) NOT NULL,
  PRIMARY KEY (`fk_usuario`,`fk_atajo`)
) ENGINE=InnoDB DEFAULT CHARSET=utf8 COLLATE=utf8_spanish_ci;

--
-- Volcar la base de datos para la tabla `usuarios_rel_atajos`
--


-- --------------------------------------------------------

--
-- Estructura de tabla para la tabla `usuarios_rel_objetivos_mensuales`
--

CREATE TABLE IF NOT EXISTS `usuarios_rel_objetivos_mensuales` (
  `fk_usuario` varchar(15) NOT NULL,
  `fk_objetivo` int(10) NOT NULL,
  `comision` float NOT NULL,
  PRIMARY KEY (`fk_usuario`,`fk_objetivo`)
) ENGINE=InnoDB DEFAULT CHARSET=utf8;

--
-- Volcar la base de datos para la tabla `usuarios_rel_objetivos_mensuales`
--

INSERT INTO `usuarios_rel_objetivos_mensuales` (`fk_usuario`, `fk_objetivo`, `comision`) VALUES
('admin', 1, 12),
('admin', 2, 42),
('admin', 3, 5),
('admin', 4, 42),
('admin', 5, 51),
('admin', 6, 4),
('admin', 7, 58),
('admin', 8, 46),
('admin', 9, 58),
('admin', 10, 366),
('admin', 11, 5),
('admin', 12, 12),
('esther.martin', 1, 1),
('esther.martin', 2, 2),
('esther.martin', 3, 3),
('esther.martin', 4, 4),
('esther.martin', 5, 5),
('esther.martin', 6, 6),
('esther.martin', 7, 7),
('esther.martin', 8, 8),
('esther.martin', 9, 9),
('esther.martin', 10, 10),
('esther.martin', 11, 11),
('esther.martin', 12, 12);

-- --------------------------------------------------------

--
-- Estructura de tabla para la tabla `usuarios_rel_penalizaciones`
--

CREATE TABLE IF NOT EXISTS `usuarios_rel_penalizaciones` (
  `fk_usuario` varchar(15) NOT NULL,
  `fk_penalizacion` int(10) NOT NULL,
  `penalizacion` float NOT NULL,
  PRIMARY KEY (`fk_usuario`,`fk_penalizacion`)
) ENGINE=InnoDB DEFAULT CHARSET=utf8;

--
-- Volcar la base de datos para la tabla `usuarios_rel_penalizaciones`
--

INSERT INTO `usuarios_rel_penalizaciones` (`fk_usuario`, `fk_penalizacion`, `penalizacion`) VALUES
('admin', 1, 45),
('admin', 2, 5),
('admin', 3, 65),
('admin', 4, 6),
('admin', 5, 5),
('admin', 6, 44),
('esther.martin', 1, 49),
('esther.martin', 2, 51),
('esther.martin', 3, 76),
('esther.martin', 4, 101),
('esther.martin', 5, 121),
('esther.martin', 6, 151);

-- --------------------------------------------------------

--
-- Estructura de tabla para la tabla `usuarios_rel_tipos_comision`
--

CREATE TABLE IF NOT EXISTS `usuarios_rel_tipos_comision` (
  `fk_usuario` varchar(15) NOT NULL,
  `fk_tipo_comision` int(10) NOT NULL,
  `comision` float NOT NULL,
  PRIMARY KEY (`fk_usuario`,`fk_tipo_comision`)
) ENGINE=InnoDB DEFAULT CHARSET=utf8;

--
-- Volcar la base de datos para la tabla `usuarios_rel_tipos_comision`
--

INSERT INTO `usuarios_rel_tipos_comision` (`fk_usuario`, `fk_tipo_comision`, `comision`) VALUES
('admin', 9, 23),
('admin', 10, 1),
('admin', 11, 2),
('admin', 12, 23),
('admin', 13, 2),
('admin', 14, 11),
('esther.martin', 9, 9),
('esther.martin', 10, 10),
('esther.martin', 11, 11),
('esther.martin', 12, 12),
('esther.martin', 13, 13),
('esther.martin', 14, 14);

-- --------------------------------------------------------

--
-- Estructura de tabla para la tabla `ventas`
--

CREATE TABLE IF NOT EXISTS `ventas` (
  `id` int(11) NOT NULL AUTO_INCREMENT,
  `fk_oferta` int(11) NOT NULL,
  `nombre` varchar(100) NOT NULL,
  `fecha_aceptado` int(11) DEFAULT NULL,
  `fecha_asignacion_tecnico` int(11) NOT NULL,
  `formacion_bonificada` tinyint(1) DEFAULT NULL,
  `fecha_entrada_vigor` int(11) DEFAULT NULL,
  `fecha_toma_contacto` int(11) NOT NULL DEFAULT '0',
  `fecha_inicio` int(11) NOT NULL DEFAULT '0',
  `fecha_estimada_formacion` int(11) NOT NULL DEFAULT '0',
  `fecha_pago_inicial` int(11) NOT NULL DEFAULT '0',
  `fk_forma_pago` int(11) NOT NULL,
  `fk_tipo_comision` int(11) NOT NULL,
  `forcem` longtext,
  `plazo_ejecucion` longtext,
  `cuenta_cargo` varchar(23) DEFAULT NULL,
  `observaciones_forma_pago` longtext,
  `nombre_certificadora` varchar(500) DEFAULT NULL,
  `otros_proyectos` longtext,
  `observaciones` longtext,
  `precio_consultoria` float NOT NULL DEFAULT '0',
  `precio_formacion` float NOT NULL DEFAULT '0',
  `pago_inicial` float NOT NULL DEFAULT '0',
  `pago_mensual` float NOT NULL DEFAULT '0',
  `numero_pagos_mensuales` int(3) NOT NULL DEFAULT '0',
  `subvenciones` tinyint(1) NOT NULL DEFAULT '0',
  `certificacion` tinyint(1) NOT NULL DEFAULT '0',
  `presupuesto_aceptado_certificadora` tinyint(1) NOT NULL DEFAULT '0',
  PRIMARY KEY (`id`)
) ENGINE=InnoDB  DEFAULT CHARSET=utf8 AUTO_INCREMENT=17 ;

--
-- Volcar la base de datos para la tabla `ventas`
--

INSERT INTO `ventas` (`id`, `fk_oferta`, `nombre`, `fecha_aceptado`, `fecha_asignacion_tecnico`, `formacion_bonificada`, `fecha_entrada_vigor`, `fecha_toma_contacto`, `fecha_inicio`, `fecha_estimada_formacion`, `fecha_pago_inicial`, `fk_forma_pago`, `fk_tipo_comision`, `forcem`, `plazo_ejecucion`, `cuenta_cargo`, `observaciones_forma_pago`, `nombre_certificadora`, `otros_proyectos`, `observaciones`, `precio_consultoria`, `precio_formacion`, `pago_inicial`, `pago_mensual`, `numero_pagos_mensuales`, `subvenciones`, `certificacion`, `presupuesto_aceptado_certificadora`) VALUES
(1, 4, 'Diego', 1284559708, 1284501600, 0, 1284501600, 0, 0, 0, 0, 1, 1, NULL, NULL, NULL, NULL, NULL, NULL, NULL, 0, 0, 0, 0, 0, 0, 0, 0),
(2, 6, 'asdasdas', 1285751692, 1285711200, 0, 1285711200, 0, 0, 0, 0, 1, 1, NULL, NULL, NULL, NULL, NULL, NULL, NULL, 0, 0, 0, 0, 0, 0, 0, 0),
(5, 8, 'ISO 22000', 1301573833, 1301522400, 0, 1301522400, 1299625200, 1300921200, 1301522400, 1301522400, 1, 9, '', '', '', '', '', '', '', 0, 0, 0, 0, 0, 0, 0, 0),
(6, 9, '22000+14', 1301573901, 1301522400, 1, 1301522400, 1298934000, 1299538800, 1301522400, 1301522400, 1, 12, 'd gdfgdfg dsf', 'Fecha de pago inicial* 	Calendar\r\nFORCEM', '1234-1234-12-1234567890', 'Fecha de pago inicial* 	Calendar\r\nFORCEM', 'dddddddd', 'Fecha de pago inicial* 	Calendar\r\nFORCEM', '', 777, 555, 1, 12, 2, 1, 1, 0),
(7, 10, 'MANTENIMIENTO', 1301573926, 1301522400, 0, 1301522400, 1298934000, 1299538800, 1301522400, 1301522400, 1, 10, '', '', '', '', '', '', '', 0, 0, 0, 0, 0, 0, 0, 0),
(8, 11, 'REGISTRO SANITARIO', 1301573943, 1301522400, 0, 1301522400, 1300230000, 1300489200, 1301522400, 1301522400, 1, 13, '', '', '', 'Fecha de pago inicial* 	Calendar\r\nFORCEM', '', '', '', 0, 0, 0, 0, 0, 0, 0, 0),
(9, 12, 'RIA', 1301573977, 1301522400, 0, 1301522400, 1301522400, 1301522400, 1301522400, 1301522400, 1, 9, '', '', '', '', '', '', '', 0, 0, 0, 0, 0, 0, 0, 0),
(10, 13, 'GLOBAL', 1301573990, 1301522400, 0, 1301522400, 1301522400, 1301522400, 1301522400, 1301522400, 1, 9, '31/03/201131/03/201131/03/201131/03/201131/03/201131/03/201131/03/201131/03/201131/03/2011', '', '', '31/03/2011', '', '', '', 0, 0, 0, 222, 0, 0, 0, 0),
(11, 14, 'INTEGRADO 9+14', 1301573998, 1301522400, 0, 1301522400, 1301522400, 1301522400, 1301522400, 1301522400, 1, 9, '', '', '', '', '', '', '', 0, 0, 0, 0, 0, 0, 0, 0),
(12, 15, 'GLOBAL GAP', 1301574013, 1301522400, 0, 1301522400, 1301522400, 1301522400, 1301522400, 1301522400, 1, 10, '31/03/201131/03/201131/03/2011', '31/03/201131/03/201131/03/201131/03/201131/03/2011', '', '31/03/201131/03/201131/03/201131/03/201131/03/2011', '', '', '', 0, 0, 0, 0, 5, 0, 1, 0),
(13, 16, 'LOPD', 1301574032, 1301522400, 0, 1301522400, 1301522400, 1301522400, 1301522400, 1301522400, 1, 14, '', 'sadfsdf31/03/2011', '', '', '', '', '', 0, 0, 0, 0, 0, 0, 0, 0),
(14, 17, 'MANTENIMIENTO', 1301574050, 1301522400, 0, 1301522400, 1312063200, 1301522400, 1301522400, 1301522400, 1, 11, '', '', '', '', '', '', '', 0, 0, 0, 0, 0, 0, 0, 0),
(15, 18, 'IFS', 1301574134, 1301522400, 0, 1301522400, 1312063200, 1312063200, 1324076400, 1301522400, 1, 9, '', '', '', '', '', '', '', 0, 0, 0, 0, 0, 0, 0, 0),
(16, 19, 'IFS+BRS', 1301574158, 1301522400, 0, 1301522400, 1312063200, 1312063200, 1325286000, 1301522400, 1, 9, '', '', '', '', '', '', '', 0, 0, 0, 0, 0, 0, 0, 0);

-- --------------------------------------------------------

--
-- Estructura de tabla para la tabla `ventas_plazos`
--

CREATE TABLE IF NOT EXISTS `ventas_plazos` (
  `id` int(11) NOT NULL AUTO_INCREMENT,
  `fecha` int(11) NOT NULL,
  `fk_venta` int(11) NOT NULL,
  `fk_estado` int(11) NOT NULL,
  PRIMARY KEY (`id`)
) ENGINE=InnoDB  DEFAULT CHARSET=utf8 AUTO_INCREMENT=2 ;

--
-- Volcar la base de datos para la tabla `ventas_plazos`
--

INSERT INTO `ventas_plazos` (`id`, `fecha`, `fk_venta`, `fk_estado`) VALUES
(1, 1284501600, 2, 1);

-- --------------------------------------------------------

--
-- Estructura de tabla para la tabla `visitas`
--

CREATE TABLE IF NOT EXISTS `visitas` (
  `id` int(11) NOT NULL AUTO_INCREMENT,
  `fk_proyecto` int(11) NOT NULL,
  `fecha` int(11) NOT NULL,
  `hora` varchar(5) NOT NULL,
  `fk_usuario` varchar(15) DEFAULT NULL,
  PRIMARY KEY (`id`)
) ENGINE=InnoDB DEFAULT CHARSET=utf8 AUTO_INCREMENT=1 ;

--
-- Volcar la base de datos para la tabla `visitas`
--

