/*!40000 ALTER TABLE `grupos_empresas` DISABLE KEYS */;
INSERT INTO `grupos_empresas` (`id`,`nombre`) VALUES 
 (2,'MP Corporación'),
 (3,'Abengoa'),
 (4,'Cartuja 93'),
 (5,'Pol. Ind. PISA'),
 (7,'Gestoria/Asesoria'),
 (9,'Gasolinera'),
 (10,'Asociación Empresas'),
 (11,'Autonomo'),
 (12,'Bogaris Industrial'),
 (13,'Pol. Ind. AEROPOLIS'),
 (16,'Pol. Ind. EL CAÑAMO I'),
 (17,'CONSTRUCCION'),
 (18,'ASEDES'),
 (19,'Pol. Ind. El Pino'),
 (21,'Parque Empresarial Torneo'),
 (22,'Laboratorios de Análisis');
/*!40000 ALTER TABLE `grupos_empresas` ENABLE KEYS */;


/*!40000 ALTER TABLE `ofertas` DISABLE KEYS */;
INSERT INTO `ofertas` (`codigo`,`nombre_oferta`,`fk_usuario`,`fk_estado_oferta`,`fk_tipo_producto`,`fk_proveedor`,`fk_cliente`,`fk_colaborador`,`fecha`,`importe`,`probabilidad_contratacion`,`fecha_definicion`,`es_oportunidad_de_negocio`,`aceptado`,`id`) VALUES 
 ('130/2010','VIGILANCIA SALUD','jarjona',2,1,'B33921560',7447,1,1269212400,1000,1,1269813600,0,0,1),
 ('ON1/2010','MASTER','psegovia',1,1,'0',5555,1,1269212400,1495,2,1269558000,1,0,2),
 ('131/2010','SPA','jarjona',1,2,'0',7333,1,1269212400,463,1,1274047200,0,0,3),
 ('132/2010','SPA','jarjona',4,2,'B33921560',7409,1,1269298800,784,1,1273442400,0,0,4),
 ('133/2010','SPA','jarjona',4,2,'B33921560',7268,1,1269298800,605,1,1271023200,0,0,5),
 ('134/2010','SPA','jarjona',4,2,'B33921560',7315,1,1269298800,274,1,1269986400,0,0,6),
 ('135/2010','SPA','jarjona',4,1,'B33921560',7313,1,1269298800,463,1,1300834800,0,0,7),
 ('136/2010','SPA','jarjona',1,2,'0',7346,1,1269298800,236,1,1271973600,0,0,8),
 ('ON2/2010','Curso Basico PRL presencial','jsanchez',2,1,'0',8525,1,1269385200,216,3,1269385200,1,0,9),
 ('ON3/2010','Curso Basico PRL presencial','jsanchez',2,1,'0',8525,1,1269385200,216,3,1269471600,1,0,10),
 ('ON4/2010','Curso Basico PRL presencial','jsanchez',2,1,'0',8525,1,1269385200,216,3,1269471600,1,0,11),
 ('137/2010','SPA','jarjona',4,2,'B33921560',7615,1,1269385200,520,1,1269385200,0,0,12),
 ('138/2010','SPA','jarjona',4,1,'B33921560',7659,1,1269385200,331,1,1294009200,0,0,13),
 ('139/2010','SPA','jarjona',1,2,'0',7634,1,1269385200,294,1,1299538800,0,0,14),
 ('140/2010','SPA','jmorales',1,2,'0',8310,1,1269558000,340,2,1285884000,0,0,15),
 ('141/2010','SPA','jmorales',1,2,'0',8537,1,1269558000,522,2,1269813600,0,0,16),
 ('142/2010','SPA','jmorales',1,1,'0',8537,1,1269558000,522,1,1269813600,0,0,17),
 ('143/2010','VIGILANCIA SALUD','eraposo',1,2,'0',5544,1,1269813600,630,3,1270764000,0,0,18),
 ('144/2010','SPA','jarjona',1,2,'0',8197,1,1269813600,747,2,1275343200,0,0,19),
 ('146/2010','SPA','jarjona',4,2,'B33940271',7658,1,1270504800,444,1,1273096800,0,0,21),
 ('147/2010','SPA','jarjona',4,2,'B33940271',7668,3,1270504800,520,2,1273096800,0,0,22),
 ('148/2010','SIESGOR, S.A.','jmorales',1,2,'0',8630,1,1270591200,1278,2,1270591200,0,0,23),
 ('ON5/2010','Master RRHH','psegovia',1,1,'B33921560',8633,1,1271800800,1495,3,1271800800,1,0,24),
 ('ON6/2010','master rrhh','psanchez',2,1,'B33921560',8634,1,1269558000,756,3,1269558000,1,0,25),
 ('ON7/2010','CURSO PRL 50 Horas','psanchez',2,1,'0',8635,1,1269558000,350,3,1269558000,1,0,26),
 ('ON8/2010','CURSO PRL BÁSICO 50 Horas','psanchez',2,1,'0',8635,1,1269558000,350,3,1269558000,1,0,27),
 ('149/2010','FERRETERIA ROJU','jmorales',1,2,'0',8277,1,1270677600,715,2,1270677600,0,0,28),
 ('150/2010','CAYMSA','jmorales',1,2,'0',8263,1,1270677600,236,2,1270677600,0,0,29),
 ('151/2010','HONORIO ROMERO E HIJOS, S.L.','jmorales',1,2,'0',8285,1,1270677600,274,2,1270677600,0,0,30),
 ('152/2010','INTEGRAL DE PLAGAS','jmorales',1,2,'0',8288,1,1270677600,37,2,1270677600,0,0,31),
 ('153/2010','INTEGRAL DE PLAGAS','jmorales',1,2,'0',8288,1,1270677600,387,2,1270677600,0,0,32),
 ('154/2010','SPA','jarjona',4,2,'B33940271',7680,1,1270677600,331,1,1273010400,0,0,33),
 ('155/2010','SPA','jarjona',1,2,'B33940271',7543,1,1270677600,444,2,1273615200,0,0,34),
 ('156/2010','Informe Técnico señalización','eraposo',1,4,'B33940271',7447,1,1270764000,600,2,1271800800,0,0,35),
 ('157/2010','SPA','jarjona',1,2,'B33940271',7660,1,1270764000,520,2,1272924000,0,0,36),
 ('158/2010','SPA','jarjona',1,2,'B33940271',7635,1,1270764000,274,2,1273442400,0,0,37),
 ('159/2010','SPA','jarjona',4,2,'B33940271',7577,3,1270764000,520,2,1273442400,0,0,38),
 ('160/2010','AUTOESCUELA LUNA E HIJOS','jmorales',1,2,'0',8257,1,1271023200,2662,2,1271023200,0,0,39),
 ('161/2010','HUMIC, S.A.','jmorales',1,2,'0',8286,1,1271282400,520,2,1271282400,0,0,40),
 ('ON9/2010','TPC','psegovia',1,1,'B33921560',6229,1,1271628000,54,2,1271628000,1,0,41),
 ('162/2010','TPC','psegovia',1,1,'B33921560',8644,1,1272232800,54,2,1272232800,0,0,42),
 ('ON10/2010','TPC','psegovia',1,1,'B33921560',7148,1,1271282400,54,1,1271282400,1,0,43),
 ('ON11/2010','TPC','psegovia',1,1,'B33921560',8646,1,1271282400,54,3,1272232800,1,0,44),
 ('163/2010','panaderia colorines','jarjona',1,2,'B33940271',7485,1,1271282400,236,2,1274133600,0,0,45),
 ('164/2010','SPA','jarjona',2,2,'B33940271',8783,1,1271282400,246,3,1271368800,0,0,46),
 ('165/2010','PINELO GRAFICOS, S.L.','jmorales',1,2,'0',8302,1,1271455200,378,2,1271455200,0,0,47),
 ('166/2010','DIGAMAX','jmorales',1,2,'0',8786,1,1271628000,217,1,1271628000,0,0,48),
 ('167/2010','SPA','jarjona',4,2,'B33940271',7540,1,1271368800,274,1,1274220000,0,0,49),
 ('168/2010','spa','admin',1,2,'B33940271',8162,1,1271628000,7799,1,1275343200,0,0,50),
 ('169/2010','DELEGADO PREVENCION','jarjona',2,1,'B33921560',7324,1,1271714400,200,3,1271800800,0,0,51),
 ('170/2010','MEDICIONES','jarjona',2,4,'B33940271',7324,1,1271887200,2106,3,1272232800,0,0,52),
 ('171/2010','SPA','jmorales',1,2,'0',8297,1,1272232800,539,2,1298934000,0,0,53),
 ('172/2010','YSNC','jarjona',1,2,'B33940271',7479,1,1272232800,125,2,1274824800,0,0,54),
 ('173/2010','VIGILANCIA SALUD','jarjona',1,5,'0',7479,1,1272232800,390,1,1274824800,0,0,55),
 ('174/2010','YSNC','jarjona',4,2,'B33940271',9009,1,1272232800,125,3,1274824800,0,0,56),
 ('175/2010','SNC/10','jarjona',4,2,'B33940271',7467,1,1272232800,335,2,1274824800,0,0,57),
 ('176/2010','SNC/10','jarjona',4,2,'B33940271',7478,3,1272232800,145,3,1272837600,0,0,58),
 ('177/2010','SNC/10','jarjona',4,2,'B33940271',9010,1,1272232800,145,2,1274824800,0,0,59),
 ('178/2010','SNC/10','jarjona',1,2,'B33940271',7483,1,1272319200,245,2,1274911200,0,0,60),
 ('179/2010','SNC/10','jarjona',1,2,'B33940271',8215,1,1272319200,390,2,1277848800,0,0,61),
 ('180/2010','SNC/10','jarjona',1,2,'B33940271',8131,1,1272405600,270,1,1272578400,0,0,62),
 ('181/2010','SPA','jmorales',1,2,'0',9107,1,1272837600,236,2,1272837600,0,0,63),
 ('182/2010','SPA','jmorales',1,2,'0',9108,1,1272837600,236,2,1272837600,0,0,64),
 ('183/2010','SPA','jmorales',1,2,'0',9109,1,1272837600,236,2,1272837600,0,0,65),
 ('184/2010','SPA','jmorales',1,2,'0',9110,1,1272837600,236,2,1272837600,0,0,66),
 ('185/2010','SPA Bas','jsanchez',2,2,'B33940271',9115,3,1272837600,665,2,1273528800,0,0,67),
 ('186/2010','Vig. Salud','jsanchez',2,5,'B33921560',9115,3,1272837600,405,2,1272837600,0,0,68),
 ('ON12/2010','60 HORAS PRL','psegovia',1,1,'B33921560',8850,1,1273010400,175,3,1273615200,1,0,69),
 ('187/2010','TPC Aula Primaria+Específico','jsanchez',1,1,'B33921560',9146,1,1273010400,2646,2,1274824800,0,0,70),
 ('188/2010','SPA Bas','admin',1,2,'B33940271',9146,1,1273010400,685,2,1274824800,0,0,71),
 ('189/2010','SNC/10','jarjona',1,2,'B33940271',7317,1,1273010400,421,2,1275861600,0,0,72),
 ('190/2010','SNC/10','jarjona',1,2,'B33940271',7328,1,1273010400,310,2,1275861600,0,0,73),
 ('191/2010','SPA','jarjona',1,2,'B33940271',5428,1,1273010400,643,2,1275343200,0,0,74),
 ('192/2010','SPA','jarjona',1,2,'B33940271',5428,1,1273010400,2289,2,1275343200,0,0,75),
 ('193/2010','SNC/10','jarjona',4,2,'B33940271',5442,3,1273010400,270,2,1277416800,0,0,76),
 ('194/2010','SNC/10','jarjona',4,2,'B33940271',8993,3,1273010400,145,2,1275688800,0,0,77),
 ('195/2010','CURSO BASICO PRL 60 H','psegovia',1,1,'B33921560',8633,3,1273096800,3550,2,1274911200,0,0,78),
 ('196/2010','SPA','jarjona',1,2,'B33940271',7349,3,1273096800,964,3,1277935200,0,0,79),
 ('197/2010','SPA','jarjona',1,2,'B33940271',7349,3,1273096800,331,3,1274911200,0,0,80),
 ('198/2010','VIG. SALUD','jsanchez',1,5,'0',8162,3,1273096800,2500,1,1274220000,0,0,81),
 ('199/2010','VIGILANCIA SALUD','jarjona',1,5,'0',9147,3,1273096800,630,2,1275861600,0,0,82),
 ('200/2010','SNC/10','jarjona',1,2,'B33940271',9147,3,1273096800,530,2,1275602400,0,0,83),
 ('201/2010','SPA','jarjona',1,2,'B33940271',9164,3,1273183200,605,1,1274997600,0,0,84),
 ('202/2010','VIGILANCIA SALUD','jarjona',1,5,'0',9147,3,1273096800,630,2,1275861600,0,0,85),
 ('203/2010','SPA','jmorales',1,2,'0',9201,3,1273442400,274,2,1273442400,0,0,86),
 ('204/2010','SNC','jmorales',1,2,'0',9201,3,1273442400,290,2,1273442400,0,0,87),
 ('205/2010','SNC/10','jarjona',4,2,'B33940271',9257,3,1273442400,145,1,1274652000,0,0,88),
 ('206/2010','SNC/10','jarjona',4,2,'B33940271',9259,3,1273442400,145,1,1276120800,0,0,89),
 ('207/2010','SNC/10','jarjona',4,2,'B33940271',9260,3,1273442400,145,2,1276120800,0,0,90),
 ('208/2010','SNC/10','jarjona',1,2,'B33940271',9231,3,1273442400,225,2,1276120800,0,0,91),
 ('209/2010','SPA BASICO','jarjona',4,2,'B33940271',9231,3,1276120800,444,2,1276120800,0,0,92),
 ('210/2010','SNC/10','jarjona',1,2,'B33940271',7462,3,1273442400,225,3,1275343200,0,0,93),
 ('211/2010','SPA BASICO','jarjona',1,2,'B33940271',9222,3,1273528800,520,2,1276207200,0,0,94),
 ('212/2010','SPA BASICO','jarjona',1,2,'B33940271',9040,3,1273528800,595,2,1276207200,0,0,95),
 ('213/2010','SPA BASICO','jarjona',1,2,'B33940271',9236,3,1273528800,520,2,1276207200,0,0,96),
 ('214/2010','SNC/10','jarjona',4,2,'B33940271',7499,3,1273528800,125,2,1276207200,0,0,97),
 ('215/2010','SNC/10','jarjona',1,2,'B33940271',7457,3,1273528800,125,1,1276207200,0,0,98),
 ('216/2010','SPA BASICO','jarjona',1,2,'B33940271',9226,3,1273528800,520,2,1276207200,0,0,99),
 ('218/2010','SPA Plus','jsanchez',1,2,'B33940271',6772,3,1273528800,2772,1,1274911200,0,0,101),
 ('219/2010','VIG. SALUD','jsanchez',1,5,'B21441761',6772,3,1273528800,2835,1,1274997600,0,0,102),
 ('220/2010','SPA BASICO','jarjona',1,2,'B33940271',9187,3,1273615200,1132,3,1283292000,0,0,103),
 ('221/2010','SPA','jmorales',1,2,'0',9307,3,1273615200,444,2,1273615200,0,0,104),
 ('222/2010','SPA','jmorales',1,2,'0',9309,3,1273615200,473,2,1273615200,0,0,105),
 ('223/2010','SNC','jmorales',1,2,'0',9309,3,1273615200,490,2,1273615200,0,0,106),
 ('224/2010','SNC','jmorales',1,2,'0',9308,3,1273615200,250,2,1273615200,0,0,107),
 ('225/2010','SPA','jmorales',1,2,'0',9308,3,1273615200,217,2,1273615200,0,0,108),
 ('226/2010','SPA','jarjona',1,2,'B33940271',9318,3,1273701600,463,2,1288566000,0,0,109),
 ('227/2010','HERMES','eraposo',1,2,'B33940271',9402,3,1274133600,274,2,1275343200,0,0,110),
 ('228/2010','SNC/10','jarjona',1,2,'B33940271',7320,3,1274220000,145,2,1275343200,0,0,111),
 ('229/2010','SNC/10','jarjona',1,2,'B33940271',7320,3,1274220000,145,2,1275343200,0,0,112),
 ('230/2010','SPA BASICO','jarjona',1,2,'B33940271',7370,3,1274220000,331,2,1277416800,0,0,113),
 ('231/2010','SPA BASICO','jarjona',2,2,'B33940271',6229,3,1274220000,3427,2,1277935200,0,0,114),
 ('232/2010','SPA','jarjona',1,2,'B33940271',8644,3,1274220000,387,2,1276812000,0,0,115),
 ('233/2010','SPA BASICO','jarjona',1,2,'B33940271',7327,3,1274392800,520,2,1277848800,0,0,116),
 ('234/2010','SPA BASICO','jarjona',1,2,'B33940271',7265,3,1274652000,444,1,1282687200,0,0,117),
 ('235/2010','SPA BASICO','jarjona',1,2,'B33940271',9403,3,1274652000,236,3,1275256800,0,0,118),
 ('236/2010','SNC/10','jarjona',4,2,'B33940271',9403,3,1274652000,125,3,1275256800,0,0,119),
 ('237/2010','VIGILANCIA SALUD','jarjona',2,5,'B21441761',9231,3,1274738400,195,2,1287957600,0,0,120),
 ('238/2010','SPA BASICO','jarjona',1,2,'B33940271',9404,3,1274997600,331,2,1277416800,0,0,121),
 ('239/2010','Curso TPM 60 h (Madrid)','jsanchez',1,1,'B33921560',8633,3,1276725600,3550,2,1277157600,0,0,122);
/*!40000 ALTER TABLE `ofertas` ENABLE KEYS */;




/*!40000 ALTER TABLE `ofertas_codigos_patch` DISABLE KEYS */;
INSERT INTO `ofertas_codigos_patch` (`id`,`year`,`numero`,`de_oportunidad`) VALUES 
 (1,2010,129,0),
 (2,2009,1,1),
 (3,2010,130,0),
 (4,2010,1,1),
 (5,2010,131,0),
 (6,2010,132,0),
 (7,2010,133,0),
 (8,2010,134,0),
 (9,2010,135,0),
 (10,2010,136,0),
 (11,2010,2,1),
 (12,2010,3,1),
 (13,2010,4,1),
 (14,2010,137,0),
 (15,2010,138,0),
 (16,2010,139,0),
 (17,2010,140,0),
 (18,2010,141,0),
 (19,2010,142,0),
 (20,2010,143,0),
 (21,2010,144,0),
 (22,2010,145,0),
 (23,2010,146,0),
 (24,2010,147,0),
 (25,2010,148,0),
 (26,2010,5,1),
 (27,2010,6,1),
 (28,2010,7,1),
 (29,2010,8,1),
 (30,2010,149,0),
 (31,2010,150,0),
 (32,2010,151,0),
 (33,2010,152,0),
 (34,2010,153,0),
 (35,2010,154,0),
 (36,2010,155,0),
 (37,2010,156,0),
 (38,2010,157,0),
 (39,2010,158,0),
 (40,2010,159,0),
 (41,2010,160,0),
 (42,2010,161,0),
 (43,2010,9,1),
 (44,2010,162,0),
 (45,2010,10,1),
 (46,2010,11,1),
 (47,2010,163,0),
 (48,2010,164,0),
 (49,2010,165,0),
 (50,2010,166,0),
 (51,2010,167,0),
 (52,2010,168,0),
 (53,2010,169,0),
 (54,2010,170,0),
 (55,2010,171,0),
 (56,2010,172,0),
 (57,2010,173,0),
 (58,2010,174,0),
 (59,2010,175,0),
 (60,2010,176,0),
 (61,2010,177,0),
 (62,2010,178,0),
 (63,2010,179,0),
 (64,2010,180,0),
 (65,2010,181,0),
 (66,2010,182,0),
 (67,2010,183,0),
 (68,2010,184,0),
 (69,2010,185,0),
 (70,2010,186,0),
 (71,2010,12,1),
 (72,2010,187,0),
 (73,2010,188,0),
 (74,2010,189,0),
 (75,2010,190,0),
 (76,2010,191,0),
 (77,2010,192,0),
 (78,2010,193,0),
 (79,2010,194,0),
 (80,2010,195,0),
 (81,2010,196,0),
 (82,2010,197,0),
 (83,2010,198,0),
 (84,2010,199,0),
 (85,2010,200,0),
 (86,2010,201,0),
 (87,2010,202,0),
 (88,2010,203,0),
 (89,2010,204,0),
 (90,2010,205,0),
 (91,2010,206,0),
 (92,2010,207,0),
 (93,2010,208,0),
 (94,2010,209,0),
 (95,2010,210,0),
 (96,2010,211,0),
 (97,2010,212,0),
 (98,2010,213,0),
 (99,2010,214,0),
 (100,2010,215,0),
 (101,2010,216,0),
 (102,2010,217,0),
 (103,2010,218,0),
 (104,2010,219,0),
 (105,2010,220,0),
 (106,2010,221,0),
 (107,2010,222,0),
 (108,2010,223,0),
 (109,2010,224,0),
 (110,2010,225,0),
 (111,2010,226,0),
 (112,2010,227,0),
 (113,2010,228,0),
 (114,2010,229,0),
 (115,2010,230,0),
 (116,2010,231,0),
 (117,2010,232,0),
 (118,2010,233,0),
 (119,2010,234,0),
 (120,2010,235,0),
 (121,2010,236,0),
 (122,2010,237,0),
 (123,2010,238,0),
 (124,2010,239,0);
/*!40000 ALTER TABLE `ofertas_codigos_patch` ENABLE KEYS */;

/*!40000 ALTER TABLE `proveedores` DISABLE KEYS */;
INSERT INTO `proveedores` (`NIF`,`razon_social`,`localidad`,`CP`,`web`,`provincia`,`domicilio`) VALUES 
 ('B21441761','AVS, S.L.','Huelva',21002,NULL,'Huelva','C/ Isaac Peral, nº 16'),
 ('B33921560','Servicios Normativos Formación, S.L.U.','Gijón',NULL,'www.infosn.com','Asturias','Plaza Seis de Agosto, nº 6-2º'),
 ('B33940271','Coordinadora de Servicios Preventivos, S.L.','Gijón',NULL,'www.infosn.com','','Plaza Seis de Agosto, nº 6 - 2º');
/*!40000 ALTER TABLE `proveedores` ENABLE KEYS */;

/*!40000 ALTER TABLE `proveedores_rel_contactos` DISABLE KEYS */;
INSERT INTO `proveedores_rel_contactos` (`fk_proveedor`,`fk_contacto`) VALUES 
 ('B21441761',9436);

